-- MySQL dump 10.14  Distrib 5.5.52-MariaDB, for Linux (x86_64)
--
-- Host: localhost    Database: vcl
-- ------------------------------------------------------
-- Server version	5.5.52-MariaDB

/*!40101 SET @OLD_CHARACTER_SET_CLIENT=@@CHARACTER_SET_CLIENT */;
/*!40101 SET @OLD_CHARACTER_SET_RESULTS=@@CHARACTER_SET_RESULTS */;
/*!40101 SET @OLD_COLLATION_CONNECTION=@@COLLATION_CONNECTION */;
/*!40101 SET NAMES utf8 */;
/*!40103 SET @OLD_TIME_ZONE=@@TIME_ZONE */;
/*!40103 SET TIME_ZONE='+00:00' */;
/*!40014 SET @OLD_UNIQUE_CHECKS=@@UNIQUE_CHECKS, UNIQUE_CHECKS=0 */;
/*!40014 SET @OLD_FOREIGN_KEY_CHECKS=@@FOREIGN_KEY_CHECKS, FOREIGN_KEY_CHECKS=0 */;
/*!40101 SET @OLD_SQL_MODE=@@SQL_MODE, SQL_MODE='NO_AUTO_VALUE_ON_ZERO' */;
/*!40111 SET @OLD_SQL_NOTES=@@SQL_NOTES, SQL_NOTES=0 */;

--
-- Table structure for table `IMtype`
--

DROP TABLE IF EXISTS `IMtype`;
/*!40101 SET @saved_cs_client     = @@character_set_client */;
/*!40101 SET character_set_client = utf8 */;
CREATE TABLE `IMtype` (
  `id` tinyint(3) unsigned NOT NULL AUTO_INCREMENT,
  `name` varchar(20) NOT NULL DEFAULT '',
  PRIMARY KEY (`id`),
  UNIQUE KEY `name` (`name`)
) ENGINE=InnoDB AUTO_INCREMENT=3 DEFAULT CHARSET=latin1;
/*!40101 SET character_set_client = @saved_cs_client */;

--
-- Dumping data for table `IMtype`
--

LOCK TABLES `IMtype` WRITE;
/*!40000 ALTER TABLE `IMtype` DISABLE KEYS */;
INSERT INTO `IMtype` VALUES (2,'jabber'),(1,'none');
/*!40000 ALTER TABLE `IMtype` ENABLE KEYS */;
UNLOCK TABLES;

--
-- Table structure for table `OS`
--

DROP TABLE IF EXISTS `OS`;
/*!40101 SET @saved_cs_client     = @@character_set_client */;
/*!40101 SET character_set_client = utf8 */;
CREATE TABLE `OS` (
  `id` tinyint(3) unsigned NOT NULL AUTO_INCREMENT,
  `name` varchar(20) NOT NULL,
  `prettyname` varchar(64) NOT NULL DEFAULT '',
  `type` varchar(30) NOT NULL,
  `installtype` varchar(30) NOT NULL DEFAULT 'image',
  `minram` mediumint(8) unsigned NOT NULL DEFAULT '512',
  `sourcepath` varchar(30) DEFAULT NULL,
  `moduleid` smallint(5) unsigned DEFAULT NULL,
  PRIMARY KEY (`id`),
  UNIQUE KEY `name` (`name`),
  UNIQUE KEY `prettyname` (`prettyname`),
  KEY `type` (`type`),
  KEY `installtype` (`installtype`),
  KEY `moduleid` (`moduleid`),
  CONSTRAINT `OS_ibfk_3` FOREIGN KEY (`moduleid`) REFERENCES `module` (`id`) ON UPDATE CASCADE,
  CONSTRAINT `OS_ibfk_1` FOREIGN KEY (`type`) REFERENCES `OStype` (`name`) ON UPDATE CASCADE,
  CONSTRAINT `OS_ibfk_2` FOREIGN KEY (`installtype`) REFERENCES `OSinstalltype` (`name`) ON UPDATE CASCADE
) ENGINE=InnoDB AUTO_INCREMENT=59 DEFAULT CHARSET=latin1;
/*!40101 SET character_set_client = @saved_cs_client */;

--
-- Dumping data for table `OS`
--

LOCK TABLES `OS` WRITE;
/*!40000 ALTER TABLE `OS` DISABLE KEYS */;
INSERT INTO `OS` VALUES (2,'sun4x_58','Solaris 5.8 (Lab)','unix','none',512,NULL,15),(3,'win2k','Windows 2000 (Bare Metal)','windows','partimage',1024,'image',4),(6,'rhel3','Red Hat Enterprise Linux 3 (Kickstart)','linux','kickstart',512,'rhas3',5),(7,'winxp','Windows XP (Bare Metal)','windows','partimage',1024,'image',12),(8,'realmrhel3','Red Hat Enterprise Linux 3 (Lab)','linux','none',512,NULL,15),(9,'realmrhel4','Red Hat Enterprise Linux 4 (Lab)','linux','none',512,NULL,15),(10,'win2003','Windows 2003 Server (Bare Metal)','windows','partimage',1024,'image',13),(11,'rh3image','Red Hat Enterprise Linux 3 (Bare Metal)','linux','partimage',512,'image',5),(12,'rhel4','Red Hat Enterprise Linux 4 (Kickstart)','linux','kickstart',512,'rhas4',5),(13,'rh4image','Red Hat Enterprise Linux 4 (Bare Metal)','linux','partimage',512,'image',5),(14,'fc5image','Fedora Core 5 (Bare Metal)','linux','partimage',512,'image',5),(15,'rhfc5','Fedora Core 5 (Kickstart)','linux','kickstart',512,'rhfc5',5),(16,'vmwarewinxp','Windows XP (VMware)','windows','vmware',1024,'vmware_images',12),(17,'rhfc7','Fedora Core 7 (Kickstart)','linux','kickstart',512,'rhfc7',5),(18,'fc7image','Fedora Core 7 (Bare Metal)','linux','partimage',512,'image',5),(19,'rhel5','Red Hat Enterprise Linux 5 (Kickstart)','linux','kickstart',1024,'rhas5',5),(20,'esx35','VMware ESX 3.5 (Kickstart)','linux','kickstart',512,'esx35',5),(21,'vmwareesxwinxp','Windows XP (VMware ESX)','windows','vmware',1024,'vmware_images',12),(22,'realmrhel5','Red Hat Enterprise Linux 5 (Lab)','linux','none',1024,NULL,15),(23,'sun4x_510','Solaris 10 (Lab)','unix','none',512,NULL,15),(24,'centos5','CentOS 5 (Kickstart)','linux','kickstart',1024,'centos5',5),(25,'rh5image','Red Hat Enterprise Linux 5 (Bare Metal)','linux','partimage',1024,'image',5),(26,'rhfc9','RedHat Fedora Core 9 (Kickstart)','linux','kickstart',512,'rhfc9',5),(27,'fc9image','Red Hat Fedora Core 9 (Bare Metal)','linux','partimage',512,'image',5),(28,'winvista','Windows Vista (Bare Metal)','windows','partimage',1024,'image',7),(29,'centos5image','CentOS 5 (Bare Metal)','linux','partimage',1024,'image',5),(30,'ubuntuimage','Ubuntu (Bare Metal)','linux','partimage',512,'image',14),(31,'vmwarewin2008','Windows Server 2008 (VMware)','windows','vmware',2048,'vmware_images',16),(32,'win2008','Windows Server 2008 (Bare Metal)','windows','partimage',2048,'image',16),(33,'vmwarewinvista','Windows Vista (VMware)','windows','vmware',1024,'vmware_images',7),(34,'win7','Windows 7 (Bare Metal)','windows','partimage',2048,'image',17),(35,'vmwarewin7','Windows 7 (VMware)','windows','vmware',2048,'vmware_images',17),(36,'vmwarelinux','Generic Linux (VMware)','linux','vmware',512,'vmware_images',5),(37,'vmwarewin2003','Windows 2003 Server (VMware)','windows','vmware',1024,'vmware_images',13),(38,'esxi4.1','VMware ESXi 4.1','linux','kickstart',512,'esxi4.1',25),(39,'vmwareosx','OSX Snow Leopard (VMware)','osx','vmware',512,'vmware_images',26),(40,'rhel6','Red Hat Enterprise 6 (Kickstart)','linux','kickstart',1024,'rhel6',5),(41,'rh6image','Red Hat Enterprise 6 (Bare Metal)','linux','partimage',1024,'image',5),(42,'fedora16','Fedora 16 (Kickstart)','linux','kickstart',512,'fedora16',5),(43,'fedoraimage','Fedora 16 (Bare Metal)','linux','partimage',512,'image',5),(44,'vmwareubuntu','Ubuntu (VMware)','linux','vmware',512,'vmware_images',14),(45,'vmwarewin8','Windows 8.x (VMware)','windows','vmware',2048,'vmware_images',29),(46,'win8','Windows 8.x (Bare Metal)','windows','partimage',2048,'image',29),(47,'vmwarewin2012','Windows Server 2012 (VMware)','windows','vmware',2048,'vmware_images',30),(48,'win2012','Windows Server 2012 (Bare Metal)','windows','partimage',2048,'image',30),(49,'centos6','CentOS 6 (Kickstart)','linux','kickstart',1024,'centos6',5),(50,'centos7','CentOS 7 (Kickstart)','linux','kickstart',1024,'centos7',5),(51,'rhel7','Red Hat Enterprise 7 (Kickstart)','linux','kickstart',1024,'rhel7',5),(52,'centos6image','CentOS 6 (Bare Metal) Image','linux','partimage',1024,'image',5),(53,'centos7image','CentOS 7 (Bare Metal) Image','linux','partimage',1024,'image',5),(54,'rhelimage','Red Hat Based Image','linux','partimage',512,'image',5),(55,'win10','Windows 10.x (Bare Metal)','windows','partimage',2048,'image',34),(56,'vmwarewin10','Windows 10.x (VMware)','windows','vmware',2048,'vmware_images',34),(57,'win2016','Windows Server 2016 (Bare Metal)','windows','partimage',1024,'image',35),(58,'vmwarewin2016','Windows Server 2016 (VMware)','windows','vmware',1024,'vmware_images',35);
/*!40000 ALTER TABLE `OS` ENABLE KEYS */;
UNLOCK TABLES;

--
-- Table structure for table `OSinstalltype`
--

DROP TABLE IF EXISTS `OSinstalltype`;
/*!40101 SET @saved_cs_client     = @@character_set_client */;
/*!40101 SET character_set_client = utf8 */;
CREATE TABLE `OSinstalltype` (
  `id` tinyint(3) unsigned NOT NULL AUTO_INCREMENT,
  `name` varchar(30) NOT NULL,
  PRIMARY KEY (`id`),
  UNIQUE KEY `name` (`name`)
) ENGINE=InnoDB AUTO_INCREMENT=7 DEFAULT CHARSET=latin1;
/*!40101 SET character_set_client = @saved_cs_client */;

--
-- Dumping data for table `OSinstalltype`
--

LOCK TABLES `OSinstalltype` WRITE;
/*!40000 ALTER TABLE `OSinstalltype` DISABLE KEYS */;
INSERT INTO `OSinstalltype` VALUES (2,'kickstart'),(3,'none'),(6,'openstack'),(1,'partimage'),(5,'vbox'),(4,'vmware');
/*!40000 ALTER TABLE `OSinstalltype` ENABLE KEYS */;
UNLOCK TABLES;

--
-- Table structure for table `OStype`
--

DROP TABLE IF EXISTS `OStype`;
/*!40101 SET @saved_cs_client     = @@character_set_client */;
/*!40101 SET character_set_client = utf8 */;
CREATE TABLE `OStype` (
  `id` tinyint(3) unsigned NOT NULL AUTO_INCREMENT,
  `name` varchar(30) NOT NULL,
  PRIMARY KEY (`id`),
  UNIQUE KEY `name` (`name`)
) ENGINE=InnoDB AUTO_INCREMENT=5 DEFAULT CHARSET=latin1;
/*!40101 SET character_set_client = @saved_cs_client */;

--
-- Dumping data for table `OStype`
--

LOCK TABLES `OStype` WRITE;
/*!40000 ALTER TABLE `OStype` DISABLE KEYS */;
INSERT INTO `OStype` VALUES (2,'linux'),(4,'osx'),(3,'unix'),(1,'windows');
/*!40000 ALTER TABLE `OStype` ENABLE KEYS */;
UNLOCK TABLES;

--
-- Table structure for table `addomain`
--

DROP TABLE IF EXISTS `addomain`;
/*!40101 SET @saved_cs_client     = @@character_set_client */;
/*!40101 SET character_set_client = utf8 */;
CREATE TABLE `addomain` (
  `id` tinyint(3) unsigned NOT NULL AUTO_INCREMENT,
  `ownerid` mediumint(8) unsigned NOT NULL,
  `name` varchar(30) NOT NULL DEFAULT '',
  `domainDNSName` varchar(70) NOT NULL DEFAULT '',
  `dnsServers` varchar(512) DEFAULT NULL,
  `username` varchar(64) NOT NULL DEFAULT '',
  `password` varchar(256) NOT NULL DEFAULT '',
  `secretid` smallint(5) unsigned NOT NULL,
  PRIMARY KEY (`id`),
  UNIQUE KEY `domainDNSName` (`domainDNSName`),
  KEY `secretid` (`secretid`)
) ENGINE=InnoDB DEFAULT CHARSET=latin1;
/*!40101 SET character_set_client = @saved_cs_client */;

--
-- Dumping data for table `addomain`
--

LOCK TABLES `addomain` WRITE;
/*!40000 ALTER TABLE `addomain` DISABLE KEYS */;
/*!40000 ALTER TABLE `addomain` ENABLE KEYS */;
UNLOCK TABLES;

--
-- Table structure for table `adminlevel`
--

DROP TABLE IF EXISTS `adminlevel`;
/*!40101 SET @saved_cs_client     = @@character_set_client */;
/*!40101 SET character_set_client = utf8 */;
CREATE TABLE `adminlevel` (
  `id` tinyint(3) unsigned NOT NULL AUTO_INCREMENT,
  `name` varchar(10) NOT NULL DEFAULT '',
  PRIMARY KEY (`id`),
  UNIQUE KEY `name` (`name`)
) ENGINE=InnoDB AUTO_INCREMENT=4 DEFAULT CHARSET=latin1;
/*!40101 SET character_set_client = @saved_cs_client */;

--
-- Dumping data for table `adminlevel`
--

LOCK TABLES `adminlevel` WRITE;
/*!40000 ALTER TABLE `adminlevel` DISABLE KEYS */;
INSERT INTO `adminlevel` VALUES (3,'developer'),(2,'full'),(1,'none');
/*!40000 ALTER TABLE `adminlevel` ENABLE KEYS */;
UNLOCK TABLES;

--
-- Table structure for table `affiliation`
--

DROP TABLE IF EXISTS `affiliation`;
/*!40101 SET @saved_cs_client     = @@character_set_client */;
/*!40101 SET character_set_client = utf8 */;
CREATE TABLE `affiliation` (
  `id` mediumint(8) unsigned NOT NULL AUTO_INCREMENT,
  `name` varchar(40) NOT NULL,
  `shibname` varchar(60) DEFAULT NULL,
  `dataUpdateText` text NOT NULL,
  `sitewwwaddress` varchar(128) DEFAULT NULL,
  `helpaddress` varchar(32) DEFAULT NULL,
  `shibonly` tinyint(1) unsigned NOT NULL DEFAULT '0',
  `theme` varchar(50) DEFAULT NULL,
  PRIMARY KEY (`id`),
  UNIQUE KEY `name` (`name`)
) ENGINE=InnoDB AUTO_INCREMENT=3 DEFAULT CHARSET=latin1;
/*!40101 SET character_set_client = @saved_cs_client */;

--
-- Dumping data for table `affiliation`
--

LOCK TABLES `affiliation` WRITE;
/*!40000 ALTER TABLE `affiliation` DISABLE KEYS */;
INSERT INTO `affiliation` VALUES (1,'Local',NULL,'',NULL,NULL,0,NULL),(2,'Global',NULL,'',NULL,NULL,0,'dropdownmenus');
/*!40000 ALTER TABLE `affiliation` ENABLE KEYS */;
UNLOCK TABLES;

--
-- Table structure for table `blockComputers`
--

DROP TABLE IF EXISTS `blockComputers`;
/*!40101 SET @saved_cs_client     = @@character_set_client */;
/*!40101 SET character_set_client = utf8 */;
CREATE TABLE `blockComputers` (
  `blockTimeid` mediumint(8) unsigned NOT NULL DEFAULT '0',
  `computerid` smallint(5) unsigned NOT NULL DEFAULT '0',
  `imageid` smallint(5) unsigned NOT NULL DEFAULT '0',
  `reloadrequestid` mediumint(8) unsigned NOT NULL DEFAULT '0',
  PRIMARY KEY (`blockTimeid`,`computerid`),
  KEY `computerid` (`computerid`),
  KEY `imageid` (`imageid`),
  CONSTRAINT `blockComputers_ibfk_3` FOREIGN KEY (`imageid`) REFERENCES `image` (`id`),
  CONSTRAINT `blockComputers_ibfk_1` FOREIGN KEY (`blockTimeid`) REFERENCES `blockTimes` (`id`) ON DELETE CASCADE ON UPDATE CASCADE,
  CONSTRAINT `blockComputers_ibfk_2` FOREIGN KEY (`computerid`) REFERENCES `computer` (`id`)
) ENGINE=InnoDB DEFAULT CHARSET=latin1;
/*!40101 SET character_set_client = @saved_cs_client */;

--
-- Dumping data for table `blockComputers`
--

LOCK TABLES `blockComputers` WRITE;
/*!40000 ALTER TABLE `blockComputers` DISABLE KEYS */;
/*!40000 ALTER TABLE `blockComputers` ENABLE KEYS */;
UNLOCK TABLES;

--
-- Table structure for table `blockRequest`
--

DROP TABLE IF EXISTS `blockRequest`;
/*!40101 SET @saved_cs_client     = @@character_set_client */;
/*!40101 SET character_set_client = utf8 */;
CREATE TABLE `blockRequest` (
  `id` mediumint(8) unsigned NOT NULL AUTO_INCREMENT,
  `name` varchar(80) NOT NULL,
  `imageid` smallint(5) unsigned NOT NULL,
  `numMachines` tinyint(3) unsigned NOT NULL,
  `groupid` smallint(5) unsigned DEFAULT NULL,
  `repeating` enum('weekly','monthly','list') NOT NULL DEFAULT 'weekly',
  `ownerid` mediumint(8) unsigned NOT NULL,
  `managementnodeid` smallint(5) unsigned DEFAULT NULL,
  `expireTime` datetime NOT NULL,
  `processing` tinyint(1) unsigned NOT NULL,
  `status` enum('requested','accepted','completed','rejected','deleted') NOT NULL DEFAULT 'accepted',
  `comments` text,
  PRIMARY KEY (`id`),
  KEY `imageid` (`imageid`),
  KEY `groupid` (`groupid`),
  KEY `ownerid` (`ownerid`),
  KEY `managementnodeid` (`managementnodeid`),
  CONSTRAINT `blockRequest_ibfk_4` FOREIGN KEY (`managementnodeid`) REFERENCES `managementnode` (`id`),
  CONSTRAINT `blockRequest_ibfk_1` FOREIGN KEY (`imageid`) REFERENCES `image` (`id`),
  CONSTRAINT `blockRequest_ibfk_2` FOREIGN KEY (`groupid`) REFERENCES `usergroup` (`id`) ON DELETE SET NULL ON UPDATE CASCADE,
  CONSTRAINT `blockRequest_ibfk_3` FOREIGN KEY (`ownerid`) REFERENCES `user` (`id`) ON UPDATE CASCADE
) ENGINE=InnoDB DEFAULT CHARSET=latin1;
/*!40101 SET character_set_client = @saved_cs_client */;

--
-- Dumping data for table `blockRequest`
--

LOCK TABLES `blockRequest` WRITE;
/*!40000 ALTER TABLE `blockRequest` DISABLE KEYS */;
/*!40000 ALTER TABLE `blockRequest` ENABLE KEYS */;
UNLOCK TABLES;

--
-- Table structure for table `blockTimes`
--

DROP TABLE IF EXISTS `blockTimes`;
/*!40101 SET @saved_cs_client     = @@character_set_client */;
/*!40101 SET character_set_client = utf8 */;
CREATE TABLE `blockTimes` (
  `id` mediumint(8) unsigned NOT NULL AUTO_INCREMENT,
  `blockRequestid` mediumint(8) unsigned NOT NULL,
  `start` datetime NOT NULL,
  `end` datetime NOT NULL,
  `processed` tinyint(1) unsigned NOT NULL DEFAULT '0',
  `skip` tinyint(1) unsigned NOT NULL DEFAULT '0',
  PRIMARY KEY (`id`),
  KEY `start` (`start`),
  KEY `end` (`end`),
  KEY `blockRequestid` (`blockRequestid`),
  CONSTRAINT `blockTimes_ibfk_1` FOREIGN KEY (`blockRequestid`) REFERENCES `blockRequest` (`id`) ON DELETE CASCADE ON UPDATE CASCADE
) ENGINE=InnoDB DEFAULT CHARSET=latin1;
/*!40101 SET character_set_client = @saved_cs_client */;

--
-- Dumping data for table `blockTimes`
--

LOCK TABLES `blockTimes` WRITE;
/*!40000 ALTER TABLE `blockTimes` DISABLE KEYS */;
/*!40000 ALTER TABLE `blockTimes` ENABLE KEYS */;
UNLOCK TABLES;

--
-- Table structure for table `blockWebDate`
--

DROP TABLE IF EXISTS `blockWebDate`;
/*!40101 SET @saved_cs_client     = @@character_set_client */;
/*!40101 SET character_set_client = utf8 */;
CREATE TABLE `blockWebDate` (
  `blockRequestid` mediumint(8) unsigned NOT NULL,
  `start` date NOT NULL,
  `end` date NOT NULL,
  `days` tinyint(3) unsigned DEFAULT NULL,
  `weeknum` tinyint(1) unsigned DEFAULT NULL,
  KEY `blockRequestid` (`blockRequestid`),
  CONSTRAINT `blockWebDate_ibfk_1` FOREIGN KEY (`blockRequestid`) REFERENCES `blockRequest` (`id`) ON DELETE CASCADE ON UPDATE CASCADE
) ENGINE=InnoDB DEFAULT CHARSET=latin1;
/*!40101 SET character_set_client = @saved_cs_client */;

--
-- Dumping data for table `blockWebDate`
--

LOCK TABLES `blockWebDate` WRITE;
/*!40000 ALTER TABLE `blockWebDate` DISABLE KEYS */;
/*!40000 ALTER TABLE `blockWebDate` ENABLE KEYS */;
UNLOCK TABLES;

--
-- Table structure for table `blockWebTime`
--

DROP TABLE IF EXISTS `blockWebTime`;
/*!40101 SET @saved_cs_client     = @@character_set_client */;
/*!40101 SET character_set_client = utf8 */;
CREATE TABLE `blockWebTime` (
  `blockRequestid` mediumint(8) unsigned NOT NULL,
  `starthour` tinyint(2) unsigned NOT NULL,
  `startminute` tinyint(2) unsigned NOT NULL,
  `startmeridian` enum('am','pm') NOT NULL,
  `endhour` tinyint(2) unsigned NOT NULL,
  `endminute` tinyint(2) unsigned NOT NULL,
  `endmeridian` enum('am','pm') NOT NULL,
  `order` tinyint(3) unsigned NOT NULL,
  KEY `blockRequestid` (`blockRequestid`),
  CONSTRAINT `blockWebTime_ibfk_1` FOREIGN KEY (`blockRequestid`) REFERENCES `blockRequest` (`id`) ON DELETE CASCADE ON UPDATE CASCADE
) ENGINE=InnoDB DEFAULT CHARSET=latin1;
/*!40101 SET character_set_client = @saved_cs_client */;

--
-- Dumping data for table `blockWebTime`
--

LOCK TABLES `blockWebTime` WRITE;
/*!40000 ALTER TABLE `blockWebTime` DISABLE KEYS */;
/*!40000 ALTER TABLE `blockWebTime` ENABLE KEYS */;
UNLOCK TABLES;

--
-- Table structure for table `changelog`
--

DROP TABLE IF EXISTS `changelog`;
/*!40101 SET @saved_cs_client     = @@character_set_client */;
/*!40101 SET character_set_client = utf8 */;
CREATE TABLE `changelog` (
  `id` int(10) unsigned NOT NULL AUTO_INCREMENT,
  `logid` int(10) unsigned NOT NULL DEFAULT '0',
  `userid` mediumint(8) unsigned DEFAULT NULL,
  `reservationid` mediumint(8) unsigned DEFAULT NULL,
  `start` datetime DEFAULT NULL,
  `end` datetime DEFAULT NULL,
  `computerid` smallint(5) unsigned DEFAULT NULL,
  `remoteIP` varchar(15) DEFAULT NULL,
  `wasavailable` tinyint(1) unsigned DEFAULT NULL,
  `timestamp` datetime NOT NULL DEFAULT '0000-00-00 00:00:00',
  `other` varchar(255) DEFAULT NULL,
  PRIMARY KEY (`id`),
  UNIQUE KEY `reservation_user_remoteIP` (`userid`,`reservationid`,`remoteIP`),
  KEY `logid` (`logid`),
  KEY `userid` (`userid`),
  KEY `reservationid` (`reservationid`),
  KEY `computerid` (`computerid`),
  CONSTRAINT `changelog_ibfk_3` FOREIGN KEY (`computerid`) REFERENCES `computer` (`id`),
  CONSTRAINT `changelog_ibfk_1` FOREIGN KEY (`logid`) REFERENCES `log` (`id`) ON UPDATE CASCADE,
  CONSTRAINT `changelog_ibfk_2` FOREIGN KEY (`userid`) REFERENCES `user` (`id`) ON UPDATE CASCADE
) ENGINE=InnoDB AUTO_INCREMENT=15 DEFAULT CHARSET=latin1;
/*!40101 SET character_set_client = @saved_cs_client */;

--
-- Dumping data for table `changelog`
--

LOCK TABLES `changelog` WRITE;
/*!40000 ALTER TABLE `changelog` DISABLE KEYS */;
INSERT INTO `changelog` VALUES (1,1,NULL,NULL,'2017-11-30 14:36:43','2017-11-30 15:45:00',NULL,NULL,NULL,'2017-11-30 14:36:43',NULL),(2,2,NULL,NULL,'2017-12-05 09:56:28','2017-12-05 10:45:00',NULL,NULL,NULL,'2017-12-05 09:56:28',NULL),(3,3,NULL,NULL,'2017-12-05 10:13:02','2017-12-05 11:15:00',NULL,NULL,NULL,'2017-12-05 10:13:02',NULL),(4,4,NULL,NULL,'2017-12-05 10:23:53','2017-12-05 11:30:00',NULL,NULL,NULL,'2017-12-05 10:23:53',NULL),(5,5,NULL,NULL,'2017-12-05 10:25:48','2017-12-05 11:30:00',NULL,NULL,NULL,'2017-12-05 10:25:48',NULL),(6,6,NULL,NULL,'2017-12-05 10:55:52','2017-12-05 12:00:00',NULL,NULL,NULL,'2017-12-05 10:55:52',NULL),(7,7,NULL,NULL,'2017-12-08 11:10:49','2017-12-08 12:15:00',NULL,NULL,NULL,'2017-12-08 11:10:49',NULL),(8,8,NULL,NULL,'2017-12-08 11:13:58','2017-12-08 12:15:00',NULL,NULL,NULL,'2017-12-08 11:13:58',NULL),(9,10,NULL,NULL,'2017-12-12 13:36:53','2017-12-12 14:45:00',NULL,NULL,NULL,'2017-12-12 13:36:53',NULL),(10,11,NULL,NULL,'2017-12-12 13:39:04','2017-12-31 12:30:00',NULL,NULL,NULL,'2017-12-12 13:39:04',NULL),(11,12,NULL,NULL,'2017-12-12 14:01:35','2017-12-31 12:30:00',NULL,NULL,NULL,'2017-12-12 14:01:35',NULL),(12,13,NULL,NULL,'2017-12-12 14:01:50','2017-12-31 12:30:00',NULL,NULL,NULL,'2017-12-12 14:01:50',NULL),(13,14,NULL,NULL,'2017-12-13 11:09:26','2017-12-31 12:30:00',NULL,NULL,NULL,'2017-12-13 11:09:26',NULL),(14,15,NULL,NULL,'2017-12-13 11:09:45','2017-12-31 12:30:00',NULL,NULL,NULL,'2017-12-13 11:09:45',NULL);
/*!40000 ALTER TABLE `changelog` ENABLE KEYS */;
UNLOCK TABLES;

--
-- Table structure for table `clickThroughs`
--

DROP TABLE IF EXISTS `clickThroughs`;
/*!40101 SET @saved_cs_client     = @@character_set_client */;
/*!40101 SET character_set_client = utf8 */;
CREATE TABLE `clickThroughs` (
  `userid` mediumint(8) unsigned NOT NULL DEFAULT '0',
  `imageid` smallint(5) unsigned NOT NULL DEFAULT '0',
  `imagerevisionid` mediumint(8) unsigned DEFAULT NULL,
  `accepted` datetime NOT NULL DEFAULT '0000-00-00 00:00:00',
  `agreement` text NOT NULL,
  KEY `userid` (`userid`),
  KEY `imagerevisionid` (`imagerevisionid`),
  KEY `imageid` (`imageid`),
  CONSTRAINT `clickThroughs_ibfk_3` FOREIGN KEY (`imagerevisionid`) REFERENCES `imagerevision` (`id`) ON UPDATE CASCADE,
  CONSTRAINT `clickThroughs_ibfk_1` FOREIGN KEY (`userid`) REFERENCES `user` (`id`) ON UPDATE CASCADE,
  CONSTRAINT `clickThroughs_ibfk_2` FOREIGN KEY (`imageid`) REFERENCES `image` (`id`)
) ENGINE=InnoDB DEFAULT CHARSET=latin1;
/*!40101 SET character_set_client = @saved_cs_client */;

--
-- Dumping data for table `clickThroughs`
--

LOCK TABLES `clickThroughs` WRITE;
/*!40000 ALTER TABLE `clickThroughs` DISABLE KEYS */;
/*!40000 ALTER TABLE `clickThroughs` ENABLE KEYS */;
UNLOCK TABLES;

--
-- Table structure for table `computer`
--

DROP TABLE IF EXISTS `computer`;
/*!40101 SET @saved_cs_client     = @@character_set_client */;
/*!40101 SET character_set_client = utf8 */;
CREATE TABLE `computer` (
  `id` smallint(5) unsigned NOT NULL AUTO_INCREMENT,
  `stateid` tinyint(5) unsigned NOT NULL DEFAULT '10',
  `ownerid` mediumint(8) unsigned DEFAULT '1',
  `platformid` tinyint(3) unsigned NOT NULL DEFAULT '1',
  `scheduleid` tinyint(3) unsigned DEFAULT NULL,
  `vmhostid` smallint(5) unsigned DEFAULT NULL,
  `currentimageid` smallint(5) unsigned NOT NULL DEFAULT '1',
  `nextimageid` smallint(5) unsigned NOT NULL DEFAULT '1',
  `imagerevisionid` mediumint(8) unsigned NOT NULL DEFAULT '1',
  `RAM` mediumint(8) unsigned NOT NULL DEFAULT '0',
  `procnumber` tinyint(5) unsigned NOT NULL DEFAULT '1',
  `procspeed` smallint(5) unsigned NOT NULL DEFAULT '0',
  `network` smallint(5) unsigned NOT NULL DEFAULT '100',
  `hostname` varchar(36) NOT NULL DEFAULT '',
  `IPaddress` varchar(15) NOT NULL DEFAULT '',
  `privateIPaddress` varchar(15) DEFAULT NULL,
  `eth0macaddress` varchar(17) DEFAULT NULL,
  `eth1macaddress` varchar(17) DEFAULT NULL,
  `type` enum('blade','lab','virtualmachine') NOT NULL DEFAULT 'blade',
  `provisioningid` smallint(5) unsigned NOT NULL,
  `drivetype` varchar(4) NOT NULL DEFAULT 'hda',
  `deleted` tinyint(1) unsigned NOT NULL DEFAULT '0',
  `datedeleted` datetime NOT NULL DEFAULT '0000-00-00 00:00:00',
  `notes` text,
  `lastcheck` datetime DEFAULT NULL,
  `location` varchar(255) DEFAULT NULL,
  `dsa` mediumtext,
  `dsapub` mediumtext,
  `rsa` mediumtext,
  `rsapub` mediumtext,
  `host` blob,
  `hostpub` mediumtext,
  `vmtypeid` tinyint(3) unsigned DEFAULT NULL,
  `predictivemoduleid` smallint(5) unsigned NOT NULL DEFAULT '9',
  PRIMARY KEY (`id`),
  UNIQUE KEY `hostname` (`hostname`,`datedeleted`),
  UNIQUE KEY `eth1macaddress` (`eth1macaddress`,`datedeleted`),
  UNIQUE KEY `eth0macaddress` (`eth0macaddress`,`datedeleted`),
  KEY `ownerid` (`ownerid`),
  KEY `stateid` (`stateid`),
  KEY `platformid` (`platformid`),
  KEY `scheduleid` (`scheduleid`),
  KEY `currentimageid` (`currentimageid`),
  KEY `predictivemoduleid` (`predictivemoduleid`),
  KEY `type` (`type`),
  KEY `vmhostid` (`vmhostid`),
  KEY `vmtypeid` (`vmtypeid`),
  KEY `deleted` (`deleted`),
  KEY `nextimageid` (`nextimageid`),
  KEY `provisioningid` (`provisioningid`),
  KEY `imagerevisionid` (`imagerevisionid`),
  CONSTRAINT `computer_ibfk_1` FOREIGN KEY (`vmhostid`) REFERENCES `vmhost` (`id`) ON DELETE SET NULL ON UPDATE CASCADE,
  CONSTRAINT `computer_ibfk_10` FOREIGN KEY (`predictivemoduleid`) REFERENCES `module` (`id`) ON UPDATE CASCADE,
  CONSTRAINT `computer_ibfk_2` FOREIGN KEY (`ownerid`) REFERENCES `user` (`id`) ON UPDATE CASCADE,
  CONSTRAINT `computer_ibfk_3` FOREIGN KEY (`scheduleid`) REFERENCES `schedule` (`id`) ON DELETE SET NULL,
  CONSTRAINT `computer_ibfk_4` FOREIGN KEY (`stateid`) REFERENCES `state` (`id`) ON UPDATE CASCADE,
  CONSTRAINT `computer_ibfk_5` FOREIGN KEY (`platformid`) REFERENCES `platform` (`id`) ON UPDATE CASCADE,
  CONSTRAINT `computer_ibfk_6` FOREIGN KEY (`currentimageid`) REFERENCES `image` (`id`),
  CONSTRAINT `computer_ibfk_7` FOREIGN KEY (`provisioningid`) REFERENCES `provisioning` (`id`) ON UPDATE CASCADE,
  CONSTRAINT `computer_ibfk_8` FOREIGN KEY (`imagerevisionid`) REFERENCES `imagerevision` (`id`) ON UPDATE CASCADE,
  CONSTRAINT `computer_ibfk_9` FOREIGN KEY (`nextimageid`) REFERENCES `image` (`id`)
) ENGINE=InnoDB AUTO_INCREMENT=7 DEFAULT CHARSET=latin1;
/*!40101 SET character_set_client = @saved_cs_client */;

--
-- Dumping data for table `computer`
--

LOCK TABLES `computer` WRITE;
/*!40000 ALTER TABLE `computer` DISABLE KEYS */;
INSERT INTO `computer` VALUES (1,20,1,1,1,NULL,1,1,1,64000,20,3000,1000,'Host1','10.10.10.1','10.10.11.1','20:22:78:33:01:02','20:22:78:33:01:01','blade',10,'hda',0,'0000-00-00 00:00:00',NULL,NULL,'',NULL,NULL,NULL,NULL,NULL,NULL,NULL,31),(2,5,1,1,1,1,1,1,1,4096,4,3000,1000,'TestComputer1','10.10.11.11','10.10.22.1','20:22:78:33:02:01','20:22:78:33:02:02','virtualmachine',7,'hda',0,'0000-00-00 00:00:00',NULL,NULL,'',NULL,NULL,NULL,NULL,NULL,NULL,NULL,31),(3,5,1,1,1,1,1,1,1,4096,4,3000,1000,'TestComputer2','10.10.11.12','10.10.22.2','20:22:78:33:02:03','20:22:78:33:02:04','virtualmachine',7,'hda',0,'0000-00-00 00:00:00',NULL,NULL,'',NULL,NULL,NULL,NULL,NULL,NULL,NULL,31),(4,5,1,1,1,1,1,1,1,4096,4,3000,1000,'TestComputer3','10.10.11.13','10.10.22.3','20:22:78:33:02:05','20:22:78:33:02:06','virtualmachine',7,'hda',0,'0000-00-00 00:00:00',NULL,NULL,'',NULL,NULL,NULL,NULL,NULL,NULL,NULL,31),(5,5,1,1,1,1,1,1,1,4096,4,3000,1000,'TestComputer4','10.10.11.14','10.10.22.4','20:22:78:33:02:07','20:22:78:33:02:08','virtualmachine',7,'hda',0,'0000-00-00 00:00:00',NULL,NULL,'',NULL,NULL,NULL,NULL,NULL,NULL,NULL,31),(6,2,1,1,1,1,1,1,1,4096,4,3000,1000,'TestComputer5','10.10.11.15','10.10.22.5','20:22:78:33:02:09','20:22:78:33:02:0a','virtualmachine',7,'hda',0,'0000-00-00 00:00:00',NULL,NULL,'',NULL,NULL,NULL,NULL,NULL,NULL,NULL,31);
/*!40000 ALTER TABLE `computer` ENABLE KEYS */;
UNLOCK TABLES;

--
-- Table structure for table `computerloadflow`
--

DROP TABLE IF EXISTS `computerloadflow`;
/*!40101 SET @saved_cs_client     = @@character_set_client */;
/*!40101 SET character_set_client = utf8 */;
CREATE TABLE `computerloadflow` (
  `computerloadstateid` smallint(8) unsigned NOT NULL,
  `nextstateid` smallint(8) unsigned DEFAULT NULL,
  `type` enum('blade','lab','virtualmachine') DEFAULT NULL,
  KEY `computerloadstateid` (`computerloadstateid`),
  KEY `nextstateid` (`nextstateid`),
  KEY `type` (`type`),
  CONSTRAINT `computerloadflow_ibfk_2` FOREIGN KEY (`nextstateid`) REFERENCES `computerloadstate` (`id`) ON UPDATE CASCADE,
  CONSTRAINT `computerloadflow_ibfk_1` FOREIGN KEY (`computerloadstateid`) REFERENCES `computerloadstate` (`id`) ON UPDATE CASCADE
) ENGINE=InnoDB DEFAULT CHARSET=latin1;
/*!40101 SET character_set_client = @saved_cs_client */;

--
-- Dumping data for table `computerloadflow`
--

LOCK TABLES `computerloadflow` WRITE;
/*!40000 ALTER TABLE `computerloadflow` DISABLE KEYS */;
INSERT INTO `computerloadflow` VALUES (4,22,'blade'),(22,55,'blade'),(55,6,'blade'),(6,15,'blade'),(15,21,'blade'),(21,12,'blade'),(12,41,'blade'),(41,9,'blade'),(9,38,'blade'),(38,36,'blade'),(36,18,'blade'),(18,NULL,'blade'),(4,22,'virtualmachine'),(22,55,'virtualmachine'),(55,35,'virtualmachine'),(35,25,'virtualmachine'),(25,26,'virtualmachine'),(26,43,'virtualmachine'),(43,41,'virtualmachine'),(41,9,'virtualmachine'),(9,38,'virtualmachine'),(38,36,'virtualmachine'),(36,18,'virtualmachine'),(18,NULL,'virtualmachine');
/*!40000 ALTER TABLE `computerloadflow` ENABLE KEYS */;
UNLOCK TABLES;

--
-- Table structure for table `computerloadlog`
--

DROP TABLE IF EXISTS `computerloadlog`;
/*!40101 SET @saved_cs_client     = @@character_set_client */;
/*!40101 SET character_set_client = utf8 */;
CREATE TABLE `computerloadlog` (
  `id` int(12) unsigned NOT NULL AUTO_INCREMENT,
  `reservationid` mediumint(8) unsigned NOT NULL,
  `computerid` smallint(8) unsigned NOT NULL,
  `loadstateid` smallint(8) unsigned NOT NULL,
  `timestamp` datetime DEFAULT NULL,
  `additionalinfo` text,
  PRIMARY KEY (`id`),
  KEY `reservationid` (`reservationid`),
  KEY `loadstateid` (`loadstateid`),
  KEY `computerid` (`computerid`),
  CONSTRAINT `computerloadlog_ibfk_3` FOREIGN KEY (`computerid`) REFERENCES `computer` (`id`),
  CONSTRAINT `computerloadlog_ibfk_1` FOREIGN KEY (`reservationid`) REFERENCES `reservation` (`id`) ON DELETE CASCADE,
  CONSTRAINT `computerloadlog_ibfk_2` FOREIGN KEY (`loadstateid`) REFERENCES `computerloadstate` (`id`) ON UPDATE CASCADE
) ENGINE=InnoDB AUTO_INCREMENT=43 DEFAULT CHARSET=latin1;
/*!40101 SET character_set_client = @saved_cs_client */;

--
-- Dumping data for table `computerloadlog`
--

LOCK TABLES `computerloadlog` WRITE;
/*!40000 ALTER TABLE `computerloadlog` DISABLE KEYS */;
INSERT INTO `computerloadlog` VALUES (41,14,5,11,'2017-12-13 11:09:49','failed to create provisioning object'),(42,14,5,50,'2017-12-13 11:09:49','vcld process exiting');
/*!40000 ALTER TABLE `computerloadlog` ENABLE KEYS */;
UNLOCK TABLES;

--
-- Table structure for table `computerloadstate`
--

DROP TABLE IF EXISTS `computerloadstate`;
/*!40101 SET @saved_cs_client     = @@character_set_client */;
/*!40101 SET character_set_client = utf8 */;
CREATE TABLE `computerloadstate` (
  `id` smallint(8) unsigned NOT NULL AUTO_INCREMENT,
  `loadstatename` varchar(24) NOT NULL,
  `prettyname` varchar(50) DEFAULT NULL,
  `est` tinyint(2) unsigned DEFAULT NULL,
  PRIMARY KEY (`id`),
  UNIQUE KEY `loadstatename` (`loadstatename`)
) ENGINE=InnoDB AUTO_INCREMENT=57 DEFAULT CHARSET=latin1;
/*!40101 SET character_set_client = @saved_cs_client */;

--
-- Dumping data for table `computerloadstate`
--

LOCK TABLES `computerloadstate` WRITE;
/*!40000 ALTER TABLE `computerloadstate` DISABLE KEYS */;
INSERT INTO `computerloadstate` VALUES (1,'info','info',2),(2,'loadimageblade','must reload computer',0),(3,'loadimagevmware','loadimagevmware',1),(4,'statuscheck','computer status check',10),(5,'assign2project','changing VLAN setting ',0),(6,'rinstall','starting install process',1),(7,'dynamicDHCPaddress','detecting dynamic IP address',2),(8,'staticIPaddress','setting static IP address',2),(9,'loadimagecomplete','running post configuration',0),(10,'loadimagefailed','preparing computer failed',2),(11,'failed','reservation failed',2),(12,'bootstate','image loading',175),(13,'editnodetype','edit config file to load requested image',1),(14,'xcatstage1','detected dhcp request from node',2),(15,'xcatstage2','rebooting node for reinstall',100),(16,'WARNING','WARNING',2),(17,'xcatREADY','computer reported READY starting post configs',2),(18,'reserved','ready for Connect',0),(19,'xcatstage3','node starting to received install instructions',93),(20,'xcatstage4','node received install instructions',0),(21,'xcatstage5','starting reload process',27),(22,'doesimageexists','confirming image exists locally',4),(23,'vmround1','vmround1',1),(24,'vmround2','vmround2',186),(25,'transfervm','transferring image files to host server',255),(26,'vmsetupconfig','creating configuration file',2),(27,'vmstage1','detected stage 1 of 5 loading process',22),(28,'vmstage2','detected stage 2 of 5 loading process',120),(29,'vmstage3','detected stage 3 of 4 loading process',0),(30,'xcatround2','waiting for image loading to complete',0),(31,'xcatround3','loaded - start post configuration',0),(32,'xcatround1','xcatround1',2),(33,'timeout','timeout',2),(34,'vmwareready','machine online',3),(35,'startload','starting load process',6),(36,'addinguser','adding user account',18),(37,'connected','detected user connection',2),(38,'nodeready','resource ready',0),(39,'inuseend10','10 minute warning ',2),(40,'inuseend5','5 minute warning',2),(41,'machinebooted','machine booting',68),(42,'checklabstatus','checking computer status',2),(43,'startvm','starting virtual machine',3),(44,'vmstage5','detected stage 5 of 5 loading process',1),(45,'vmconfigcopy','copying vm config file',NULL),(46,'imageloadcomplete','node ready to add user',0),(47,'repeat','repeat',0),(48,'deleted','deleted',NULL),(49,'begin','beginning to process reservation',0),(50,'exited','vcld process exited',0),(51,'acknowledgetimeout','start acknowledge timeout',0),(52,'noinitialconnection','initial user connection not detected',0),(53,'initialconnecttimeout','initial user connection timeout',0),(54,'reconnecttimeout','user reconnection timeout',0),(55,'copyfrompartnerMN','copy image from partner management node',0),(56,'postreserve','post reserve completed',0);
/*!40000 ALTER TABLE `computerloadstate` ENABLE KEYS */;
UNLOCK TABLES;

--
-- Table structure for table `connectlog`
--

DROP TABLE IF EXISTS `connectlog`;
/*!40101 SET @saved_cs_client     = @@character_set_client */;
/*!40101 SET character_set_client = utf8 */;
CREATE TABLE `connectlog` (
  `id` int(10) unsigned NOT NULL AUTO_INCREMENT,
  `logid` int(10) unsigned NOT NULL,
  `reservationid` mediumint(8) unsigned NOT NULL,
  `userid` mediumint(8) unsigned DEFAULT NULL,
  `remoteIP` varchar(39) NOT NULL,
  `verified` tinyint(1) NOT NULL,
  `timestamp` datetime NOT NULL DEFAULT '0000-00-00 00:00:00',
  PRIMARY KEY (`id`),
  UNIQUE KEY `reservationid_1` (`reservationid`,`userid`,`remoteIP`),
  KEY `reservationid` (`reservationid`),
  KEY `userid` (`userid`),
  KEY `logid` (`logid`),
  CONSTRAINT `connectlog_ibfk_2` FOREIGN KEY (`userid`) REFERENCES `user` (`id`) ON UPDATE CASCADE,
  CONSTRAINT `connectlog_ibfk_1` FOREIGN KEY (`logid`) REFERENCES `log` (`id`) ON UPDATE CASCADE
) ENGINE=InnoDB DEFAULT CHARSET=latin1;
/*!40101 SET character_set_client = @saved_cs_client */;

--
-- Dumping data for table `connectlog`
--

LOCK TABLES `connectlog` WRITE;
/*!40000 ALTER TABLE `connectlog` DISABLE KEYS */;
/*!40000 ALTER TABLE `connectlog` ENABLE KEYS */;
UNLOCK TABLES;

--
-- Table structure for table `connectmethod`
--

DROP TABLE IF EXISTS `connectmethod`;
/*!40101 SET @saved_cs_client     = @@character_set_client */;
/*!40101 SET character_set_client = utf8 */;
CREATE TABLE `connectmethod` (
  `id` tinyint(3) unsigned NOT NULL AUTO_INCREMENT,
  `name` varchar(80) NOT NULL,
  `description` varchar(255) NOT NULL,
  `connecttext` text NOT NULL,
  `servicename` varchar(32) NOT NULL,
  `startupscript` varchar(256) DEFAULT NULL,
  PRIMARY KEY (`id`),
  UNIQUE KEY `name` (`name`,`description`)
) ENGINE=InnoDB AUTO_INCREMENT=4 DEFAULT CHARSET=latin1;
/*!40101 SET character_set_client = @saved_cs_client */;

--
-- Dumping data for table `connectmethod`
--

LOCK TABLES `connectmethod` WRITE;
/*!40000 ALTER TABLE `connectmethod` DISABLE KEYS */;
INSERT INTO `connectmethod` VALUES (1,'SSH','SSH for Linux & Unix','You will need to have an X server running on your local computer and use an SSH client to connect to the system. If you did not click on the <b>Connect!</b> button from the computer you will be using to access the VCL system, you will need to return to the <strong>Current Reservations</strong> page and click the <strong>Connect!</strong> button from a web browser running on the same computer from which you will be connecting to the VCL system. Otherwise, you may be denied access to the remote computer.<br><br>\r\nUse the following information when you are ready to connect:<br>\r\n<UL>\r\n<LI><b>Remote Computer</b>: #connectIP#</LI>\r\n<LI><b>User ID</b>: #userid#</LI>\r\n<LI><b>Password</b>: #password#<br></LI>\r\n</UL>\r\n<b>NOTE</b>: The given password is for <i>this reservation only</i>. You will be given a different password for any other reservations.<br>\r\n<strong><big>NOTE:</big> You cannot use the Windows Remote Desktop Connection to connect to this computer. You must use an ssh client.</strong>','ext_sshd','/etc/init.d/ext_sshd'),(2,'RDP','Remote Desktop for Windows','You will need to use a Remote Desktop program to connect to the system. If you did not click on the <b>Connect!</b> button from the computer you will be using to access the VCL system, you will need to return to the <strong>Current Reservations</strong> page and click the <strong>Connect!</strong> button from a web browser running on the same computer from which you will be connecting to the VCL system. Otherwise, you may be denied access to the remote computer.<br><br>\r\n\r\nUse the following information when you are ready to connect:<br>\r\n<UL>\r\n<LI><b>Remote Computer</b>: #connectIP#</LI>\r\n<LI><b>User ID</b>: #userid#</LI>\r\n<LI><b>Password</b>: #password#<br></LI>\r\n</UL>\r\n<b>NOTE</b>: The given password is for <i>this reservation only</i>. You will be given a different password for any other reservations.<br>\r\n<br>\r\nFor automatic connection, you can download an RDP file that can be opened by the Remote Desktop Connection program.<br><br>\r\n','TermService',NULL),(3,'iRAPP RDP','Remote Desktop for OS X','You will need to use a Remote Desktop program to connect to the system. If you did not click on the <b>Connect!</b> button from the computer you will be using to access the VCL system, you will need to return to the <strong>Current Reservations</strong> page and click the <strong>Connect!</strong> button from a web browser running on the same computer from which you will be connecting to the VCL system. Otherwise, you may be denied access to the remote computer.<br><br>\r\n\r\nUse the following information when you are ready to connect:<br>\r\n<UL>\r\n<LI><b>Remote Computer</b>: #connectIP#</LI>\r\n<LI><b>User ID</b>: #userid#</LI>\r\n<LI><b>Password</b>: #password#<br></LI>\r\n</UL>\r\n<b>NOTE</b>: The given password is for <i>this reservation only</i>. You will be given a different password for any other reservations.<br>\r\n<br>\r\nFor automatic connection, you can download an RDP file that can be opened by the Remote Desktop Connection program.<br><br>\r\n','',NULL);
/*!40000 ALTER TABLE `connectmethod` ENABLE KEYS */;
UNLOCK TABLES;

--
-- Table structure for table `connectmethodmap`
--

DROP TABLE IF EXISTS `connectmethodmap`;
/*!40101 SET @saved_cs_client     = @@character_set_client */;
/*!40101 SET character_set_client = utf8 */;
CREATE TABLE `connectmethodmap` (
  `connectmethodid` tinyint(3) unsigned NOT NULL,
  `OStypeid` tinyint(3) unsigned DEFAULT NULL,
  `OSid` tinyint(3) unsigned DEFAULT NULL,
  `imagerevisionid` mediumint(8) unsigned DEFAULT NULL,
  `disabled` tinyint(1) unsigned NOT NULL DEFAULT '0',
  `autoprovisioned` tinyint(1) unsigned DEFAULT NULL,
  KEY `connectmethodid` (`connectmethodid`),
  KEY `OStypeid` (`OStypeid`),
  KEY `OSid` (`OSid`),
  KEY `imagerevisionid` (`imagerevisionid`),
  CONSTRAINT `connectmethodmap_ibfk_4` FOREIGN KEY (`imagerevisionid`) REFERENCES `imagerevision` (`id`) ON UPDATE CASCADE,
  CONSTRAINT `connectmethodmap_ibfk_1` FOREIGN KEY (`connectmethodid`) REFERENCES `connectmethod` (`id`) ON DELETE CASCADE ON UPDATE CASCADE,
  CONSTRAINT `connectmethodmap_ibfk_2` FOREIGN KEY (`OStypeid`) REFERENCES `OStype` (`id`) ON UPDATE CASCADE,
  CONSTRAINT `connectmethodmap_ibfk_3` FOREIGN KEY (`OSid`) REFERENCES `OS` (`id`) ON UPDATE CASCADE
) ENGINE=InnoDB DEFAULT CHARSET=latin1;
/*!40101 SET character_set_client = @saved_cs_client */;

--
-- Dumping data for table `connectmethodmap`
--

LOCK TABLES `connectmethodmap` WRITE;
/*!40000 ALTER TABLE `connectmethodmap` DISABLE KEYS */;
INSERT INTO `connectmethodmap` VALUES (1,2,NULL,NULL,0,1),(1,3,NULL,NULL,0,1),(2,1,NULL,NULL,0,1),(3,4,NULL,NULL,0,1),(1,2,NULL,NULL,0,NULL),(1,3,NULL,NULL,0,NULL),(2,1,NULL,NULL,0,NULL),(3,4,NULL,NULL,0,NULL);
/*!40000 ALTER TABLE `connectmethodmap` ENABLE KEYS */;
UNLOCK TABLES;

--
-- Table structure for table `connectmethodport`
--

DROP TABLE IF EXISTS `connectmethodport`;
/*!40101 SET @saved_cs_client     = @@character_set_client */;
/*!40101 SET character_set_client = utf8 */;
CREATE TABLE `connectmethodport` (
  `id` tinyint(3) unsigned NOT NULL AUTO_INCREMENT,
  `connectmethodid` tinyint(3) unsigned NOT NULL,
  `port` mediumint(8) unsigned NOT NULL,
  `protocol` enum('TCP','UDP') NOT NULL DEFAULT 'TCP',
  PRIMARY KEY (`id`),
  UNIQUE KEY `connectmethodid_port_protocol` (`connectmethodid`,`port`,`protocol`),
  KEY `connectmethodid` (`connectmethodid`),
  CONSTRAINT `connectmethodport_ibfk_1` FOREIGN KEY (`connectmethodid`) REFERENCES `connectmethod` (`id`) ON DELETE CASCADE ON UPDATE CASCADE
) ENGINE=InnoDB AUTO_INCREMENT=4 DEFAULT CHARSET=latin1;
/*!40101 SET character_set_client = @saved_cs_client */;

--
-- Dumping data for table `connectmethodport`
--

LOCK TABLES `connectmethodport` WRITE;
/*!40000 ALTER TABLE `connectmethodport` DISABLE KEYS */;
INSERT INTO `connectmethodport` VALUES (1,1,22,'TCP'),(2,2,3389,'TCP'),(3,3,3389,'TCP');
/*!40000 ALTER TABLE `connectmethodport` ENABLE KEYS */;
UNLOCK TABLES;

--
-- Table structure for table `continuations`
--

DROP TABLE IF EXISTS `continuations`;
/*!40101 SET @saved_cs_client     = @@character_set_client */;
/*!40101 SET character_set_client = utf8 */;
CREATE TABLE `continuations` (
  `id` varchar(255) NOT NULL DEFAULT '',
  `userid` mediumint(8) unsigned NOT NULL DEFAULT '0',
  `expiretime` datetime NOT NULL DEFAULT '0000-00-00 00:00:00',
  `frommode` varchar(50) NOT NULL DEFAULT '',
  `tomode` varchar(50) NOT NULL DEFAULT '',
  `data` text NOT NULL,
  `multicall` tinyint(1) unsigned NOT NULL DEFAULT '1',
  `parentid` varchar(255) DEFAULT NULL,
  `deletefromid` varchar(255) NOT NULL DEFAULT '',
  PRIMARY KEY (`id`),
  KEY `parentid` (`parentid`),
  KEY `userid` (`userid`),
  KEY `expiretime` (`expiretime`),
  KEY `deletefromid` (`deletefromid`),
  CONSTRAINT `continuations_ibfk_2` FOREIGN KEY (`parentid`) REFERENCES `continuations` (`id`) ON DELETE CASCADE,
  CONSTRAINT `continuations_ibfk_1` FOREIGN KEY (`userid`) REFERENCES `user` (`id`) ON UPDATE CASCADE
) ENGINE=InnoDB DEFAULT CHARSET=latin1;
/*!40101 SET character_set_client = @saved_cs_client */;

--
-- Dumping data for table `continuations`
--

LOCK TABLES `continuations` WRITE;
/*!40000 ALTER TABLE `continuations` DISABLE KEYS */;
INSERT INTO `continuations` VALUES ('00222421fd7bd297705d0804d0a5a6cb',1,'2017-12-13 13:58:53','AJshowRequestSuggestedTimes','changeLocale','a:3:{s:2:\"IP\";s:9:\"127.0.0.1\";s:7:\"oldmode\";s:27:\"AJshowRequestSuggestedTimes\";s:6:\"locale\";s:5:\"pt_PT\";}',1,NULL,'00222421fd7bd297705d0804d0a5a6cb'),('0024eaf621bb37d088686a1d0effbd56',1,'2017-12-01 14:36:13','AJsaveResource','changeLocale','a:3:{s:2:\"IP\";s:9:\"127.0.0.1\";s:7:\"oldmode\";s:14:\"AJsaveResource\";s:6:\"locale\";s:5:\"pt_PT\";}',1,NULL,'0024eaf621bb37d088686a1d0effbd56'),('0030692e1f2b8d7d677ea12866adb5fd',1,'2017-12-01 14:35:21','viewGroups','changeLocale','a:3:{s:2:\"IP\";s:9:\"127.0.0.1\";s:7:\"oldmode\";s:10:\"viewGroups\";s:6:\"locale\";s:5:\"pt_PT\";}',1,NULL,'0030692e1f2b8d7d677ea12866adb5fd'),('0116d450f63545e3ac24c607cf7d7811',1,'2017-12-01 13:46:54','AJaddRemGroupResource','changeLocale','a:3:{s:2:\"IP\";s:9:\"127.0.0.1\";s:7:\"oldmode\";s:21:\"AJaddRemGroupResource\";s:6:\"locale\";s:5:\"zh_CN\";}',1,NULL,'0116d450f63545e3ac24c607cf7d7811'),('0187188ee1de042b5df01670676f0457',1,'2017-12-13 13:58:53','AJshowRequestSuggestedTimes','changeLocale','a:3:{s:2:\"IP\";s:9:\"127.0.0.1\";s:7:\"oldmode\";s:27:\"AJshowRequestSuggestedTimes\";s:6:\"locale\";s:5:\"zh_CN\";}',1,NULL,'0187188ee1de042b5df01670676f0457'),('02062a20becfd51ef3840a266115ba37',1,'2017-12-01 14:34:07','image','changeLocale','a:3:{s:2:\"IP\";s:9:\"127.0.0.1\";s:7:\"oldmode\";s:5:\"image\";s:6:\"locale\";s:5:\"pt_PT\";}',1,NULL,'02062a20becfd51ef3840a266115ba37'),('03b47cdfcf293a600947a5f26486af9e',1,'2017-12-13 14:02:17','AJsubmitRemoveRequest','changeLocale','a:3:{s:2:\"IP\";s:9:\"127.0.0.1\";s:7:\"oldmode\";s:21:\"AJsubmitRemoveRequest\";s:6:\"locale\";s:5:\"zh_CN\";}',1,NULL,'03b47cdfcf293a600947a5f26486af9e'),('04fd24a5acb232208caf337dc2539de9',1,'2017-12-07 14:35:22','viewGroups','editGroup','a:1:{s:4:\"type\";s:4:\"user\";}',1,NULL,'04fd24a5acb232208caf337dc2539de9'),('054dbe72eb2db2c86e1a509661931c24',1,'2017-12-07 14:36:17','editVMInfo','AJnewProfile','a:0:{}',1,NULL,'054dbe72eb2db2c86e1a509661931c24'),('058d12fbb990452da12c22ad14d5b210',1,'2017-12-13 14:02:14','AJconfirmRemoveRequest','changeLocale','a:3:{s:2:\"IP\";s:9:\"127.0.0.1\";s:7:\"oldmode\";s:22:\"AJconfirmRemoveRequest\";s:6:\"locale\";s:5:\"en_US\";}',1,NULL,'058d12fbb990452da12c22ad14d5b210'),('05cbe9c744c0d48963f4212b638e9f97',1,'2017-12-01 14:35:17','jsonResourceGroupingResources','changeLocale','a:3:{s:2:\"IP\";s:9:\"127.0.0.1\";s:7:\"oldmode\";s:29:\"jsonResourceGroupingResources\";s:6:\"locale\";s:5:\"en_US\";}',1,NULL,'05cbe9c744c0d48963f4212b638e9f97'),('0607388bfc41aa1df572292d4008c664',1,'2017-12-01 14:35:22','jsonUserGroupStore','changeLocale','a:3:{s:2:\"IP\";s:9:\"127.0.0.1\";s:7:\"oldmode\";s:18:\"jsonUserGroupStore\";s:6:\"locale\";s:5:\"es_CR\";}',1,NULL,'0607388bfc41aa1df572292d4008c664'),('06912da08a9c778e77ddc38da61ecc48',1,'2017-12-01 13:47:11','AJaddRemResourceGroup','changeLocale','a:3:{s:2:\"IP\";s:9:\"127.0.0.1\";s:7:\"oldmode\";s:21:\"AJaddRemResourceGroup\";s:6:\"locale\";s:5:\"es_MX\";}',1,NULL,'06912da08a9c778e77ddc38da61ecc48'),('093aeea04652db6fa897b4afb8a23481',1,'2017-12-07 13:42:34','viewResources','AJeditResource','a:1:{s:3:\"obj\";O:5:\"Image\":13:{s:7:\"restype\";s:5:\"image\";s:11:\"restypename\";s:5:\"Image\";s:10:\"hasmapping\";i:1;s:7:\"maptype\";s:8:\"computer\";s:11:\"maptypename\";s:8:\"Computer\";s:9:\"basecdata\";a:1:{s:3:\"obj\";r:2;}s:18:\"defaultGetDataArgs\";a:2:{s:14:\"includedeleted\";i:0;s:5:\"rscid\";i:0;}s:9:\"deletable\";i:1;s:13:\"deletetoggled\";i:1;s:6:\"errmsg\";N;s:9:\"namefield\";s:10:\"prettyname\";s:7:\"addable\";i:0;s:8:\"jsondata\";a:0:{}}}',1,NULL,'093aeea04652db6fa897b4afb8a23481'),('0a32a04247c23d173b2a3fdf6ec070b8',1,'2017-12-13 13:58:53','AJshowRequestSuggestedTimes','changeLocale','a:3:{s:2:\"IP\";s:9:\"127.0.0.1\";s:7:\"oldmode\";s:27:\"AJshowRequestSuggestedTimes\";s:6:\"locale\";s:5:\"fr_CA\";}',1,NULL,'0a32a04247c23d173b2a3fdf6ec070b8'),('0a68d0b092d6bb658239a5ad7c146635',1,'2017-12-07 14:33:56','AJupdateWaitTime','AJshowRequestSuggestedTimes','a:5:{s:3:\"now\";i:1;s:5:\"start\";i:1512070200;s:3:\"end\";i:1512074700;s:6:\"server\";i:0;s:7:\"imageid\";s:1:\"2\";}',1,NULL,'0a68d0b092d6bb658239a5ad7c146635'),('0b7c61386adc1ca8442e58cbbbe4ecfd',1,'2017-12-15 10:38:43','viewRequests','changeLocale','a:3:{s:2:\"IP\";s:9:\"127.0.0.1\";s:7:\"oldmode\";s:12:\"viewRequests\";s:6:\"locale\";s:5:\"pt_PT\";}',1,NULL,'0b7c61386adc1ca8442e58cbbbe4ecfd'),('0c1adc9a6bd552accc679b779d3d130c',1,'2017-12-01 14:36:19','vmhostdata','changeLocale','a:3:{s:2:\"IP\";s:9:\"127.0.0.1\";s:7:\"oldmode\";s:10:\"vmhostdata\";s:6:\"locale\";s:5:\"es_MX\";}',1,NULL,'0c1adc9a6bd552accc679b779d3d130c'),('0e0d9b5235bcc0650ca8d84fcf32e7ce',1,'2017-11-30 15:36:19','vmhostdata','AJchangeVMprofile','a:0:{}',0,NULL,'0e0d9b5235bcc0650ca8d84fcf32e7ce'),('0f28f77316727b3411205420bed4bd83',1,'2017-12-01 14:34:10','jsonResourceMappingGroups','changeLocale','a:3:{s:2:\"IP\";s:9:\"127.0.0.1\";s:7:\"oldmode\";s:25:\"jsonResourceMappingGroups\";s:6:\"locale\";s:5:\"en_US\";}',1,NULL,'0f28f77316727b3411205420bed4bd83'),('101cc3bcfdb98b5ebc76caba24223f34',1,'2017-12-15 10:38:43','viewRequests','changeLocale','a:3:{s:2:\"IP\";s:9:\"127.0.0.1\";s:7:\"oldmode\";s:12:\"viewRequests\";s:6:\"locale\";s:5:\"es_MX\";}',1,NULL,'101cc3bcfdb98b5ebc76caba24223f34'),('1269688f774f4bd385fba1f40310a212',1,'2017-12-13 14:02:17','AJsubmitRemoveRequest','changeLocale','a:3:{s:2:\"IP\";s:9:\"127.0.0.1\";s:7:\"oldmode\";s:21:\"AJsubmitRemoveRequest\";s:6:\"locale\";s:5:\"es_CR\";}',1,NULL,'1269688f774f4bd385fba1f40310a212'),('12adf54c1dfb028435d8e6d7d8fd89c8',1,'2017-12-19 13:58:53','AJupdateWaitTime','AJshowRequestSuggestedTimes','a:5:{s:3:\"now\";i:1;s:5:\"start\";i:1513104300;s:3:\"end\";i:1513108800;s:6:\"server\";i:0;s:7:\"imageid\";s:1:\"2\";}',1,NULL,'12adf54c1dfb028435d8e6d7d8fd89c8'),('1520d730cf6c7a30fbc57277540b15b2',1,'2017-12-01 14:36:19','vmhostdata','changeLocale','a:3:{s:2:\"IP\";s:9:\"127.0.0.1\";s:7:\"oldmode\";s:10:\"vmhostdata\";s:6:\"locale\";s:5:\"zh_CN\";}',1,NULL,'1520d730cf6c7a30fbc57277540b15b2'),('1712c4ad88f324140f757d79ea7fb839',1,'2017-12-07 14:34:09','groupMapHTML','AJaddRemGroupMapTo','a:2:{s:3:\"obj\";O:5:\"Image\":13:{s:7:\"restype\";s:5:\"image\";s:11:\"restypename\";s:5:\"Image\";s:10:\"hasmapping\";i:1;s:7:\"maptype\";s:8:\"computer\";s:11:\"maptypename\";s:8:\"Computer\";s:9:\"basecdata\";a:1:{s:3:\"obj\";r:2;}s:18:\"defaultGetDataArgs\";a:2:{s:14:\"includedeleted\";i:0;s:5:\"rscid\";i:0;}s:9:\"deletable\";i:1;s:13:\"deletetoggled\";i:1;s:6:\"errmsg\";N;s:9:\"namefield\";s:10:\"prettyname\";s:7:\"addable\";i:0;s:8:\"jsondata\";a:0:{}}s:4:\"mode\";s:3:\"add\";}',1,NULL,'1712c4ad88f324140f757d79ea7fb839'),('175b050e3e837a5e9a1f34d27e16e4d3',1,'2017-12-15 10:38:40','main','changeLocale','a:3:{s:2:\"IP\";s:9:\"127.0.0.1\";s:7:\"oldmode\";s:4:\"main\";s:6:\"locale\";s:5:\"zh_CN\";}',1,NULL,'175b050e3e837a5e9a1f34d27e16e4d3'),('18399ebd80999c7e56fc3ef92f2866bf',1,'2017-12-14 11:09:48','viewRequests','AJconfirmRemoveRequest','a:1:{s:9:\"requestid\";s:2:\"14\";}',1,NULL,'18399ebd80999c7e56fc3ef92f2866bf'),('18edb3dcb579462ac82225c9cead5d93',1,'2017-12-21 10:38:43','viewRequests','AJvalidateUserid','a:0:{}',1,NULL,'18edb3dcb579462ac82225c9cead5d93'),('190c5c98feaaf1db1574d5a098f57f8d',1,'2017-12-01 14:35:21','viewGroups','changeLocale','a:3:{s:2:\"IP\";s:9:\"127.0.0.1\";s:7:\"oldmode\";s:10:\"viewGroups\";s:6:\"locale\";s:5:\"ja_JP\";}',1,NULL,'190c5c98feaaf1db1574d5a098f57f8d'),('19bdab27fbf34d08a85eb0820b310112',1,'2017-12-01 14:35:27','viewResources','changeLocale','a:3:{s:2:\"IP\";s:9:\"127.0.0.1\";s:7:\"oldmode\";s:13:\"viewResources\";s:6:\"locale\";s:5:\"en_US\";}',1,NULL,'19bdab27fbf34d08a85eb0820b310112'),('19d6ed55281f4e3cfced3f24dd797bdc',1,'2017-12-07 14:35:22','viewGroups','jsonUserGroupStore','a:0:{}',1,NULL,'19d6ed55281f4e3cfced3f24dd797bdc'),('1a3e521e6a26673c957cc659f1803499',1,'2017-12-07 14:34:09','groupMapHTML','AJaddRemGroupResource','a:2:{s:3:\"obj\";O:5:\"Image\":13:{s:7:\"restype\";s:5:\"image\";s:11:\"restypename\";s:5:\"Image\";s:10:\"hasmapping\";i:1;s:7:\"maptype\";s:8:\"computer\";s:11:\"maptypename\";s:8:\"Computer\";s:9:\"basecdata\";a:1:{s:3:\"obj\";r:2;}s:18:\"defaultGetDataArgs\";a:2:{s:14:\"includedeleted\";i:0;s:5:\"rscid\";i:0;}s:9:\"deletable\";i:1;s:13:\"deletetoggled\";i:1;s:6:\"errmsg\";N;s:9:\"namefield\";s:10:\"prettyname\";s:7:\"addable\";i:0;s:8:\"jsondata\";a:0:{}}s:4:\"mode\";s:3:\"add\";}',1,NULL,'1a3e521e6a26673c957cc659f1803499'),('1ac1000a16e74815ab6d50fda53a33f3',1,'2017-12-01 14:36:16','editVMInfo','changeLocale','a:3:{s:2:\"IP\";s:9:\"127.0.0.1\";s:7:\"oldmode\";s:10:\"editVMInfo\";s:6:\"locale\";s:5:\"zh_CN\";}',1,NULL,'1ac1000a16e74815ab6d50fda53a33f3'),('1c0982e3af50ea4cd3562df65caa9c3f',1,'2017-12-01 14:34:19','jsonResourceMappingMapToGroups','changeLocale','a:3:{s:2:\"IP\";s:9:\"127.0.0.1\";s:7:\"oldmode\";s:30:\"jsonResourceMappingMapToGroups\";s:6:\"locale\";s:5:\"es_MX\";}',1,NULL,'1c0982e3af50ea4cd3562df65caa9c3f'),('1c0f5deb43e2e51c5ffc54c1589efc3e',1,'2017-12-01 14:36:13','AJsaveResource','changeLocale','a:3:{s:2:\"IP\";s:9:\"127.0.0.1\";s:7:\"oldmode\";s:14:\"AJsaveResource\";s:6:\"locale\";s:5:\"ja_JP\";}',1,NULL,'1c0f5deb43e2e51c5ffc54c1589efc3e'),('1d2f9a735ce76f9a8a7f3b5a1a914812',1,'2017-12-13 14:02:14','AJconfirmRemoveRequest','changeLocale','a:3:{s:2:\"IP\";s:9:\"127.0.0.1\";s:7:\"oldmode\";s:22:\"AJconfirmRemoveRequest\";s:6:\"locale\";s:5:\"es_CR\";}',1,NULL,'1d2f9a735ce76f9a8a7f3b5a1a914812'),('1e48b6c5892a662dcb53e5412597af8f',1,'2017-12-01 14:35:22','jsonUserGroupStore','changeLocale','a:3:{s:2:\"IP\";s:9:\"127.0.0.1\";s:7:\"oldmode\";s:18:\"jsonUserGroupStore\";s:6:\"locale\";s:5:\"zh_CN\";}',1,NULL,'1e48b6c5892a662dcb53e5412597af8f'),('1e986ab54d0762aecec02e0f8d752536',1,'2017-12-07 14:36:17','editVMInfo','AJprofiledata','a:0:{}',1,NULL,'1e986ab54d0762aecec02e0f8d752536'),('1f12d3fdb6320de5b905f4bb92503179',1,'2017-12-01 14:35:28','jsonResourceStore','changeLocale','a:3:{s:2:\"IP\";s:9:\"127.0.0.1\";s:7:\"oldmode\";s:17:\"jsonResourceStore\";s:6:\"locale\";s:5:\"en_US\";}',1,NULL,'1f12d3fdb6320de5b905f4bb92503179'),('2077ff95e2e85e7b265e1341d0190bfb',1,'2017-12-01 14:35:25','computer','changeLocale','a:3:{s:2:\"IP\";s:9:\"127.0.0.1\";s:7:\"oldmode\";s:8:\"computer\";s:6:\"locale\";s:5:\"fr_CA\";}',1,NULL,'2077ff95e2e85e7b265e1341d0190bfb'),('215af9b7aa7e1ea418158ef890b69959',1,'2017-12-01 14:35:28','jsonResourceStore','changeLocale','a:3:{s:2:\"IP\";s:9:\"127.0.0.1\";s:7:\"oldmode\";s:17:\"jsonResourceStore\";s:6:\"locale\";s:5:\"zh_CN\";}',1,NULL,'215af9b7aa7e1ea418158ef890b69959'),('21c2e35d5fb3cf88796c14a6d38180c3',1,'2017-12-15 10:38:43','viewRequests','changeLocale','a:3:{s:2:\"IP\";s:9:\"127.0.0.1\";s:7:\"oldmode\";s:12:\"viewRequests\";s:6:\"locale\";s:5:\"es_CR\";}',1,NULL,'21c2e35d5fb3cf88796c14a6d38180c3'),('22f5cf62d59d50c5582e36eacbec16fc',1,'2017-12-01 14:37:03','AJviewRequests','AJstartImage','a:1:{s:9:\"requestid\";s:1:\"1\";}',1,NULL,'22f5cf62d59d50c5582e36eacbec16fc'),('247020439835787be229bf07bde12215',1,'2017-12-07 14:36:17','editVMInfo','AJdelProfile','a:0:{}',1,NULL,'247020439835787be229bf07bde12215'),('24a2a822e940fc5dfe0e37fdd31df49e',1,'2017-12-07 13:46:49','AJsaveResource','AJaddRemGroupResource','a:2:{s:3:\"obj\";O:8:\"Computer\":13:{s:7:\"restype\";s:8:\"computer\";s:11:\"restypename\";s:8:\"Computer\";s:10:\"hasmapping\";i:0;s:7:\"maptype\";s:0:\"\";s:11:\"maptypename\";s:0:\"\";s:9:\"basecdata\";a:1:{s:3:\"obj\";r:2;}s:18:\"defaultGetDataArgs\";a:3:{s:4:\"sort\";i:0;s:14:\"includedeleted\";i:0;s:5:\"rscid\";s:0:\"\";}s:9:\"deletable\";i:1;s:13:\"deletetoggled\";i:1;s:6:\"errmsg\";N;s:9:\"namefield\";s:8:\"hostname\";s:7:\"addable\";i:1;s:8:\"jsondata\";a:0:{}}s:4:\"mode\";s:6:\"remove\";}',1,NULL,'24a2a822e940fc5dfe0e37fdd31df49e'),('2579163095799e2dd6e5940eeb4be954',1,'2017-12-01 13:47:11','AJaddRemResourceGroup','changeLocale','a:3:{s:2:\"IP\";s:9:\"127.0.0.1\";s:7:\"oldmode\";s:21:\"AJaddRemResourceGroup\";s:6:\"locale\";s:5:\"pt_PT\";}',1,NULL,'2579163095799e2dd6e5940eeb4be954'),('26e88b07a9ab1a2d2c40e1f968b6303e',1,'2017-12-01 14:35:16','groupMapHTML','changeLocale','a:3:{s:2:\"IP\";s:9:\"127.0.0.1\";s:7:\"oldmode\";s:12:\"groupMapHTML\";s:6:\"locale\";s:5:\"pt_PT\";}',1,NULL,'26e88b07a9ab1a2d2c40e1f968b6303e'),('274a299cd96079079b47e1c4138b6bf3',1,'2017-12-15 10:38:40','main','changeLocale','a:3:{s:2:\"IP\";s:9:\"127.0.0.1\";s:7:\"oldmode\";s:4:\"main\";s:6:\"locale\";s:5:\"es_CR\";}',1,NULL,'274a299cd96079079b47e1c4138b6bf3'),('276fde69c3e73326cf66cc13d8611cbf',1,'2017-12-01 14:35:28','jsonResourceStore','changeLocale','a:3:{s:2:\"IP\";s:9:\"127.0.0.1\";s:7:\"oldmode\";s:17:\"jsonResourceStore\";s:6:\"locale\";s:5:\"es_MX\";}',1,NULL,'276fde69c3e73326cf66cc13d8611cbf'),('27e8124c761ade8ee7d526be1832291f',1,'2017-12-01 14:37:03','AJviewRequests','AJeditRequest','a:1:{s:9:\"requestid\";s:1:\"1\";}',1,NULL,'27e8124c761ade8ee7d526be1832291f'),('287ae40622df895559439cf2960459c2',1,'2017-12-07 14:35:22','viewGroups','jsonResourceGroupStore','a:0:{}',1,NULL,'287ae40622df895559439cf2960459c2'),('2992d76399a1a97590938b5f59237714',1,'2017-12-01 14:35:22','jsonResourceGroupStore','changeLocale','a:3:{s:2:\"IP\";s:9:\"127.0.0.1\";s:7:\"oldmode\";s:22:\"jsonResourceGroupStore\";s:6:\"locale\";s:5:\"en_US\";}',1,NULL,'2992d76399a1a97590938b5f59237714'),('2b032714c4445b05dce1074b3bf69adc',1,'2017-12-01 14:36:09','AJeditResource','changeLocale','a:3:{s:2:\"IP\";s:9:\"127.0.0.1\";s:7:\"oldmode\";s:14:\"AJeditResource\";s:6:\"locale\";s:5:\"es_CR\";}',1,NULL,'2b032714c4445b05dce1074b3bf69adc'),('2b5ff7e260d27fa591edbed5ae025b61',1,'2017-12-01 14:35:28','jsonResourceStore','changeLocale','a:3:{s:2:\"IP\";s:9:\"127.0.0.1\";s:7:\"oldmode\";s:17:\"jsonResourceStore\";s:6:\"locale\";s:5:\"pt_PT\";}',1,NULL,'2b5ff7e260d27fa591edbed5ae025b61'),('2d4042b51f4b3c010689ba9d8b21c9bf',1,'2017-12-07 14:35:22','viewGroups','AJconfirmDeleteGroup','a:1:{s:4:\"type\";s:4:\"user\";}',1,NULL,'2d4042b51f4b3c010689ba9d8b21c9bf'),('2d4f7982a8fe3567205da183262a2ae9',1,'2017-12-20 11:10:00','AJviewRequests','AJpreviewClickThrough','a:0:{}',1,NULL,'2d4f7982a8fe3567205da183262a2ae9'),('2fb8097ce7a47698f7127375ad0980fc',1,'2017-12-13 14:02:14','AJconfirmRemoveRequest','changeLocale','a:3:{s:2:\"IP\";s:9:\"127.0.0.1\";s:7:\"oldmode\";s:22:\"AJconfirmRemoveRequest\";s:6:\"locale\";s:5:\"zh_CN\";}',1,NULL,'2fb8097ce7a47698f7127375ad0980fc'),('3016a7214b4666b5ae99741843b2a85c',1,'2017-12-13 13:58:53','AJshowRequestSuggestedTimes','changeLocale','a:3:{s:2:\"IP\";s:9:\"127.0.0.1\";s:7:\"oldmode\";s:27:\"AJshowRequestSuggestedTimes\";s:6:\"locale\";s:5:\"es_MX\";}',1,NULL,'3016a7214b4666b5ae99741843b2a85c'),('30673815d9ab128900da6864ca737fb7',1,'2017-12-01 14:35:25','computer','changeLocale','a:3:{s:2:\"IP\";s:9:\"127.0.0.1\";s:7:\"oldmode\";s:8:\"computer\";s:6:\"locale\";s:5:\"en_US\";}',1,NULL,'30673815d9ab128900da6864ca737fb7'),('31f2a3b721ad704a1259b9cdeb1614d6',1,'2017-12-07 14:34:09','groupMapHTML','AJaddRemGroupMapTo','a:2:{s:3:\"obj\";O:5:\"Image\":13:{s:7:\"restype\";s:5:\"image\";s:11:\"restypename\";s:5:\"Image\";s:10:\"hasmapping\";i:1;s:7:\"maptype\";s:8:\"computer\";s:11:\"maptypename\";s:8:\"Computer\";s:9:\"basecdata\";a:1:{s:3:\"obj\";r:2;}s:18:\"defaultGetDataArgs\";a:2:{s:14:\"includedeleted\";i:0;s:5:\"rscid\";i:0;}s:9:\"deletable\";i:1;s:13:\"deletetoggled\";i:1;s:6:\"errmsg\";N;s:9:\"namefield\";s:10:\"prettyname\";s:7:\"addable\";i:0;s:8:\"jsondata\";a:0:{}}s:4:\"mode\";s:6:\"remove\";}',1,NULL,'31f2a3b721ad704a1259b9cdeb1614d6'),('324aca196eb2d0e0463e22e3b6d0ef5a',1,'2017-12-01 14:35:17','jsonResourceGroupingGroups','changeLocale','a:3:{s:2:\"IP\";s:9:\"127.0.0.1\";s:7:\"oldmode\";s:26:\"jsonResourceGroupingGroups\";s:6:\"locale\";s:5:\"es_MX\";}',1,NULL,'324aca196eb2d0e0463e22e3b6d0ef5a'),('3405c1cf1fef76f15cea944c28772c79',1,'2017-12-07 14:35:16','groupMapHTML','AJaddRemResourceGroup','a:2:{s:3:\"obj\";O:8:\"Computer\":13:{s:7:\"restype\";s:8:\"computer\";s:11:\"restypename\";s:8:\"Computer\";s:10:\"hasmapping\";i:0;s:7:\"maptype\";s:0:\"\";s:11:\"maptypename\";s:0:\"\";s:9:\"basecdata\";a:1:{s:3:\"obj\";r:2;}s:18:\"defaultGetDataArgs\";a:3:{s:4:\"sort\";i:0;s:14:\"includedeleted\";i:0;s:5:\"rscid\";s:0:\"\";}s:9:\"deletable\";i:1;s:13:\"deletetoggled\";i:1;s:6:\"errmsg\";N;s:9:\"namefield\";s:8:\"hostname\";s:7:\"addable\";i:1;s:8:\"jsondata\";a:0:{}}s:4:\"mode\";s:6:\"remove\";}',1,NULL,'3405c1cf1fef76f15cea944c28772c79'),('350e50b4ebbb378b2e3934ce12cff29d',1,'2017-12-14 11:10:00','AJviewRequests','changeLocale','a:3:{s:2:\"IP\";s:9:\"127.0.0.1\";s:7:\"oldmode\";s:14:\"AJviewRequests\";s:6:\"locale\";s:5:\"es_CR\";}',1,NULL,'350e50b4ebbb378b2e3934ce12cff29d'),('35783e4f444253faf0bc9225c393f388',1,'2017-12-14 11:10:00','AJviewRequests','changeLocale','a:3:{s:2:\"IP\";s:9:\"127.0.0.1\";s:7:\"oldmode\";s:14:\"AJviewRequests\";s:6:\"locale\";s:5:\"zh_CN\";}',1,NULL,'35783e4f444253faf0bc9225c393f388'),('35a8e366c83c7d06ed7f2a6ec2a7a8c4',1,'2017-12-01 14:35:28','jsonResourceStore','changeLocale','a:3:{s:2:\"IP\";s:9:\"127.0.0.1\";s:7:\"oldmode\";s:17:\"jsonResourceStore\";s:6:\"locale\";s:5:\"es_CR\";}',1,NULL,'35a8e366c83c7d06ed7f2a6ec2a7a8c4'),('35d0623501be8a17eac35a59445d7e06',1,'2017-12-01 14:33:53','AJsetTZoffset','changeLocale','a:3:{s:2:\"IP\";s:9:\"127.0.0.1\";s:7:\"oldmode\";s:13:\"AJsetTZoffset\";s:6:\"locale\";s:5:\"pt_PT\";}',1,NULL,'35d0623501be8a17eac35a59445d7e06'),('370896a117cacf57466bad62cf4cc1fe',1,'2017-12-06 10:23:53','AJviewRequests','AJstartImage','a:1:{s:9:\"requestid\";s:1:\"4\";}',1,NULL,'370896a117cacf57466bad62cf4cc1fe'),('37238cc19af2ff9dc57b5d3940cef4f3',1,'2017-12-12 10:26:29','AJupdateWaitTime','AJshowRequestSuggestedTimes','a:5:{s:3:\"now\";i:1;s:5:\"start\";i:1512486900;s:3:\"end\";i:1512491400;s:6:\"server\";i:0;s:7:\"imageid\";s:1:\"2\";}',1,NULL,'37238cc19af2ff9dc57b5d3940cef4f3'),('377f06b8a44a8dbf57aac218c9e2ddb5',1,'2017-12-01 14:35:21','viewGroups','changeLocale','a:3:{s:2:\"IP\";s:9:\"127.0.0.1\";s:7:\"oldmode\";s:10:\"viewGroups\";s:6:\"locale\";s:5:\"en_US\";}',1,NULL,'377f06b8a44a8dbf57aac218c9e2ddb5'),('37e8bf966989805557b2c41970db0981',1,'2017-12-07 14:35:16','groupMapHTML','AJaddRemResourceGroup','a:2:{s:3:\"obj\";O:8:\"Computer\":13:{s:7:\"restype\";s:8:\"computer\";s:11:\"restypename\";s:8:\"Computer\";s:10:\"hasmapping\";i:0;s:7:\"maptype\";s:0:\"\";s:11:\"maptypename\";s:0:\"\";s:9:\"basecdata\";a:1:{s:3:\"obj\";r:2;}s:18:\"defaultGetDataArgs\";a:3:{s:4:\"sort\";i:0;s:14:\"includedeleted\";i:0;s:5:\"rscid\";s:0:\"\";}s:9:\"deletable\";i:1;s:13:\"deletetoggled\";i:1;s:6:\"errmsg\";N;s:9:\"namefield\";s:8:\"hostname\";s:7:\"addable\";i:1;s:8:\"jsondata\";a:0:{}}s:4:\"mode\";s:3:\"add\";}',1,NULL,'37e8bf966989805557b2c41970db0981'),('38ac2fea7e2b38c3f92ca698a406829e',1,'2017-12-15 10:38:40','main','changeLocale','a:3:{s:2:\"IP\";s:9:\"127.0.0.1\";s:7:\"oldmode\";s:4:\"main\";s:6:\"locale\";s:5:\"es_MX\";}',1,NULL,'38ac2fea7e2b38c3f92ca698a406829e'),('3b7f1b77bae024b907a4e2fa2426699b',1,'2017-12-07 14:35:27','viewResources','AJeditResource','a:1:{s:3:\"obj\";O:8:\"Computer\":13:{s:7:\"restype\";s:8:\"computer\";s:11:\"restypename\";s:8:\"Computer\";s:10:\"hasmapping\";i:0;s:7:\"maptype\";s:0:\"\";s:11:\"maptypename\";s:0:\"\";s:9:\"basecdata\";a:1:{s:3:\"obj\";r:2;}s:18:\"defaultGetDataArgs\";a:3:{s:4:\"sort\";i:0;s:14:\"includedeleted\";i:0;s:5:\"rscid\";s:0:\"\";}s:9:\"deletable\";i:1;s:13:\"deletetoggled\";i:1;s:6:\"errmsg\";N;s:9:\"namefield\";s:8:\"hostname\";s:7:\"addable\";i:1;s:8:\"jsondata\";a:0:{}}}',1,NULL,'3b7f1b77bae024b907a4e2fa2426699b'),('3fc8c57740be4358b71ae1c564746e62',1,'2017-12-01 14:34:07','image','changeLocale','a:3:{s:2:\"IP\";s:9:\"127.0.0.1\";s:7:\"oldmode\";s:5:\"image\";s:6:\"locale\";s:5:\"es_MX\";}',1,NULL,'3fc8c57740be4358b71ae1c564746e62'),('400bf352e177bb149e418589dd37e7f1',1,'2017-12-01 14:34:10','jsonResourceMappingGroups','changeLocale','a:3:{s:2:\"IP\";s:9:\"127.0.0.1\";s:7:\"oldmode\";s:25:\"jsonResourceMappingGroups\";s:6:\"locale\";s:5:\"zh_CN\";}',1,NULL,'400bf352e177bb149e418589dd37e7f1'),('41f123185287e43dd22fe69a6df4d1ee',1,'2017-12-13 14:02:17','AJsubmitRemoveRequest','changeLocale','a:3:{s:2:\"IP\";s:9:\"127.0.0.1\";s:7:\"oldmode\";s:21:\"AJsubmitRemoveRequest\";s:6:\"locale\";s:5:\"ja_JP\";}',1,NULL,'41f123185287e43dd22fe69a6df4d1ee'),('42a6c64e11354b5c37ac3c2241397732',1,'2017-12-15 10:38:40','main','changeLocale','a:3:{s:2:\"IP\";s:9:\"127.0.0.1\";s:7:\"oldmode\";s:4:\"main\";s:6:\"locale\";s:5:\"pt_PT\";}',1,NULL,'42a6c64e11354b5c37ac3c2241397732'),('43123d0386bf817e8ff762a463cb705a',1,'2017-12-01 14:36:19','vmhostdata','changeLocale','a:3:{s:2:\"IP\";s:9:\"127.0.0.1\";s:7:\"oldmode\";s:10:\"vmhostdata\";s:6:\"locale\";s:5:\"es_CR\";}',1,NULL,'43123d0386bf817e8ff762a463cb705a'),('432ec41e6b33dba881212a7d294c2e4c',1,'2017-12-07 14:36:02','AJeditResource','AJsaveResource','a:3:{s:3:\"obj\";O:8:\"Computer\":13:{s:7:\"restype\";s:8:\"computer\";s:11:\"restypename\";s:8:\"Computer\";s:10:\"hasmapping\";i:0;s:7:\"maptype\";s:0:\"\";s:11:\"maptypename\";s:0:\"\";s:9:\"basecdata\";a:1:{s:3:\"obj\";r:2;}s:18:\"defaultGetDataArgs\";a:3:{s:4:\"sort\";i:0;s:14:\"includedeleted\";i:0;s:5:\"rscid\";s:0:\"\";}s:9:\"deletable\";i:1;s:13:\"deletetoggled\";i:1;s:6:\"errmsg\";N;s:9:\"namefield\";s:8:\"hostname\";s:7:\"addable\";i:1;s:8:\"jsondata\";a:1:{s:10:\"showcancel\";i:0;}}s:5:\"rscid\";s:1:\"5\";s:7:\"olddata\";a:44:{s:2:\"id\";s:1:\"5\";s:5:\"state\";s:11:\"maintenance\";s:7:\"stateid\";s:2:\"10\";s:5:\"owner\";s:11:\"admin@Local\";s:7:\"ownerid\";s:1:\"1\";s:8:\"platform\";s:4:\"i386\";s:10:\"platformid\";s:1:\"1\";s:8:\"schedule\";s:8:\"VCL 24x7\";s:10:\"scheduleid\";s:1:\"1\";s:10:\"currentimg\";s:8:\"No Image\";s:12:\"currentimgid\";s:1:\"1\";s:15:\"imagerevisionid\";s:1:\"1\";s:13:\"imagerevision\";s:1:\"0\";s:7:\"nextimg\";s:8:\"No Image\";s:9:\"nextimgid\";s:1:\"1\";s:3:\"ram\";s:4:\"4096\";s:10:\"procnumber\";s:1:\"4\";s:9:\"procspeed\";s:4:\"3000\";s:7:\"network\";s:4:\"1000\";s:8:\"hostname\";s:13:\"TestComputer4\";s:9:\"IPaddress\";s:11:\"10.10.11.14\";s:16:\"privateIPaddress\";s:10:\"10.10.22.4\";s:14:\"eth0macaddress\";s:17:\"20:22:78:33:02:07\";s:14:\"eth1macaddress\";s:17:\"20:22:78:33:02:08\";s:4:\"type\";s:14:\"virtualmachine\";s:7:\"deleted\";s:1:\"0\";s:10:\"resourceid\";s:2:\"15\";s:5:\"notes\";N;s:8:\"vmhostid\";N;s:6:\"vmhost\";N;s:16:\"vmhostcomputerid\";N;s:8:\"location\";s:0:\"\";s:14:\"provisioningid\";s:1:\"9\";s:12:\"provisioning\";s:26:\"Libvirt Virtualization API\";s:11:\"vmprofileid\";N;s:18:\"predictivemoduleid\";s:2:\"31\";s:16:\"predictivemodule\";s:34:\"Unload/power off after reservation\";s:9:\"nathostid\";N;s:16:\"nathostenabledid\";N;s:18:\"natpublicIPaddress\";s:0:\"\";s:20:\"natinternalIPaddress\";s:0:\"\";s:10:\"natenabled\";i:0;s:7:\"nathost\";s:0:\"\";s:14:\"nathostenabled\";i:0;}}',1,NULL,'432ec41e6b33dba881212a7d294c2e4c'),('454594484508ba730c0f5d98c94f8141',1,'2017-12-07 14:35:16','groupMapHTML','jsonResourceGroupingResources','a:4:{s:3:\"obj\";O:8:\"Computer\":13:{s:7:\"restype\";s:8:\"computer\";s:11:\"restypename\";s:8:\"Computer\";s:10:\"hasmapping\";i:0;s:7:\"maptype\";s:0:\"\";s:11:\"maptypename\";s:0:\"\";s:9:\"basecdata\";a:1:{s:3:\"obj\";r:2;}s:18:\"defaultGetDataArgs\";a:3:{s:4:\"sort\";i:0;s:14:\"includedeleted\";i:0;s:5:\"rscid\";s:0:\"\";}s:9:\"deletable\";i:1;s:13:\"deletetoggled\";i:1;s:6:\"errmsg\";N;s:9:\"namefield\";s:8:\"hostname\";s:7:\"addable\";i:1;s:8:\"jsondata\";a:0:{}}s:5:\"store\";s:21:\"grouptoresourcesstore\";s:7:\"intitle\";s:11:\"inresources\";s:8:\"outtitle\";s:12:\"outresources\";}',1,NULL,'454594484508ba730c0f5d98c94f8141'),('46bbcdbd1206277e109de05b61beaa93',1,'2017-12-01 13:46:54','AJaddRemGroupResource','changeLocale','a:3:{s:2:\"IP\";s:9:\"127.0.0.1\";s:7:\"oldmode\";s:21:\"AJaddRemGroupResource\";s:6:\"locale\";s:5:\"pt_PT\";}',1,NULL,'46bbcdbd1206277e109de05b61beaa93'),('497e1e6de3e368ba6b369d6e589eaa63',1,'2017-12-01 14:35:16','groupMapHTML','changeLocale','a:3:{s:2:\"IP\";s:9:\"127.0.0.1\";s:7:\"oldmode\";s:12:\"groupMapHTML\";s:6:\"locale\";s:5:\"es_MX\";}',1,NULL,'497e1e6de3e368ba6b369d6e589eaa63'),('49942ab9dc9fff9d349dffa91c822675',1,'2017-12-07 14:35:27','viewResources','AJdeleteComputers','a:1:{s:3:\"obj\";O:8:\"Computer\":13:{s:7:\"restype\";s:8:\"computer\";s:11:\"restypename\";s:8:\"Computer\";s:10:\"hasmapping\";i:0;s:7:\"maptype\";s:0:\"\";s:11:\"maptypename\";s:0:\"\";s:9:\"basecdata\";a:1:{s:3:\"obj\";r:2;}s:18:\"defaultGetDataArgs\";a:3:{s:4:\"sort\";i:0;s:14:\"includedeleted\";i:0;s:5:\"rscid\";s:0:\"\";}s:9:\"deletable\";i:1;s:13:\"deletetoggled\";i:1;s:6:\"errmsg\";N;s:9:\"namefield\";s:8:\"hostname\";s:7:\"addable\";i:1;s:8:\"jsondata\";a:0:{}}}',1,NULL,'49942ab9dc9fff9d349dffa91c822675'),('4a3c936135e950e28cbf3f443fc70980',1,'2017-12-13 13:58:53','AJupdateWaitTime','changeLocale','a:3:{s:2:\"IP\";s:9:\"127.0.0.1\";s:7:\"oldmode\";s:16:\"AJupdateWaitTime\";s:6:\"locale\";s:5:\"pt_PT\";}',1,NULL,'4a3c936135e950e28cbf3f443fc70980'),('4a8738480c564e9b51ce1316d69f3638',1,'2017-12-13 14:02:17','AJsubmitRemoveRequest','changeLocale','a:3:{s:2:\"IP\";s:9:\"127.0.0.1\";s:7:\"oldmode\";s:21:\"AJsubmitRemoveRequest\";s:6:\"locale\";s:5:\"fr_CA\";}',1,NULL,'4a8738480c564e9b51ce1316d69f3638'),('4c0142fd0e013e0bf933c3a26d094807',1,'2017-12-07 13:46:49','AJsaveResource','AJaddRemGroupResource','a:3:{s:3:\"obj\";O:8:\"Computer\":13:{s:7:\"restype\";s:8:\"computer\";s:11:\"restypename\";s:8:\"Computer\";s:10:\"hasmapping\";i:0;s:7:\"maptype\";s:0:\"\";s:11:\"maptypename\";s:0:\"\";s:9:\"basecdata\";a:1:{s:3:\"obj\";r:2;}s:18:\"defaultGetDataArgs\";a:3:{s:4:\"sort\";i:0;s:14:\"includedeleted\";i:0;s:5:\"rscid\";s:0:\"\";}s:9:\"deletable\";i:1;s:13:\"deletetoggled\";i:1;s:6:\"errmsg\";N;s:9:\"namefield\";s:8:\"hostname\";s:7:\"addable\";i:1;s:8:\"jsondata\";a:0:{}}s:6:\"newids\";a:5:{i:0;i:2;i:1;i:3;i:2;i:4;i:3;i:5;i:4;i:6;}s:4:\"mode\";s:6:\"remove\";}',1,NULL,'4c0142fd0e013e0bf933c3a26d094807'),('4c68b6b0a7ddf775736193c2e2e52596',1,'2017-12-07 14:35:38','AJeditResource','AJsaveResource','a:3:{s:3:\"obj\";O:8:\"Computer\":13:{s:7:\"restype\";s:8:\"computer\";s:11:\"restypename\";s:8:\"Computer\";s:10:\"hasmapping\";i:0;s:7:\"maptype\";s:0:\"\";s:11:\"maptypename\";s:0:\"\";s:9:\"basecdata\";a:1:{s:3:\"obj\";r:2;}s:18:\"defaultGetDataArgs\";a:3:{s:4:\"sort\";i:0;s:14:\"includedeleted\";i:0;s:5:\"rscid\";s:0:\"\";}s:9:\"deletable\";i:1;s:13:\"deletetoggled\";i:1;s:6:\"errmsg\";N;s:9:\"namefield\";s:8:\"hostname\";s:7:\"addable\";i:1;s:8:\"jsondata\";a:1:{s:10:\"showcancel\";i:0;}}s:5:\"rscid\";s:1:\"2\";s:7:\"olddata\";a:44:{s:2:\"id\";s:1:\"2\";s:5:\"state\";s:11:\"maintenance\";s:7:\"stateid\";s:2:\"10\";s:5:\"owner\";s:11:\"admin@Local\";s:7:\"ownerid\";s:1:\"1\";s:8:\"platform\";s:4:\"i386\";s:10:\"platformid\";s:1:\"1\";s:8:\"schedule\";s:8:\"VCL 24x7\";s:10:\"scheduleid\";s:1:\"1\";s:10:\"currentimg\";s:8:\"No Image\";s:12:\"currentimgid\";s:1:\"1\";s:15:\"imagerevisionid\";s:1:\"1\";s:13:\"imagerevision\";s:1:\"0\";s:7:\"nextimg\";s:8:\"No Image\";s:9:\"nextimgid\";s:1:\"1\";s:3:\"ram\";s:4:\"4096\";s:10:\"procnumber\";s:1:\"4\";s:9:\"procspeed\";s:4:\"3000\";s:7:\"network\";s:4:\"1000\";s:8:\"hostname\";s:13:\"TestComputer1\";s:9:\"IPaddress\";s:11:\"10.10.11.11\";s:16:\"privateIPaddress\";s:10:\"10.10.22.1\";s:14:\"eth0macaddress\";s:17:\"20:22:78:33:02:01\";s:14:\"eth1macaddress\";s:17:\"20:22:78:33:02:02\";s:4:\"type\";s:14:\"virtualmachine\";s:7:\"deleted\";s:1:\"0\";s:10:\"resourceid\";s:2:\"12\";s:5:\"notes\";N;s:8:\"vmhostid\";N;s:6:\"vmhost\";N;s:16:\"vmhostcomputerid\";N;s:8:\"location\";s:0:\"\";s:14:\"provisioningid\";s:1:\"9\";s:12:\"provisioning\";s:26:\"Libvirt Virtualization API\";s:11:\"vmprofileid\";N;s:18:\"predictivemoduleid\";s:2:\"31\";s:16:\"predictivemodule\";s:34:\"Unload/power off after reservation\";s:9:\"nathostid\";N;s:16:\"nathostenabledid\";N;s:18:\"natpublicIPaddress\";s:0:\"\";s:20:\"natinternalIPaddress\";s:0:\"\";s:10:\"natenabled\";i:0;s:7:\"nathost\";s:0:\"\";s:14:\"nathostenabled\";i:0;}}',1,NULL,'4c68b6b0a7ddf775736193c2e2e52596'),('4ca906716f1e54dff3eb7384d7f61b72',1,'2017-12-01 14:34:07','image','changeLocale','a:3:{s:2:\"IP\";s:9:\"127.0.0.1\";s:7:\"oldmode\";s:5:\"image\";s:6:\"locale\";s:5:\"en_US\";}',1,NULL,'4ca906716f1e54dff3eb7384d7f61b72'),('4d69e84175607201f62ec297471a5b25',1,'2017-12-21 10:38:43','viewRequests','AJupdateWaitTime','a:8:{s:10:\"baseaccess\";i:1;s:13:\"imagingaccess\";i:1;s:12:\"serveraccess\";i:1;s:7:\"openend\";i:1;s:11:\"nousercheck\";i:1;s:7:\"imaging\";s:1:\"0\";s:9:\"noimaging\";a:0:{}s:10:\"maxinitial\";s:3:\"480\";}',1,NULL,'4d69e84175607201f62ec297471a5b25'),('4db5c487de77bf3338abd77ed702d788',1,'2017-12-15 10:38:43','viewRequests','changeLocale','a:3:{s:2:\"IP\";s:9:\"127.0.0.1\";s:7:\"oldmode\";s:12:\"viewRequests\";s:6:\"locale\";s:5:\"ja_JP\";}',1,NULL,'4db5c487de77bf3338abd77ed702d788'),('4eb8ff5b9b34d7f9ebfcbd3ae497b98c',1,'2017-12-01 14:35:16','groupMapHTML','changeLocale','a:3:{s:2:\"IP\";s:9:\"127.0.0.1\";s:7:\"oldmode\";s:12:\"groupMapHTML\";s:6:\"locale\";s:5:\"en_US\";}',1,NULL,'4eb8ff5b9b34d7f9ebfcbd3ae497b98c'),('4f600758af5bce2dfb8b87502da8e324',1,'2017-12-07 14:35:27','viewResources','AJgenerateDHCPdata','a:1:{s:3:\"obj\";O:8:\"Computer\":13:{s:7:\"restype\";s:8:\"computer\";s:11:\"restypename\";s:8:\"Computer\";s:10:\"hasmapping\";i:0;s:7:\"maptype\";s:0:\"\";s:11:\"maptypename\";s:0:\"\";s:9:\"basecdata\";a:1:{s:3:\"obj\";r:2;}s:18:\"defaultGetDataArgs\";a:3:{s:4:\"sort\";i:0;s:14:\"includedeleted\";i:0;s:5:\"rscid\";s:0:\"\";}s:9:\"deletable\";i:1;s:13:\"deletetoggled\";i:1;s:6:\"errmsg\";N;s:9:\"namefield\";s:8:\"hostname\";s:7:\"addable\";i:1;s:8:\"jsondata\";a:0:{}}}',1,NULL,'4f600758af5bce2dfb8b87502da8e324'),('4f854829224658fe46564aef942db315',1,'2017-12-06 10:23:53','AJviewRequests','AJeditRequest','a:1:{s:9:\"requestid\";s:1:\"4\";}',1,NULL,'4f854829224658fe46564aef942db315'),('4fb5173867e51f673a80edbceb900c08',1,'2017-12-01 13:47:11','AJaddRemResourceGroup','changeLocale','a:3:{s:2:\"IP\";s:9:\"127.0.0.1\";s:7:\"oldmode\";s:21:\"AJaddRemResourceGroup\";s:6:\"locale\";s:5:\"es_CR\";}',1,NULL,'4fb5173867e51f673a80edbceb900c08'),('519393187c54e4ec451dfa5f6366e327',1,'2017-12-01 14:33:53','AJsetTZoffset','changeLocale','a:3:{s:2:\"IP\";s:9:\"127.0.0.1\";s:7:\"oldmode\";s:13:\"AJsetTZoffset\";s:6:\"locale\";s:5:\"zh_CN\";}',1,NULL,'519393187c54e4ec451dfa5f6366e327'),('533f59bda60dbe81dd183dd9ab4662cc',1,'2017-12-01 14:35:27','viewResources','changeLocale','a:3:{s:2:\"IP\";s:9:\"127.0.0.1\";s:7:\"oldmode\";s:13:\"viewResources\";s:6:\"locale\";s:5:\"es_CR\";}',1,NULL,'533f59bda60dbe81dd183dd9ab4662cc'),('545fe82d31e4a0420e7e1b0205b531e3',1,'2017-12-07 14:35:27','viewResources','AJcompNATchange','a:1:{s:3:\"obj\";O:8:\"Computer\":13:{s:7:\"restype\";s:8:\"computer\";s:11:\"restypename\";s:8:\"Computer\";s:10:\"hasmapping\";i:0;s:7:\"maptype\";s:0:\"\";s:11:\"maptypename\";s:0:\"\";s:9:\"basecdata\";a:1:{s:3:\"obj\";r:2;}s:18:\"defaultGetDataArgs\";a:3:{s:4:\"sort\";i:0;s:14:\"includedeleted\";i:0;s:5:\"rscid\";s:0:\"\";}s:9:\"deletable\";i:1;s:13:\"deletetoggled\";i:1;s:6:\"errmsg\";N;s:9:\"namefield\";s:8:\"hostname\";s:7:\"addable\";i:1;s:8:\"jsondata\";a:0:{}}}',1,NULL,'545fe82d31e4a0420e7e1b0205b531e3'),('548848da2040bb89b601e9c628546ed8',1,'2017-12-07 14:35:27','viewResources','AJcompProvisioningChange','a:1:{s:3:\"obj\";O:8:\"Computer\":13:{s:7:\"restype\";s:8:\"computer\";s:11:\"restypename\";s:8:\"Computer\";s:10:\"hasmapping\";i:0;s:7:\"maptype\";s:0:\"\";s:11:\"maptypename\";s:0:\"\";s:9:\"basecdata\";a:1:{s:3:\"obj\";r:2;}s:18:\"defaultGetDataArgs\";a:3:{s:4:\"sort\";i:0;s:14:\"includedeleted\";i:0;s:5:\"rscid\";s:0:\"\";}s:9:\"deletable\";i:1;s:13:\"deletetoggled\";i:1;s:6:\"errmsg\";N;s:9:\"namefield\";s:8:\"hostname\";s:7:\"addable\";i:1;s:8:\"jsondata\";a:0:{}}}',1,NULL,'548848da2040bb89b601e9c628546ed8'),('5519631c19762fc6531e3695d74705b4',1,'2017-12-01 14:35:21','viewGroups','changeLocale','a:3:{s:2:\"IP\";s:9:\"127.0.0.1\";s:7:\"oldmode\";s:10:\"viewGroups\";s:6:\"locale\";s:5:\"es_CR\";}',1,NULL,'5519631c19762fc6531e3695d74705b4'),('553ea5aac22af55406b3829f22517add',1,'2017-12-01 14:35:21','viewGroups','changeLocale','a:3:{s:2:\"IP\";s:9:\"127.0.0.1\";s:7:\"oldmode\";s:10:\"viewGroups\";s:6:\"locale\";s:5:\"es_MX\";}',1,NULL,'553ea5aac22af55406b3829f22517add'),('558dfd9d5f6c88310cc456cb64936411',1,'2017-12-07 14:35:25','computer','viewResources','a:1:{s:3:\"obj\";O:8:\"Computer\":13:{s:7:\"restype\";s:8:\"computer\";s:11:\"restypename\";s:8:\"Computer\";s:10:\"hasmapping\";i:0;s:7:\"maptype\";s:0:\"\";s:11:\"maptypename\";s:0:\"\";s:9:\"basecdata\";a:1:{s:3:\"obj\";r:2;}s:18:\"defaultGetDataArgs\";a:3:{s:4:\"sort\";i:0;s:14:\"includedeleted\";i:0;s:5:\"rscid\";s:0:\"\";}s:9:\"deletable\";i:1;s:13:\"deletetoggled\";i:1;s:6:\"errmsg\";N;s:9:\"namefield\";s:8:\"hostname\";s:7:\"addable\";i:1;s:8:\"jsondata\";a:0:{}}}',1,NULL,'558dfd9d5f6c88310cc456cb64936411'),('55ff8a761799edd9d85141f7819e2f7c',1,'2017-12-01 14:33:53','AJsetTZoffset','changeLocale','a:3:{s:2:\"IP\";s:9:\"127.0.0.1\";s:7:\"oldmode\";s:13:\"AJsetTZoffset\";s:6:\"locale\";s:5:\"en_US\";}',1,NULL,'55ff8a761799edd9d85141f7819e2f7c'),('563b8b56e6c480198a2b56376d8b256a',1,'2017-12-01 14:34:07','image','changeLocale','a:3:{s:2:\"IP\";s:9:\"127.0.0.1\";s:7:\"oldmode\";s:5:\"image\";s:6:\"locale\";s:5:\"es_CR\";}',1,NULL,'563b8b56e6c480198a2b56376d8b256a'),('56ae9f7213debc717e9d57083b24698f',1,'2017-12-07 14:35:27','viewResources','AJhostsData','a:1:{s:3:\"obj\";O:8:\"Computer\":13:{s:7:\"restype\";s:8:\"computer\";s:11:\"restypename\";s:8:\"Computer\";s:10:\"hasmapping\";i:0;s:7:\"maptype\";s:0:\"\";s:11:\"maptypename\";s:0:\"\";s:9:\"basecdata\";a:1:{s:3:\"obj\";r:2;}s:18:\"defaultGetDataArgs\";a:3:{s:4:\"sort\";i:0;s:14:\"includedeleted\";i:0;s:5:\"rscid\";s:0:\"\";}s:9:\"deletable\";i:1;s:13:\"deletetoggled\";i:1;s:6:\"errmsg\";N;s:9:\"namefield\";s:8:\"hostname\";s:7:\"addable\";i:1;s:8:\"jsondata\";a:0:{}}}',1,NULL,'56ae9f7213debc717e9d57083b24698f'),('57a24eab3f11abddb734a155c478c27f',1,'2017-12-01 14:33:53','AJsetTZoffset','changeLocale','a:3:{s:2:\"IP\";s:9:\"127.0.0.1\";s:7:\"oldmode\";s:13:\"AJsetTZoffset\";s:6:\"locale\";s:5:\"es_CR\";}',1,NULL,'57a24eab3f11abddb734a155c478c27f'),('57c4b4982db51b47cbe744e0de290a01',1,'2017-12-07 14:35:27','viewResources','AJsaveResource','a:2:{s:3:\"obj\";O:8:\"Computer\":13:{s:7:\"restype\";s:8:\"computer\";s:11:\"restypename\";s:8:\"Computer\";s:10:\"hasmapping\";i:0;s:7:\"maptype\";s:0:\"\";s:11:\"maptypename\";s:0:\"\";s:9:\"basecdata\";a:1:{s:3:\"obj\";r:2;}s:18:\"defaultGetDataArgs\";a:3:{s:4:\"sort\";i:0;s:14:\"includedeleted\";i:0;s:5:\"rscid\";s:0:\"\";}s:9:\"deletable\";i:1;s:13:\"deletetoggled\";i:1;s:6:\"errmsg\";N;s:9:\"namefield\";s:8:\"hostname\";s:7:\"addable\";i:1;s:8:\"jsondata\";a:0:{}}s:3:\"add\";i:1;}',1,NULL,'57c4b4982db51b47cbe744e0de290a01'),('580d8e2c9446cdd096963a462765e6b9',1,'2017-12-01 13:46:54','AJaddRemGroupResource','changeLocale','a:3:{s:2:\"IP\";s:9:\"127.0.0.1\";s:7:\"oldmode\";s:21:\"AJaddRemGroupResource\";s:6:\"locale\";s:5:\"ja_JP\";}',1,NULL,'580d8e2c9446cdd096963a462765e6b9'),('5968329e777f5e812f40ea407adb349c',1,'2017-12-13 14:01:58','viewRequests','AJstartImage','a:1:{s:9:\"requestid\";s:2:\"13\";}',1,NULL,'5968329e777f5e812f40ea407adb349c'),('5a4b2ea2fce84a12a895362d3ee1ae97',1,'2017-12-01 14:34:10','jsonResourceMappingGroups','changeLocale','a:3:{s:2:\"IP\";s:9:\"127.0.0.1\";s:7:\"oldmode\";s:25:\"jsonResourceMappingGroups\";s:6:\"locale\";s:5:\"fr_CA\";}',1,NULL,'5a4b2ea2fce84a12a895362d3ee1ae97'),('5d0547e1c6d83ffd887f8954eeb320eb',1,'2017-12-01 13:46:54','AJaddRemGroupResource','changeLocale','a:3:{s:2:\"IP\";s:9:\"127.0.0.1\";s:7:\"oldmode\";s:21:\"AJaddRemGroupResource\";s:6:\"locale\";s:5:\"en_US\";}',1,NULL,'5d0547e1c6d83ffd887f8954eeb320eb'),('600dbddc45450426de85f7c555b57901',1,'2017-12-01 14:35:16','groupMapHTML','changeLocale','a:3:{s:2:\"IP\";s:9:\"127.0.0.1\";s:7:\"oldmode\";s:12:\"groupMapHTML\";s:6:\"locale\";s:5:\"fr_CA\";}',1,NULL,'600dbddc45450426de85f7c555b57901'),('60655ccbef7830fbe0f7ddc49d9ea102',1,'2017-12-07 14:34:09','groupMapHTML','AJaddRemMapToGroup','a:2:{s:3:\"obj\";O:5:\"Image\":13:{s:7:\"restype\";s:5:\"image\";s:11:\"restypename\";s:5:\"Image\";s:10:\"hasmapping\";i:1;s:7:\"maptype\";s:8:\"computer\";s:11:\"maptypename\";s:8:\"Computer\";s:9:\"basecdata\";a:1:{s:3:\"obj\";r:2;}s:18:\"defaultGetDataArgs\";a:2:{s:14:\"includedeleted\";i:0;s:5:\"rscid\";i:0;}s:9:\"deletable\";i:1;s:13:\"deletetoggled\";i:1;s:6:\"errmsg\";N;s:9:\"namefield\";s:10:\"prettyname\";s:7:\"addable\";i:0;s:8:\"jsondata\";a:0:{}}s:4:\"mode\";s:6:\"remove\";}',1,NULL,'60655ccbef7830fbe0f7ddc49d9ea102'),('61adb42b2e750ef8479e5ea0d912362d',1,'2017-12-01 13:47:11','AJaddRemResourceGroup','changeLocale','a:3:{s:2:\"IP\";s:9:\"127.0.0.1\";s:7:\"oldmode\";s:21:\"AJaddRemResourceGroup\";s:6:\"locale\";s:5:\"ja_JP\";}',1,NULL,'61adb42b2e750ef8479e5ea0d912362d'),('62cb3b8ac7b77a95784ec25158c428dc',1,'2017-12-01 14:36:19','vmhostdata','changeLocale','a:3:{s:2:\"IP\";s:9:\"127.0.0.1\";s:7:\"oldmode\";s:10:\"vmhostdata\";s:6:\"locale\";s:5:\"ja_JP\";}',1,NULL,'62cb3b8ac7b77a95784ec25158c428dc'),('655423bc4c3543c263efb9e3161b0536',1,'2017-12-13 14:01:58','viewRequests','AJconfirmDeleteRequest','a:2:{s:9:\"requestid\";s:2:\"13\";s:10:\"notbyowner\";i:0;}',1,NULL,'655423bc4c3543c263efb9e3161b0536'),('65fd7f054da54c559cffc502daeb21e8',1,'2017-12-07 14:36:17','editVMInfo','AJvmFromHost','a:0:{}',1,NULL,'65fd7f054da54c559cffc502daeb21e8'),('662b44bb6edc31366829f639a2fda409',1,'2017-12-15 10:38:43','viewRequests','AJviewRequests','a:0:{}',1,NULL,'662b44bb6edc31366829f639a2fda409'),('68090166650a73e7eeb77042aec027b0',1,'2017-12-07 14:36:17','editVMInfo','AJcancelVMmove','a:0:{}',1,NULL,'68090166650a73e7eeb77042aec027b0'),('68a74b22c3505985993845047812154e',1,'2017-12-07 14:34:09','groupMapHTML','AJaddRemResourceGroup','a:2:{s:3:\"obj\";O:5:\"Image\":13:{s:7:\"restype\";s:5:\"image\";s:11:\"restypename\";s:5:\"Image\";s:10:\"hasmapping\";i:1;s:7:\"maptype\";s:8:\"computer\";s:11:\"maptypename\";s:8:\"Computer\";s:9:\"basecdata\";a:1:{s:3:\"obj\";r:2;}s:18:\"defaultGetDataArgs\";a:2:{s:14:\"includedeleted\";i:0;s:5:\"rscid\";i:0;}s:9:\"deletable\";i:1;s:13:\"deletetoggled\";i:1;s:6:\"errmsg\";N;s:9:\"namefield\";s:10:\"prettyname\";s:7:\"addable\";i:0;s:8:\"jsondata\";a:0:{}}s:4:\"mode\";s:3:\"add\";}',1,NULL,'68a74b22c3505985993845047812154e'),('68abc16622cf44bd55b1a38c72027f63',1,'2017-12-01 14:35:25','computer','changeLocale','a:3:{s:2:\"IP\";s:9:\"127.0.0.1\";s:7:\"oldmode\";s:8:\"computer\";s:6:\"locale\";s:5:\"ja_JP\";}',1,NULL,'68abc16622cf44bd55b1a38c72027f63'),('6abf01f8a245837cc819581695296d36',1,'2017-12-15 10:38:40','main','changeLocale','a:3:{s:2:\"IP\";s:9:\"127.0.0.1\";s:7:\"oldmode\";s:4:\"main\";s:6:\"locale\";s:5:\"fr_CA\";}',1,NULL,'6abf01f8a245837cc819581695296d36'),('6ad1a1985648b2e2c7e4ee978319e46c',1,'2017-12-01 14:34:10','jsonResourceMappingGroups','changeLocale','a:3:{s:2:\"IP\";s:9:\"127.0.0.1\";s:7:\"oldmode\";s:25:\"jsonResourceMappingGroups\";s:6:\"locale\";s:5:\"es_CR\";}',1,NULL,'6ad1a1985648b2e2c7e4ee978319e46c'),('6ae67b15314535a4932bbf05fdc31ed2',1,'2017-12-07 14:34:07','image','groupMapHTML','a:1:{s:3:\"obj\";O:5:\"Image\":13:{s:7:\"restype\";s:5:\"image\";s:11:\"restypename\";s:5:\"Image\";s:10:\"hasmapping\";i:1;s:7:\"maptype\";s:8:\"computer\";s:11:\"maptypename\";s:8:\"Computer\";s:9:\"basecdata\";a:1:{s:3:\"obj\";r:2;}s:18:\"defaultGetDataArgs\";a:2:{s:14:\"includedeleted\";i:0;s:5:\"rscid\";i:0;}s:9:\"deletable\";i:1;s:13:\"deletetoggled\";i:1;s:6:\"errmsg\";N;s:9:\"namefield\";s:10:\"prettyname\";s:7:\"addable\";i:0;s:8:\"jsondata\";a:0:{}}}',1,NULL,'6ae67b15314535a4932bbf05fdc31ed2'),('6bfc08082bf6c241ec0d99f8745fcb29',1,'2017-12-14 11:09:48','viewRequests','AJeditRequest','a:1:{s:9:\"requestid\";s:2:\"15\";}',1,NULL,'6bfc08082bf6c241ec0d99f8745fcb29'),('6cf68ed05b5d69b2669926a546b25e32',1,'2017-12-07 14:35:22','viewGroups','jsonGetGroupInfo','a:0:{}',1,NULL,'6cf68ed05b5d69b2669926a546b25e32'),('6d66695cd324420ba7bacb6bda41699d',1,'2017-12-01 14:35:17','jsonResourceGroupingGroups','changeLocale','a:3:{s:2:\"IP\";s:9:\"127.0.0.1\";s:7:\"oldmode\";s:26:\"jsonResourceGroupingGroups\";s:6:\"locale\";s:5:\"es_CR\";}',1,NULL,'6d66695cd324420ba7bacb6bda41699d'),('6d9251e830c0ddeb75b893d4073401c5',1,'2017-12-07 14:34:09','groupMapHTML','jsonResourceGroupingGroups','a:4:{s:3:\"obj\";O:5:\"Image\":13:{s:7:\"restype\";s:5:\"image\";s:11:\"restypename\";s:5:\"Image\";s:10:\"hasmapping\";i:1;s:7:\"maptype\";s:8:\"computer\";s:11:\"maptypename\";s:8:\"Computer\";s:9:\"basecdata\";a:1:{s:3:\"obj\";r:2;}s:18:\"defaultGetDataArgs\";a:2:{s:14:\"includedeleted\";i:0;s:5:\"rscid\";i:0;}s:9:\"deletable\";i:1;s:13:\"deletetoggled\";i:1;s:6:\"errmsg\";N;s:9:\"namefield\";s:10:\"prettyname\";s:7:\"addable\";i:0;s:8:\"jsondata\";a:0:{}}s:5:\"store\";s:21:\"resourcetogroupsstore\";s:7:\"intitle\";s:8:\"ingroups\";s:8:\"outtitle\";s:9:\"outgroups\";}',1,NULL,'6d9251e830c0ddeb75b893d4073401c5'),('6ed1c4ce30466d83e02c0a11d5c7fd3f',1,'2017-12-07 14:35:27','viewResources','AJreloadComputers','a:1:{s:3:\"obj\";O:8:\"Computer\":13:{s:7:\"restype\";s:8:\"computer\";s:11:\"restypename\";s:8:\"Computer\";s:10:\"hasmapping\";i:0;s:7:\"maptype\";s:0:\"\";s:11:\"maptypename\";s:0:\"\";s:9:\"basecdata\";a:1:{s:3:\"obj\";r:2;}s:18:\"defaultGetDataArgs\";a:3:{s:4:\"sort\";i:0;s:14:\"includedeleted\";i:0;s:5:\"rscid\";s:0:\"\";}s:9:\"deletable\";i:1;s:13:\"deletetoggled\";i:1;s:6:\"errmsg\";N;s:9:\"namefield\";s:8:\"hostname\";s:7:\"addable\";i:1;s:8:\"jsondata\";a:0:{}}}',1,NULL,'6ed1c4ce30466d83e02c0a11d5c7fd3f'),('6f1cf7242ffce22e30bf68377482e4c4',1,'2017-12-01 13:47:11','AJaddRemResourceGroup','changeLocale','a:3:{s:2:\"IP\";s:9:\"127.0.0.1\";s:7:\"oldmode\";s:21:\"AJaddRemResourceGroup\";s:6:\"locale\";s:5:\"en_US\";}',1,NULL,'6f1cf7242ffce22e30bf68377482e4c4'),('6f4f1f29557f86a69ceb31706222890e',1,'2017-12-01 14:34:19','jsonResourceMappingMapToGroups','changeLocale','a:3:{s:2:\"IP\";s:9:\"127.0.0.1\";s:7:\"oldmode\";s:30:\"jsonResourceMappingMapToGroups\";s:6:\"locale\";s:5:\"pt_PT\";}',1,NULL,'6f4f1f29557f86a69ceb31706222890e'),('707371444f9d9ff1acb5c0ecdfda0076',1,'2017-12-07 14:35:27','viewResources','AJcompStateChange','a:2:{s:3:\"obj\";O:8:\"Computer\":13:{s:7:\"restype\";s:8:\"computer\";s:11:\"restypename\";s:8:\"Computer\";s:10:\"hasmapping\";i:0;s:7:\"maptype\";s:0:\"\";s:11:\"maptypename\";s:0:\"\";s:9:\"basecdata\";a:1:{s:3:\"obj\";r:2;}s:18:\"defaultGetDataArgs\";a:3:{s:4:\"sort\";i:0;s:14:\"includedeleted\";i:0;s:5:\"rscid\";s:0:\"\";}s:9:\"deletable\";i:1;s:13:\"deletetoggled\";i:1;s:6:\"errmsg\";N;s:9:\"namefield\";s:8:\"hostname\";s:7:\"addable\";i:1;s:8:\"jsondata\";a:0:{}}s:6:\"states\";a:4:{i:2;s:9:\"available\";i:23;s:3:\"hpc\";i:10;s:11:\"maintenance\";i:20;s:22:\"convert to vmhostinuse\";}}',1,NULL,'707371444f9d9ff1acb5c0ecdfda0076'),('70f6d3a726ff5b6259ccab5479495533',1,'2017-12-01 14:36:25','AJvmToHost','changeLocale','a:3:{s:2:\"IP\";s:9:\"127.0.0.1\";s:7:\"oldmode\";s:10:\"AJvmToHost\";s:6:\"locale\";s:5:\"es_MX\";}',1,NULL,'70f6d3a726ff5b6259ccab5479495533'),('71528306f69e3a3b5b4f344c6fa650da',1,'2017-12-01 14:34:07','image','changeLocale','a:3:{s:2:\"IP\";s:9:\"127.0.0.1\";s:7:\"oldmode\";s:5:\"image\";s:6:\"locale\";s:5:\"zh_CN\";}',1,NULL,'71528306f69e3a3b5b4f344c6fa650da'),('71df9f7b2a5be23c23ce9f30b99107e7',1,'2017-12-13 14:02:17','AJsubmitRemoveRequest','changeLocale','a:3:{s:2:\"IP\";s:9:\"127.0.0.1\";s:7:\"oldmode\";s:21:\"AJsubmitRemoveRequest\";s:6:\"locale\";s:5:\"es_MX\";}',1,NULL,'71df9f7b2a5be23c23ce9f30b99107e7'),('72d02e3e54e046df177a80524e47d098',1,'2017-12-01 14:36:09','AJeditResource','changeLocale','a:3:{s:2:\"IP\";s:9:\"127.0.0.1\";s:7:\"oldmode\";s:14:\"AJeditResource\";s:6:\"locale\";s:5:\"es_MX\";}',1,NULL,'72d02e3e54e046df177a80524e47d098'),('73a00dccd32de6dafc3a9e4a7f523224',1,'2017-12-01 14:36:09','AJeditResource','changeLocale','a:3:{s:2:\"IP\";s:9:\"127.0.0.1\";s:7:\"oldmode\";s:14:\"AJeditResource\";s:6:\"locale\";s:5:\"zh_CN\";}',1,NULL,'73a00dccd32de6dafc3a9e4a7f523224'),('73b98b1316b74d85741518a1c496a72e',1,'2017-12-14 11:10:00','AJviewRequests','AJconfirmRemoveRequest','a:1:{s:9:\"requestid\";s:2:\"14\";}',1,NULL,'73b98b1316b74d85741518a1c496a72e'),('74aa8486c94f1f4e9a0b84d35e825bd2',1,'2017-12-01 14:36:09','AJeditResource','changeLocale','a:3:{s:2:\"IP\";s:9:\"127.0.0.1\";s:7:\"oldmode\";s:14:\"AJeditResource\";s:6:\"locale\";s:5:\"ja_JP\";}',1,NULL,'74aa8486c94f1f4e9a0b84d35e825bd2'),('75c33dd4d820588df2efec045dfca12a',1,'2017-12-01 14:35:21','viewGroups','changeLocale','a:3:{s:2:\"IP\";s:9:\"127.0.0.1\";s:7:\"oldmode\";s:10:\"viewGroups\";s:6:\"locale\";s:5:\"fr_CA\";}',1,NULL,'75c33dd4d820588df2efec045dfca12a'),('76421615956ca15dbcaeb8085be98b37',1,'2017-12-21 10:38:43','viewRequests','AJpreviewClickThrough','a:0:{}',1,NULL,'76421615956ca15dbcaeb8085be98b37'),('76951447a8905d019da8d05147f1aeef',1,'2017-12-07 14:34:07','image','viewResources','a:1:{s:3:\"obj\";O:5:\"Image\":13:{s:7:\"restype\";s:5:\"image\";s:11:\"restypename\";s:5:\"Image\";s:10:\"hasmapping\";i:1;s:7:\"maptype\";s:8:\"computer\";s:11:\"maptypename\";s:8:\"Computer\";s:9:\"basecdata\";a:1:{s:3:\"obj\";r:2;}s:18:\"defaultGetDataArgs\";a:2:{s:14:\"includedeleted\";i:0;s:5:\"rscid\";i:0;}s:9:\"deletable\";i:1;s:13:\"deletetoggled\";i:1;s:6:\"errmsg\";N;s:9:\"namefield\";s:10:\"prettyname\";s:7:\"addable\";i:0;s:8:\"jsondata\";a:0:{}}}',1,NULL,'76951447a8905d019da8d05147f1aeef'),('76d4aec294382550171ab6859093a16d',1,'2017-12-07 14:35:22','viewGroups','addGroup','a:1:{s:4:\"type\";s:4:\"user\";}',1,NULL,'76d4aec294382550171ab6859093a16d'),('7826e4b7c8cd661d809bc1a4fe27a04e',1,'2017-12-14 11:10:00','AJviewRequests','changeLocale','a:3:{s:2:\"IP\";s:9:\"127.0.0.1\";s:7:\"oldmode\";s:14:\"AJviewRequests\";s:6:\"locale\";s:5:\"pt_PT\";}',1,NULL,'7826e4b7c8cd661d809bc1a4fe27a04e'),('78e8dd24b134f2f5f7d8983a7058ca69',1,'2017-12-01 14:36:16','editVMInfo','changeLocale','a:3:{s:2:\"IP\";s:9:\"127.0.0.1\";s:7:\"oldmode\";s:10:\"editVMInfo\";s:6:\"locale\";s:5:\"fr_CA\";}',1,NULL,'78e8dd24b134f2f5f7d8983a7058ca69'),('7933575da6a8447a7f56c0343e487355',1,'2017-12-07 14:34:09','groupMapHTML','AJaddRemResourceGroup','a:2:{s:3:\"obj\";O:5:\"Image\":13:{s:7:\"restype\";s:5:\"image\";s:11:\"restypename\";s:5:\"Image\";s:10:\"hasmapping\";i:1;s:7:\"maptype\";s:8:\"computer\";s:11:\"maptypename\";s:8:\"Computer\";s:9:\"basecdata\";a:1:{s:3:\"obj\";r:2;}s:18:\"defaultGetDataArgs\";a:2:{s:14:\"includedeleted\";i:0;s:5:\"rscid\";i:0;}s:9:\"deletable\";i:1;s:13:\"deletetoggled\";i:1;s:6:\"errmsg\";N;s:9:\"namefield\";s:10:\"prettyname\";s:7:\"addable\";i:0;s:8:\"jsondata\";a:0:{}}s:4:\"mode\";s:6:\"remove\";}',1,NULL,'7933575da6a8447a7f56c0343e487355'),('79de168353f50f4ed336429685d2ecd0',1,'2017-12-01 14:35:22','jsonUserGroupStore','changeLocale','a:3:{s:2:\"IP\";s:9:\"127.0.0.1\";s:7:\"oldmode\";s:18:\"jsonUserGroupStore\";s:6:\"locale\";s:5:\"pt_PT\";}',1,NULL,'79de168353f50f4ed336429685d2ecd0'),('7a3d69ebfad00fc3f49953fcef928653',1,'2017-12-01 14:35:22','jsonResourceGroupStore','changeLocale','a:3:{s:2:\"IP\";s:9:\"127.0.0.1\";s:7:\"oldmode\";s:22:\"jsonResourceGroupStore\";s:6:\"locale\";s:5:\"ja_JP\";}',1,NULL,'7a3d69ebfad00fc3f49953fcef928653'),('7c7a16ef0bc05cb5b7ed6b592df53357',1,'2017-12-13 13:37:36','AJnewRequest','changeLocale','a:3:{s:2:\"IP\";s:9:\"127.0.0.1\";s:7:\"oldmode\";s:12:\"AJnewRequest\";s:6:\"locale\";s:5:\"es_MX\";}',1,NULL,'7c7a16ef0bc05cb5b7ed6b592df53357'),('7cc708c3e7f0c6ec94bbe97c6f0fa18c',1,'2017-12-01 14:35:17','jsonResourceGroupingResources','changeLocale','a:3:{s:2:\"IP\";s:9:\"127.0.0.1\";s:7:\"oldmode\";s:29:\"jsonResourceGroupingResources\";s:6:\"locale\";s:5:\"es_MX\";}',1,NULL,'7cc708c3e7f0c6ec94bbe97c6f0fa18c'),('7dd0cab615378afba0224a82f5ed12b3',1,'2017-12-13 14:02:14','AJconfirmRemoveRequest','changeLocale','a:3:{s:2:\"IP\";s:9:\"127.0.0.1\";s:7:\"oldmode\";s:22:\"AJconfirmRemoveRequest\";s:6:\"locale\";s:5:\"es_MX\";}',1,NULL,'7dd0cab615378afba0224a82f5ed12b3'),('7e535057192173856430108b8f1c3b47',1,'2017-12-15 10:38:43','viewRequests','changeLocale','a:3:{s:2:\"IP\";s:9:\"127.0.0.1\";s:7:\"oldmode\";s:12:\"viewRequests\";s:6:\"locale\";s:5:\"zh_CN\";}',1,NULL,'7e535057192173856430108b8f1c3b47'),('7ed2c9aebc57364161e54a060f18171c',1,'2017-12-01 14:35:22','jsonUserGroupStore','changeLocale','a:3:{s:2:\"IP\";s:9:\"127.0.0.1\";s:7:\"oldmode\";s:18:\"jsonUserGroupStore\";s:6:\"locale\";s:5:\"en_US\";}',1,NULL,'7ed2c9aebc57364161e54a060f18171c'),('8073f6d2ff17182542169c13ebd6cfde',1,'2017-12-01 14:35:17','jsonResourceGroupingResources','changeLocale','a:3:{s:2:\"IP\";s:9:\"127.0.0.1\";s:7:\"oldmode\";s:29:\"jsonResourceGroupingResources\";s:6:\"locale\";s:5:\"fr_CA\";}',1,NULL,'8073f6d2ff17182542169c13ebd6cfde'),('80ca97ff36637bc4d703d4a339d43a04',1,'2017-12-01 14:36:25','AJvmToHost','changeLocale','a:3:{s:2:\"IP\";s:9:\"127.0.0.1\";s:7:\"oldmode\";s:10:\"AJvmToHost\";s:6:\"locale\";s:5:\"es_CR\";}',1,NULL,'80ca97ff36637bc4d703d4a339d43a04'),('8128ec26d6fb145f77293552ea66cfcc',1,'2017-12-01 14:36:13','AJsaveResource','changeLocale','a:3:{s:2:\"IP\";s:9:\"127.0.0.1\";s:7:\"oldmode\";s:14:\"AJsaveResource\";s:6:\"locale\";s:5:\"fr_CA\";}',1,NULL,'8128ec26d6fb145f77293552ea66cfcc'),('8185fbb655e76efdcb696288ef68c2c7',1,'2017-12-06 10:23:53','AJviewRequests','AJconfirmDeleteRequest','a:2:{s:9:\"requestid\";s:1:\"4\";s:10:\"notbyowner\";i:0;}',1,NULL,'8185fbb655e76efdcb696288ef68c2c7'),('821b4930a9167950702c3c39fdeaafbb',1,'2017-12-07 14:35:27','viewResources','AJcompPredictiveModuleChange','a:1:{s:3:\"obj\";O:8:\"Computer\":13:{s:7:\"restype\";s:8:\"computer\";s:11:\"restypename\";s:8:\"Computer\";s:10:\"hasmapping\";i:0;s:7:\"maptype\";s:0:\"\";s:11:\"maptypename\";s:0:\"\";s:9:\"basecdata\";a:1:{s:3:\"obj\";r:2;}s:18:\"defaultGetDataArgs\";a:3:{s:4:\"sort\";i:0;s:14:\"includedeleted\";i:0;s:5:\"rscid\";s:0:\"\";}s:9:\"deletable\";i:1;s:13:\"deletetoggled\";i:1;s:6:\"errmsg\";N;s:9:\"namefield\";s:8:\"hostname\";s:7:\"addable\";i:1;s:8:\"jsondata\";a:0:{}}}',1,NULL,'821b4930a9167950702c3c39fdeaafbb'),('827b3b2b814129b509af99714811ec7e',1,'2017-12-01 14:35:25','computer','changeLocale','a:3:{s:2:\"IP\";s:9:\"127.0.0.1\";s:7:\"oldmode\";s:8:\"computer\";s:6:\"locale\";s:5:\"es_MX\";}',1,NULL,'827b3b2b814129b509af99714811ec7e'),('8315e9323dd74212c395f0e955f9b2c7',1,'2017-12-13 14:02:14','AJconfirmRemoveRequest','changeLocale','a:3:{s:2:\"IP\";s:9:\"127.0.0.1\";s:7:\"oldmode\";s:22:\"AJconfirmRemoveRequest\";s:6:\"locale\";s:5:\"pt_PT\";}',1,NULL,'8315e9323dd74212c395f0e955f9b2c7'),('85fd8ca237fa45ac044490402a9f09e0',1,'2017-12-07 14:35:27','viewResources','AJshowReservationHistory','a:1:{s:3:\"obj\";O:8:\"Computer\":13:{s:7:\"restype\";s:8:\"computer\";s:11:\"restypename\";s:8:\"Computer\";s:10:\"hasmapping\";i:0;s:7:\"maptype\";s:0:\"\";s:11:\"maptypename\";s:0:\"\";s:9:\"basecdata\";a:1:{s:3:\"obj\";r:2;}s:18:\"defaultGetDataArgs\";a:3:{s:4:\"sort\";i:0;s:14:\"includedeleted\";i:0;s:5:\"rscid\";s:0:\"\";}s:9:\"deletable\";i:1;s:13:\"deletetoggled\";i:1;s:6:\"errmsg\";N;s:9:\"namefield\";s:8:\"hostname\";s:7:\"addable\";i:1;s:8:\"jsondata\";a:0:{}}}',1,NULL,'85fd8ca237fa45ac044490402a9f09e0'),('864be2af7c067fbc6bb4a048bb1db1f5',1,'2017-12-01 14:36:13','AJsaveResource','changeLocale','a:3:{s:2:\"IP\";s:9:\"127.0.0.1\";s:7:\"oldmode\";s:14:\"AJsaveResource\";s:6:\"locale\";s:5:\"es_CR\";}',1,NULL,'864be2af7c067fbc6bb4a048bb1db1f5'),('8706e8d4c207efb5879ed2faa478ba98',1,'2017-12-07 14:34:09','groupMapHTML','jsonResourceMappingMapToGroups','a:4:{s:3:\"obj\";O:5:\"Image\":13:{s:7:\"restype\";s:5:\"image\";s:11:\"restypename\";s:5:\"Image\";s:10:\"hasmapping\";i:1;s:7:\"maptype\";s:8:\"computer\";s:11:\"maptypename\";s:8:\"Computer\";s:9:\"basecdata\";a:1:{s:3:\"obj\";r:2;}s:18:\"defaultGetDataArgs\";a:2:{s:14:\"includedeleted\";i:0;s:5:\"rscid\";i:0;}s:9:\"deletable\";i:1;s:13:\"deletetoggled\";i:1;s:6:\"errmsg\";N;s:9:\"namefield\";s:10:\"prettyname\";s:7:\"addable\";i:0;s:8:\"jsondata\";a:0:{}}s:5:\"store\";s:18:\"mapbyresgroupstore\";s:7:\"intitle\";s:11:\"inmapgroups\";s:8:\"outtitle\";s:12:\"outmapgroups\";}',1,NULL,'8706e8d4c207efb5879ed2faa478ba98'),('88bf467c5456a5691d856b9c96b06c8b',1,'2017-12-01 14:35:22','jsonUserGroupStore','changeLocale','a:3:{s:2:\"IP\";s:9:\"127.0.0.1\";s:7:\"oldmode\";s:18:\"jsonUserGroupStore\";s:6:\"locale\";s:5:\"es_MX\";}',1,NULL,'88bf467c5456a5691d856b9c96b06c8b'),('8933969bee770afb616faed313fb1c22',1,'2017-12-07 14:35:22','viewGroups','addGroup','a:1:{s:4:\"type\";s:8:\"resource\";}',1,NULL,'8933969bee770afb616faed313fb1c22'),('8a7880ce8fc580067ca0d9ad537f6da6',1,'2017-12-01 14:34:19','jsonResourceMappingMapToGroups','changeLocale','a:3:{s:2:\"IP\";s:9:\"127.0.0.1\";s:7:\"oldmode\";s:30:\"jsonResourceMappingMapToGroups\";s:6:\"locale\";s:5:\"fr_CA\";}',1,NULL,'8a7880ce8fc580067ca0d9ad537f6da6'),('8b1151c53d4772f81d287f20e699b244',1,'2017-12-07 14:34:09','groupMapHTML','jsonResourceMappingGroups','a:4:{s:3:\"obj\";O:5:\"Image\":13:{s:7:\"restype\";s:5:\"image\";s:11:\"restypename\";s:5:\"Image\";s:10:\"hasmapping\";i:1;s:7:\"maptype\";s:8:\"computer\";s:11:\"maptypename\";s:8:\"Computer\";s:9:\"basecdata\";a:1:{s:3:\"obj\";r:2;}s:18:\"defaultGetDataArgs\";a:2:{s:14:\"includedeleted\";i:0;s:5:\"rscid\";i:0;}s:9:\"deletable\";i:1;s:13:\"deletetoggled\";i:1;s:6:\"errmsg\";N;s:9:\"namefield\";s:10:\"prettyname\";s:7:\"addable\";i:0;s:8:\"jsondata\";a:0:{}}s:5:\"store\";s:20:\"mapbymaptogroupstore\";s:7:\"intitle\";s:13:\"inmaptogroups\";s:8:\"outtitle\";s:14:\"outmaptogroups\";}',1,NULL,'8b1151c53d4772f81d287f20e699b244'),('8bbaea4a184768732fb3fd8075f375dc',1,'2017-12-07 14:35:22','viewGroups','AJconfirmDeleteGroup','a:1:{s:4:\"type\";s:8:\"resource\";}',1,NULL,'8bbaea4a184768732fb3fd8075f375dc'),('8c111f4b4f9bbb3d2f4d00ffe003c4c4',1,'2017-12-01 14:36:25','AJvmToHost','changeLocale','a:3:{s:2:\"IP\";s:9:\"127.0.0.1\";s:7:\"oldmode\";s:10:\"AJvmToHost\";s:6:\"locale\";s:5:\"ja_JP\";}',1,NULL,'8c111f4b4f9bbb3d2f4d00ffe003c4c4'),('8c51dcc87ad1ea07d481a68a07ce59e7',1,'2017-12-01 14:35:22','jsonResourceGroupStore','changeLocale','a:3:{s:2:\"IP\";s:9:\"127.0.0.1\";s:7:\"oldmode\";s:22:\"jsonResourceGroupStore\";s:6:\"locale\";s:5:\"zh_CN\";}',1,NULL,'8c51dcc87ad1ea07d481a68a07ce59e7'),('8dc201f7e72e8283bd951f92b63730b6',1,'2017-12-13 13:58:53','AJshowRequestSuggestedTimes','changeLocale','a:3:{s:2:\"IP\";s:9:\"127.0.0.1\";s:7:\"oldmode\";s:27:\"AJshowRequestSuggestedTimes\";s:6:\"locale\";s:5:\"ja_JP\";}',1,NULL,'8dc201f7e72e8283bd951f92b63730b6'),('8e331c9df25724f2caa37319730c2e1e',1,'2017-12-01 14:36:25','AJvmToHost','changeLocale','a:3:{s:2:\"IP\";s:9:\"127.0.0.1\";s:7:\"oldmode\";s:10:\"AJvmToHost\";s:6:\"locale\";s:5:\"zh_CN\";}',1,NULL,'8e331c9df25724f2caa37319730c2e1e'),('902b0089d410c726197fce4777eb09d0',1,'2017-12-13 13:58:53','AJupdateWaitTime','changeLocale','a:3:{s:2:\"IP\";s:9:\"127.0.0.1\";s:7:\"oldmode\";s:16:\"AJupdateWaitTime\";s:6:\"locale\";s:5:\"es_CR\";}',1,NULL,'902b0089d410c726197fce4777eb09d0'),('918d6b023aab7215153febc73948e3be',1,'2017-12-01 14:35:17','jsonResourceGroupingGroups','changeLocale','a:3:{s:2:\"IP\";s:9:\"127.0.0.1\";s:7:\"oldmode\";s:26:\"jsonResourceGroupingGroups\";s:6:\"locale\";s:5:\"zh_CN\";}',1,NULL,'918d6b023aab7215153febc73948e3be'),('92101a52f26703e95c342bdb124e0cec',1,'2017-12-01 14:36:19','vmhostdata','changeLocale','a:3:{s:2:\"IP\";s:9:\"127.0.0.1\";s:7:\"oldmode\";s:10:\"vmhostdata\";s:6:\"locale\";s:5:\"en_US\";}',1,NULL,'92101a52f26703e95c342bdb124e0cec'),('94438a64a2df233af75f6ff2ab22b5c8',1,'2017-12-01 14:36:13','AJsaveResource','changeLocale','a:3:{s:2:\"IP\";s:9:\"127.0.0.1\";s:7:\"oldmode\";s:14:\"AJsaveResource\";s:6:\"locale\";s:5:\"en_US\";}',1,NULL,'94438a64a2df233af75f6ff2ab22b5c8'),('94fc7647abc1a25c220e46704539a90e',1,'2017-12-13 14:02:14','AJconfirmRemoveRequest','changeLocale','a:3:{s:2:\"IP\";s:9:\"127.0.0.1\";s:7:\"oldmode\";s:22:\"AJconfirmRemoveRequest\";s:6:\"locale\";s:5:\"ja_JP\";}',1,NULL,'94fc7647abc1a25c220e46704539a90e'),('95f21b34a2680e8c2f7931377583e5bd',1,'2017-12-01 14:34:07','image','changeLocale','a:3:{s:2:\"IP\";s:9:\"127.0.0.1\";s:7:\"oldmode\";s:5:\"image\";s:6:\"locale\";s:5:\"fr_CA\";}',1,NULL,'95f21b34a2680e8c2f7931377583e5bd'),('974db8a3dbc03ab3008bc3781b0bb5b7',1,'2017-12-13 13:58:53','AJupdateWaitTime','changeLocale','a:3:{s:2:\"IP\";s:9:\"127.0.0.1\";s:7:\"oldmode\";s:16:\"AJupdateWaitTime\";s:6:\"locale\";s:5:\"ja_JP\";}',1,NULL,'974db8a3dbc03ab3008bc3781b0bb5b7'),('978be7e0b3792ec96a21b6759de2511d',1,'2017-12-01 14:36:16','editVMInfo','changeLocale','a:3:{s:2:\"IP\";s:9:\"127.0.0.1\";s:7:\"oldmode\";s:10:\"editVMInfo\";s:6:\"locale\";s:5:\"en_US\";}',1,NULL,'978be7e0b3792ec96a21b6759de2511d'),('979a675c3084256a0238686ca51ebd77',1,'2017-12-01 14:35:27','viewResources','changeLocale','a:3:{s:2:\"IP\";s:9:\"127.0.0.1\";s:7:\"oldmode\";s:13:\"viewResources\";s:6:\"locale\";s:5:\"zh_CN\";}',1,NULL,'979a675c3084256a0238686ca51ebd77'),('9814997fb1b210258b217d47205202e9',1,'2017-12-01 14:35:27','viewResources','changeLocale','a:3:{s:2:\"IP\";s:9:\"127.0.0.1\";s:7:\"oldmode\";s:13:\"viewResources\";s:6:\"locale\";s:5:\"ja_JP\";}',1,NULL,'9814997fb1b210258b217d47205202e9'),('984a0a182bc7080b3097deaf229ea3f8',1,'2017-12-01 14:33:53','AJsetTZoffset','changeLocale','a:3:{s:2:\"IP\";s:9:\"127.0.0.1\";s:7:\"oldmode\";s:13:\"AJsetTZoffset\";s:6:\"locale\";s:5:\"es_MX\";}',1,NULL,'984a0a182bc7080b3097deaf229ea3f8'),('994afb5462c7a5dc6f0f2b67e1d0b77a',1,'2017-12-14 11:10:00','AJviewRequests','changeLocale','a:3:{s:2:\"IP\";s:9:\"127.0.0.1\";s:7:\"oldmode\";s:14:\"AJviewRequests\";s:6:\"locale\";s:5:\"ja_JP\";}',1,NULL,'994afb5462c7a5dc6f0f2b67e1d0b77a'),('999e664a8d7066f57fc5713510ca37e9',1,'2017-12-01 14:34:19','jsonResourceMappingMapToGroups','changeLocale','a:3:{s:2:\"IP\";s:9:\"127.0.0.1\";s:7:\"oldmode\";s:30:\"jsonResourceMappingMapToGroups\";s:6:\"locale\";s:5:\"es_CR\";}',1,NULL,'999e664a8d7066f57fc5713510ca37e9'),('9b09a7e2ef4910d9bef5fe85b45d0d55',1,'2017-12-01 14:35:17','jsonResourceGroupingResources','changeLocale','a:3:{s:2:\"IP\";s:9:\"127.0.0.1\";s:7:\"oldmode\";s:29:\"jsonResourceGroupingResources\";s:6:\"locale\";s:5:\"es_CR\";}',1,NULL,'9b09a7e2ef4910d9bef5fe85b45d0d55'),('9efd88ec39919f9256a99f48045a7d2a',1,'2017-12-01 14:35:22','jsonUserGroupStore','changeLocale','a:3:{s:2:\"IP\";s:9:\"127.0.0.1\";s:7:\"oldmode\";s:18:\"jsonUserGroupStore\";s:6:\"locale\";s:5:\"fr_CA\";}',1,NULL,'9efd88ec39919f9256a99f48045a7d2a'),('9f07dc33d5caac68066bbbd8530b9334',1,'2017-12-01 14:36:19','vmhostdata','changeLocale','a:3:{s:2:\"IP\";s:9:\"127.0.0.1\";s:7:\"oldmode\";s:10:\"vmhostdata\";s:6:\"locale\";s:5:\"fr_CA\";}',1,NULL,'9f07dc33d5caac68066bbbd8530b9334'),('9f470e39d51536bb93216dc1bd19d6e2',1,'2017-12-14 11:10:00','AJviewRequests','changeLocale','a:3:{s:2:\"IP\";s:9:\"127.0.0.1\";s:7:\"oldmode\";s:14:\"AJviewRequests\";s:6:\"locale\";s:5:\"fr_CA\";}',1,NULL,'9f470e39d51536bb93216dc1bd19d6e2'),('9f49d63168fcf895fe79ecec0f5154d7',1,'2017-12-01 14:36:09','AJeditResource','changeLocale','a:3:{s:2:\"IP\";s:9:\"127.0.0.1\";s:7:\"oldmode\";s:14:\"AJeditResource\";s:6:\"locale\";s:5:\"pt_PT\";}',1,NULL,'9f49d63168fcf895fe79ecec0f5154d7'),('9f8b5215965fcb26cabb60cd1c0dabe9',1,'2017-12-13 14:02:17','AJsubmitRemoveRequest','changeLocale','a:3:{s:2:\"IP\";s:9:\"127.0.0.1\";s:7:\"oldmode\";s:21:\"AJsubmitRemoveRequest\";s:6:\"locale\";s:5:\"pt_PT\";}',1,NULL,'9f8b5215965fcb26cabb60cd1c0dabe9'),('9f9c4c1a4b2b623874933a4d8e3a4225',1,'2017-12-07 14:35:22','viewGroups','editGroup','a:1:{s:4:\"type\";s:8:\"resource\";}',1,NULL,'9f9c4c1a4b2b623874933a4d8e3a4225'),('a0f6d12b93bbf6bd80819fcf4de0cf52',1,'2017-12-07 13:42:49','viewResources','viewResources','a:1:{s:3:\"obj\";O:8:\"Computer\":13:{s:7:\"restype\";s:8:\"computer\";s:11:\"restypename\";s:8:\"Computer\";s:10:\"hasmapping\";i:0;s:7:\"maptype\";s:0:\"\";s:11:\"maptypename\";s:0:\"\";s:9:\"basecdata\";a:1:{s:3:\"obj\";r:2;}s:18:\"defaultGetDataArgs\";a:3:{s:4:\"sort\";i:0;s:14:\"includedeleted\";i:0;s:5:\"rscid\";s:0:\"\";}s:9:\"deletable\";i:1;s:13:\"deletetoggled\";i:1;s:6:\"errmsg\";N;s:9:\"namefield\";s:8:\"hostname\";s:7:\"addable\";i:1;s:8:\"jsondata\";a:0:{}}}',1,NULL,'a0f6d12b93bbf6bd80819fcf4de0cf52'),('a10156d81d237e812f589f4775215582',1,'2017-12-01 14:35:22','jsonResourceGroupStore','changeLocale','a:3:{s:2:\"IP\";s:9:\"127.0.0.1\";s:7:\"oldmode\";s:22:\"jsonResourceGroupStore\";s:6:\"locale\";s:5:\"es_MX\";}',1,NULL,'a10156d81d237e812f589f4775215582'),('a17790070858a3b36785171b6b9b697b',1,'2017-12-01 13:47:11','AJaddRemResourceGroup','changeLocale','a:3:{s:2:\"IP\";s:9:\"127.0.0.1\";s:7:\"oldmode\";s:21:\"AJaddRemResourceGroup\";s:6:\"locale\";s:5:\"fr_CA\";}',1,NULL,'a17790070858a3b36785171b6b9b697b'),('a1c38e6049d956533ec2d27fde7d9f46',1,'2017-12-01 14:36:16','editVMInfo','changeLocale','a:3:{s:2:\"IP\";s:9:\"127.0.0.1\";s:7:\"oldmode\";s:10:\"editVMInfo\";s:6:\"locale\";s:5:\"es_MX\";}',1,NULL,'a1c38e6049d956533ec2d27fde7d9f46'),('a2407a8f9c8ad7a0798dee2b53f8d015',1,'2017-12-01 13:47:11','AJaddRemResourceGroup','changeLocale','a:3:{s:2:\"IP\";s:9:\"127.0.0.1\";s:7:\"oldmode\";s:21:\"AJaddRemResourceGroup\";s:6:\"locale\";s:5:\"zh_CN\";}',1,NULL,'a2407a8f9c8ad7a0798dee2b53f8d015'),('a39cfb7170997565a50a23b6039e1315',1,'2017-12-15 10:38:43','viewRequests','AJconfirmRemoveRequest','a:1:{s:9:\"requestid\";s:2:\"15\";}',1,NULL,'a39cfb7170997565a50a23b6039e1315'),('a4ed491fd4168f2df4877521c829ce86',1,'2017-12-15 10:38:40','main','changeLocale','a:3:{s:2:\"IP\";s:9:\"127.0.0.1\";s:7:\"oldmode\";s:4:\"main\";s:6:\"locale\";s:5:\"en_US\";}',1,NULL,'a4ed491fd4168f2df4877521c829ce86'),('a5780cc545956c7dd586dcc8d42d2441',1,'2017-12-01 13:46:54','AJaddRemGroupResource','changeLocale','a:3:{s:2:\"IP\";s:9:\"127.0.0.1\";s:7:\"oldmode\";s:21:\"AJaddRemGroupResource\";s:6:\"locale\";s:5:\"fr_CA\";}',1,NULL,'a5780cc545956c7dd586dcc8d42d2441'),('a58a42719dfa3e096b1b35fbb7cf1c34',1,'2017-12-07 14:35:27','viewResources','AJfilterCompGroups','a:1:{s:3:\"obj\";O:8:\"Computer\":13:{s:7:\"restype\";s:8:\"computer\";s:11:\"restypename\";s:8:\"Computer\";s:10:\"hasmapping\";i:0;s:7:\"maptype\";s:0:\"\";s:11:\"maptypename\";s:0:\"\";s:9:\"basecdata\";a:1:{s:3:\"obj\";r:2;}s:18:\"defaultGetDataArgs\";a:3:{s:4:\"sort\";i:0;s:14:\"includedeleted\";i:0;s:5:\"rscid\";s:0:\"\";}s:9:\"deletable\";i:1;s:13:\"deletetoggled\";i:1;s:6:\"errmsg\";N;s:9:\"namefield\";s:8:\"hostname\";s:7:\"addable\";i:1;s:8:\"jsondata\";a:0:{}}}',1,NULL,'a58a42719dfa3e096b1b35fbb7cf1c34'),('a5d25d2334b5efbc9da6e126b5b562d2',1,'2017-12-07 14:35:47','AJeditResource','AJsaveResource','a:3:{s:3:\"obj\";O:8:\"Computer\":13:{s:7:\"restype\";s:8:\"computer\";s:11:\"restypename\";s:8:\"Computer\";s:10:\"hasmapping\";i:0;s:7:\"maptype\";s:0:\"\";s:11:\"maptypename\";s:0:\"\";s:9:\"basecdata\";a:1:{s:3:\"obj\";r:2;}s:18:\"defaultGetDataArgs\";a:3:{s:4:\"sort\";i:0;s:14:\"includedeleted\";i:0;s:5:\"rscid\";s:0:\"\";}s:9:\"deletable\";i:1;s:13:\"deletetoggled\";i:1;s:6:\"errmsg\";N;s:9:\"namefield\";s:8:\"hostname\";s:7:\"addable\";i:1;s:8:\"jsondata\";a:1:{s:10:\"showcancel\";i:0;}}s:5:\"rscid\";s:1:\"3\";s:7:\"olddata\";a:44:{s:2:\"id\";s:1:\"3\";s:5:\"state\";s:11:\"maintenance\";s:7:\"stateid\";s:2:\"10\";s:5:\"owner\";s:11:\"admin@Local\";s:7:\"ownerid\";s:1:\"1\";s:8:\"platform\";s:4:\"i386\";s:10:\"platformid\";s:1:\"1\";s:8:\"schedule\";s:8:\"VCL 24x7\";s:10:\"scheduleid\";s:1:\"1\";s:10:\"currentimg\";s:8:\"No Image\";s:12:\"currentimgid\";s:1:\"1\";s:15:\"imagerevisionid\";s:1:\"1\";s:13:\"imagerevision\";s:1:\"0\";s:7:\"nextimg\";s:8:\"No Image\";s:9:\"nextimgid\";s:1:\"1\";s:3:\"ram\";s:4:\"4096\";s:10:\"procnumber\";s:1:\"4\";s:9:\"procspeed\";s:4:\"3000\";s:7:\"network\";s:4:\"1000\";s:8:\"hostname\";s:13:\"TestComputer2\";s:9:\"IPaddress\";s:11:\"10.10.11.12\";s:16:\"privateIPaddress\";s:10:\"10.10.22.2\";s:14:\"eth0macaddress\";s:17:\"20:22:78:33:02:03\";s:14:\"eth1macaddress\";s:17:\"20:22:78:33:02:04\";s:4:\"type\";s:14:\"virtualmachine\";s:7:\"deleted\";s:1:\"0\";s:10:\"resourceid\";s:2:\"13\";s:5:\"notes\";N;s:8:\"vmhostid\";N;s:6:\"vmhost\";N;s:16:\"vmhostcomputerid\";N;s:8:\"location\";s:0:\"\";s:14:\"provisioningid\";s:1:\"9\";s:12:\"provisioning\";s:26:\"Libvirt Virtualization API\";s:11:\"vmprofileid\";N;s:18:\"predictivemoduleid\";s:2:\"31\";s:16:\"predictivemodule\";s:34:\"Unload/power off after reservation\";s:9:\"nathostid\";N;s:16:\"nathostenabledid\";N;s:18:\"natpublicIPaddress\";s:0:\"\";s:20:\"natinternalIPaddress\";s:0:\"\";s:10:\"natenabled\";i:0;s:7:\"nathost\";s:0:\"\";s:14:\"nathostenabled\";i:0;}}',1,NULL,'a5d25d2334b5efbc9da6e126b5b562d2'),('a7475144c17d6358c88b33f858a9a1aa',1,'2017-12-01 14:35:25','computer','changeLocale','a:3:{s:2:\"IP\";s:9:\"127.0.0.1\";s:7:\"oldmode\";s:8:\"computer\";s:6:\"locale\";s:5:\"zh_CN\";}',1,NULL,'a7475144c17d6358c88b33f858a9a1aa'),('a7dfdaa4c7f64a5264d5ca5f6ae2b600',1,'2017-12-21 10:38:43','viewRequests','AJfetchRouterDNS','a:0:{}',1,NULL,'a7dfdaa4c7f64a5264d5ca5f6ae2b600'),('a81f59453290a9ba577c3f5be292052b',1,'2017-12-13 13:58:53','AJupdateWaitTime','changeLocale','a:3:{s:2:\"IP\";s:9:\"127.0.0.1\";s:7:\"oldmode\";s:16:\"AJupdateWaitTime\";s:6:\"locale\";s:5:\"zh_CN\";}',1,NULL,'a81f59453290a9ba577c3f5be292052b'),('aa013417988c37b98f9829977e4515de',1,'2017-12-15 10:38:43','viewRequests','AJnewRequest','a:8:{s:10:\"baseaccess\";i:1;s:13:\"imagingaccess\";i:1;s:12:\"serveraccess\";i:1;s:7:\"openend\";i:1;s:11:\"nousercheck\";i:1;s:7:\"imaging\";s:1:\"0\";s:9:\"noimaging\";a:0:{}s:10:\"maxinitial\";s:3:\"480\";}',1,NULL,'aa013417988c37b98f9829977e4515de'),('aab2ffb4ce3fa96db0f3c2b3b9c755af',1,'2017-12-01 14:35:25','computer','changeLocale','a:3:{s:2:\"IP\";s:9:\"127.0.0.1\";s:7:\"oldmode\";s:8:\"computer\";s:6:\"locale\";s:5:\"es_CR\";}',1,NULL,'aab2ffb4ce3fa96db0f3c2b3b9c755af'),('aabdcdb7e36cf37c11e3d236e8c75f1f',1,'2017-12-01 14:36:16','editVMInfo','changeLocale','a:3:{s:2:\"IP\";s:9:\"127.0.0.1\";s:7:\"oldmode\";s:10:\"editVMInfo\";s:6:\"locale\";s:5:\"es_CR\";}',1,NULL,'aabdcdb7e36cf37c11e3d236e8c75f1f'),('ab137934c292b957dd84d3bd60706d8f',1,'2017-12-07 14:35:16','groupMapHTML','jsonResourceGroupingGroups','a:4:{s:3:\"obj\";O:8:\"Computer\":13:{s:7:\"restype\";s:8:\"computer\";s:11:\"restypename\";s:8:\"Computer\";s:10:\"hasmapping\";i:0;s:7:\"maptype\";s:0:\"\";s:11:\"maptypename\";s:0:\"\";s:9:\"basecdata\";a:1:{s:3:\"obj\";r:2;}s:18:\"defaultGetDataArgs\";a:3:{s:4:\"sort\";i:0;s:14:\"includedeleted\";i:0;s:5:\"rscid\";s:0:\"\";}s:9:\"deletable\";i:1;s:13:\"deletetoggled\";i:1;s:6:\"errmsg\";N;s:9:\"namefield\";s:8:\"hostname\";s:7:\"addable\";i:1;s:8:\"jsondata\";a:0:{}}s:5:\"store\";s:21:\"resourcetogroupsstore\";s:7:\"intitle\";s:8:\"ingroups\";s:8:\"outtitle\";s:9:\"outgroups\";}',1,NULL,'ab137934c292b957dd84d3bd60706d8f'),('abba4bf7ee94ee172a5b4db97713619b',1,'2017-12-01 14:35:17','jsonResourceGroupingGroups','changeLocale','a:3:{s:2:\"IP\";s:9:\"127.0.0.1\";s:7:\"oldmode\";s:26:\"jsonResourceGroupingGroups\";s:6:\"locale\";s:5:\"en_US\";}',1,NULL,'abba4bf7ee94ee172a5b4db97713619b'),('ac30d5edeacfca679a4b843ee1be14f1',1,'2017-12-01 14:36:16','editVMInfo','changeLocale','a:3:{s:2:\"IP\";s:9:\"127.0.0.1\";s:7:\"oldmode\";s:10:\"editVMInfo\";s:6:\"locale\";s:5:\"pt_PT\";}',1,NULL,'ac30d5edeacfca679a4b843ee1be14f1'),('ad1128215b9fb882f4fc01bc39c5ef20',1,'2017-12-13 14:01:58','viewRequests','AJeditRequest','a:1:{s:9:\"requestid\";s:2:\"13\";}',1,NULL,'ad1128215b9fb882f4fc01bc39c5ef20'),('ad32973ef76712cde011ba7e8acd2bb1',1,'2017-12-14 11:09:48','viewRequests','AJstartImage','a:1:{s:9:\"requestid\";s:2:\"15\";}',1,NULL,'ad32973ef76712cde011ba7e8acd2bb1'),('ad7e5ac8a146c019d2c786881f76868b',1,'2017-12-13 13:37:36','AJnewRequest','changeLocale','a:3:{s:2:\"IP\";s:9:\"127.0.0.1\";s:7:\"oldmode\";s:12:\"AJnewRequest\";s:6:\"locale\";s:5:\"es_CR\";}',1,NULL,'ad7e5ac8a146c019d2c786881f76868b'),('ad92f01f67b1071cadae9068946a2fc3',1,'2017-12-07 14:34:09','groupMapHTML','AJaddRemMapToGroup','a:2:{s:3:\"obj\";O:5:\"Image\":13:{s:7:\"restype\";s:5:\"image\";s:11:\"restypename\";s:5:\"Image\";s:10:\"hasmapping\";i:1;s:7:\"maptype\";s:8:\"computer\";s:11:\"maptypename\";s:8:\"Computer\";s:9:\"basecdata\";a:1:{s:3:\"obj\";r:2;}s:18:\"defaultGetDataArgs\";a:2:{s:14:\"includedeleted\";i:0;s:5:\"rscid\";i:0;}s:9:\"deletable\";i:1;s:13:\"deletetoggled\";i:1;s:6:\"errmsg\";N;s:9:\"namefield\";s:10:\"prettyname\";s:7:\"addable\";i:0;s:8:\"jsondata\";a:0:{}}s:4:\"mode\";s:3:\"add\";}',1,NULL,'ad92f01f67b1071cadae9068946a2fc3'),('aeed4156ef17a70a04cc8fa0da0367c3',1,'2017-12-07 14:35:25','computer','groupMapHTML','a:1:{s:3:\"obj\";O:8:\"Computer\":13:{s:7:\"restype\";s:8:\"computer\";s:11:\"restypename\";s:8:\"Computer\";s:10:\"hasmapping\";i:0;s:7:\"maptype\";s:0:\"\";s:11:\"maptypename\";s:0:\"\";s:9:\"basecdata\";a:1:{s:3:\"obj\";r:2;}s:18:\"defaultGetDataArgs\";a:3:{s:4:\"sort\";i:0;s:14:\"includedeleted\";i:0;s:5:\"rscid\";s:0:\"\";}s:9:\"deletable\";i:1;s:13:\"deletetoggled\";i:1;s:6:\"errmsg\";N;s:9:\"namefield\";s:8:\"hostname\";s:7:\"addable\";i:1;s:8:\"jsondata\";a:0:{}}}',1,NULL,'aeed4156ef17a70a04cc8fa0da0367c3'),('af6d9f87c5822351d95ad4ab6b270be5',1,'2017-12-09 11:12:28','viewRequests','AJconfirmRemoveRequest','a:1:{s:9:\"requestid\";s:1:\"7\";}',1,NULL,'af6d9f87c5822351d95ad4ab6b270be5'),('b070a4466519b02ef3e435c7c7b227fe',1,'2017-12-07 14:35:27','viewResources','AJpromptToggleDeleteResource','a:1:{s:3:\"obj\";O:8:\"Computer\":13:{s:7:\"restype\";s:8:\"computer\";s:11:\"restypename\";s:8:\"Computer\";s:10:\"hasmapping\";i:0;s:7:\"maptype\";s:0:\"\";s:11:\"maptypename\";s:0:\"\";s:9:\"basecdata\";a:1:{s:3:\"obj\";r:2;}s:18:\"defaultGetDataArgs\";a:3:{s:4:\"sort\";i:0;s:14:\"includedeleted\";i:0;s:5:\"rscid\";s:0:\"\";}s:9:\"deletable\";i:1;s:13:\"deletetoggled\";i:1;s:6:\"errmsg\";N;s:9:\"namefield\";s:8:\"hostname\";s:7:\"addable\";i:1;s:8:\"jsondata\";a:0:{}}}',1,NULL,'b070a4466519b02ef3e435c7c7b227fe'),('b0ba12dcbe6ecdb1edab907bde7e8bec',1,'2017-12-01 14:36:13','AJsaveResource','changeLocale','a:3:{s:2:\"IP\";s:9:\"127.0.0.1\";s:7:\"oldmode\";s:14:\"AJsaveResource\";s:6:\"locale\";s:5:\"zh_CN\";}',1,NULL,'b0ba12dcbe6ecdb1edab907bde7e8bec'),('b22d2c2f432781d52435649a6168a5f9',1,'2017-12-21 10:38:43','viewRequests','AJconfigSystem','a:0:{}',1,NULL,'b22d2c2f432781d52435649a6168a5f9'),('b285a97d1a429df560e4816a673af498',1,'2017-12-13 13:37:36','AJnewRequest','changeLocale','a:3:{s:2:\"IP\";s:9:\"127.0.0.1\";s:7:\"oldmode\";s:12:\"AJnewRequest\";s:6:\"locale\";s:5:\"ja_JP\";}',1,NULL,'b285a97d1a429df560e4816a673af498'),('b49c5129b3266588fade65cca9aa2c8b',1,'2017-12-07 14:34:09','groupMapHTML','AJaddRemGroupResource','a:2:{s:3:\"obj\";O:5:\"Image\":13:{s:7:\"restype\";s:5:\"image\";s:11:\"restypename\";s:5:\"Image\";s:10:\"hasmapping\";i:1;s:7:\"maptype\";s:8:\"computer\";s:11:\"maptypename\";s:8:\"Computer\";s:9:\"basecdata\";a:1:{s:3:\"obj\";r:2;}s:18:\"defaultGetDataArgs\";a:2:{s:14:\"includedeleted\";i:0;s:5:\"rscid\";i:0;}s:9:\"deletable\";i:1;s:13:\"deletetoggled\";i:1;s:6:\"errmsg\";N;s:9:\"namefield\";s:10:\"prettyname\";s:7:\"addable\";i:0;s:8:\"jsondata\";a:0:{}}s:4:\"mode\";s:6:\"remove\";}',1,NULL,'b49c5129b3266588fade65cca9aa2c8b'),('b6d84905c6f73ac034e47e7ea367f133',1,'2017-12-01 14:35:22','jsonResourceGroupStore','changeLocale','a:3:{s:2:\"IP\";s:9:\"127.0.0.1\";s:7:\"oldmode\";s:22:\"jsonResourceGroupStore\";s:6:\"locale\";s:5:\"fr_CA\";}',1,NULL,'b6d84905c6f73ac034e47e7ea367f133'),('b732966de09bdf9c5dc50c0e0020f005',1,'2017-12-07 14:35:27','viewResources','jsonResourceStore','a:1:{s:3:\"obj\";O:8:\"Computer\":13:{s:7:\"restype\";s:8:\"computer\";s:11:\"restypename\";s:8:\"Computer\";s:10:\"hasmapping\";i:0;s:7:\"maptype\";s:0:\"\";s:11:\"maptypename\";s:0:\"\";s:9:\"basecdata\";a:1:{s:3:\"obj\";r:2;}s:18:\"defaultGetDataArgs\";a:3:{s:4:\"sort\";i:0;s:14:\"includedeleted\";i:0;s:5:\"rscid\";s:0:\"\";}s:9:\"deletable\";i:1;s:13:\"deletetoggled\";i:1;s:6:\"errmsg\";N;s:9:\"namefield\";s:8:\"hostname\";s:7:\"addable\";i:1;s:8:\"jsondata\";a:0:{}}}',1,NULL,'b732966de09bdf9c5dc50c0e0020f005'),('b8732d19f255cfeeeb10a694aafac2e8',1,'2017-12-07 14:34:07','image','viewRequests','a:1:{s:7:\"imaging\";i:1;}',1,NULL,'b8732d19f255cfeeeb10a694aafac2e8'),('b8c46802473be93885c18ed0b04be02f',1,'2017-12-01 14:35:27','viewResources','changeLocale','a:3:{s:2:\"IP\";s:9:\"127.0.0.1\";s:7:\"oldmode\";s:13:\"viewResources\";s:6:\"locale\";s:5:\"es_MX\";}',1,NULL,'b8c46802473be93885c18ed0b04be02f'),('b8f9842b0f201c93cdb86f088c5e2a71',1,'2017-12-01 14:34:10','jsonResourceMappingGroups','changeLocale','a:3:{s:2:\"IP\";s:9:\"127.0.0.1\";s:7:\"oldmode\";s:25:\"jsonResourceMappingGroups\";s:6:\"locale\";s:5:\"pt_PT\";}',1,NULL,'b8f9842b0f201c93cdb86f088c5e2a71'),('ba4f114708700d5a818488a18894eb9c',1,'2017-12-07 13:47:21','AJupdateWaitTime','AJshowRequestSuggestedTimes','a:5:{s:3:\"now\";i:1;s:5:\"start\";i:1512067500;s:3:\"end\";i:1512072000;s:6:\"server\";i:0;s:7:\"imageid\";s:1:\"2\";}',1,NULL,'ba4f114708700d5a818488a18894eb9c'),('bae2db6e530e4b2ee3c5152c3103e538',1,'2017-12-13 13:58:49','viewRequests','AJconfirmRemoveRequest','a:1:{s:9:\"requestid\";s:2:\"11\";}',1,NULL,'bae2db6e530e4b2ee3c5152c3103e538'),('bb3908c4474c9b5cf80b2da3eefe0808',1,'2017-12-13 13:58:53','AJshowRequestSuggestedTimes','changeLocale','a:3:{s:2:\"IP\";s:9:\"127.0.0.1\";s:7:\"oldmode\";s:27:\"AJshowRequestSuggestedTimes\";s:6:\"locale\";s:5:\"es_CR\";}',1,NULL,'bb3908c4474c9b5cf80b2da3eefe0808'),('bbee628b6a649c55bc8ca7431581c3d6',1,'2017-12-01 14:35:17','jsonResourceGroupingGroups','changeLocale','a:3:{s:2:\"IP\";s:9:\"127.0.0.1\";s:7:\"oldmode\";s:26:\"jsonResourceGroupingGroups\";s:6:\"locale\";s:5:\"pt_PT\";}',1,NULL,'bbee628b6a649c55bc8ca7431581c3d6'),('bdb3485327fd0ef9ae940cef5e84c3b8',1,'2017-12-07 14:35:31','AJeditResource','AJsaveResource','a:3:{s:3:\"obj\";O:8:\"Computer\":13:{s:7:\"restype\";s:8:\"computer\";s:11:\"restypename\";s:8:\"Computer\";s:10:\"hasmapping\";i:0;s:7:\"maptype\";s:0:\"\";s:11:\"maptypename\";s:0:\"\";s:9:\"basecdata\";a:1:{s:3:\"obj\";r:2;}s:18:\"defaultGetDataArgs\";a:3:{s:4:\"sort\";i:0;s:14:\"includedeleted\";i:0;s:5:\"rscid\";s:0:\"\";}s:9:\"deletable\";i:1;s:13:\"deletetoggled\";i:1;s:6:\"errmsg\";N;s:9:\"namefield\";s:8:\"hostname\";s:7:\"addable\";i:1;s:8:\"jsondata\";a:1:{s:10:\"showcancel\";i:0;}}s:5:\"rscid\";s:1:\"1\";s:7:\"olddata\";a:44:{s:2:\"id\";s:1:\"1\";s:5:\"state\";s:11:\"vmhostinuse\";s:7:\"stateid\";s:2:\"20\";s:5:\"owner\";s:11:\"admin@Local\";s:7:\"ownerid\";s:1:\"1\";s:8:\"platform\";s:4:\"i386\";s:10:\"platformid\";s:1:\"1\";s:8:\"schedule\";s:8:\"VCL 24x7\";s:10:\"scheduleid\";s:1:\"1\";s:10:\"currentimg\";s:8:\"No Image\";s:12:\"currentimgid\";s:1:\"1\";s:15:\"imagerevisionid\";s:1:\"1\";s:13:\"imagerevision\";s:1:\"0\";s:7:\"nextimg\";s:8:\"No Image\";s:9:\"nextimgid\";s:1:\"1\";s:3:\"ram\";s:5:\"64000\";s:10:\"procnumber\";s:2:\"20\";s:9:\"procspeed\";s:4:\"3000\";s:7:\"network\";s:4:\"1000\";s:8:\"hostname\";s:5:\"Host1\";s:9:\"IPaddress\";s:10:\"10.10.10.1\";s:16:\"privateIPaddress\";s:10:\"10.10.11.1\";s:14:\"eth0macaddress\";s:17:\"20:22:78:33:01:02\";s:14:\"eth1macaddress\";s:17:\"20:22:78:33:01:01\";s:4:\"type\";s:5:\"blade\";s:7:\"deleted\";s:1:\"0\";s:10:\"resourceid\";s:2:\"11\";s:5:\"notes\";N;s:8:\"vmhostid\";N;s:6:\"vmhost\";N;s:16:\"vmhostcomputerid\";N;s:8:\"location\";s:0:\"\";s:14:\"provisioningid\";s:2:\"10\";s:12:\"provisioning\";s:4:\"None\";s:11:\"vmprofileid\";s:1:\"5\";s:18:\"predictivemoduleid\";s:2:\"31\";s:16:\"predictivemodule\";s:34:\"Unload/power off after reservation\";s:9:\"nathostid\";N;s:16:\"nathostenabledid\";N;s:18:\"natpublicIPaddress\";s:0:\"\";s:20:\"natinternalIPaddress\";s:0:\"\";s:10:\"natenabled\";i:0;s:7:\"nathost\";s:0:\"\";s:14:\"nathostenabled\";i:0;}}',1,NULL,'bdb3485327fd0ef9ae940cef5e84c3b8'),('bdbe4ee733799b0eb1ee179122f2aa57',1,'2017-12-01 14:35:21','viewGroups','changeLocale','a:3:{s:2:\"IP\";s:9:\"127.0.0.1\";s:7:\"oldmode\";s:10:\"viewGroups\";s:6:\"locale\";s:5:\"zh_CN\";}',1,NULL,'bdbe4ee733799b0eb1ee179122f2aa57'),('be1e0dd7c872431a366c22a1d139d906',1,'2017-12-07 13:46:49','AJsaveResource','jsonResourceGroupingGroups','a:4:{s:3:\"obj\";O:8:\"Computer\":13:{s:7:\"restype\";s:8:\"computer\";s:11:\"restypename\";s:8:\"Computer\";s:10:\"hasmapping\";i:0;s:7:\"maptype\";s:0:\"\";s:11:\"maptypename\";s:0:\"\";s:9:\"basecdata\";a:1:{s:3:\"obj\";r:2;}s:18:\"defaultGetDataArgs\";a:3:{s:4:\"sort\";i:0;s:14:\"includedeleted\";i:0;s:5:\"rscid\";s:0:\"\";}s:9:\"deletable\";i:1;s:13:\"deletetoggled\";i:1;s:6:\"errmsg\";N;s:9:\"namefield\";s:8:\"hostname\";s:7:\"addable\";i:1;s:8:\"jsondata\";a:0:{}}s:5:\"store\";s:21:\"resourcetogroupsstore\";s:7:\"intitle\";s:8:\"ingroups\";s:8:\"outtitle\";s:9:\"outgroups\";}',1,NULL,'be1e0dd7c872431a366c22a1d139d906'),('be31cf8d5bce01f32efe721964b2ee91',1,'2017-12-01 13:46:54','AJaddRemGroupResource','changeLocale','a:3:{s:2:\"IP\";s:9:\"127.0.0.1\";s:7:\"oldmode\";s:21:\"AJaddRemGroupResource\";s:6:\"locale\";s:5:\"es_CR\";}',1,NULL,'be31cf8d5bce01f32efe721964b2ee91'),('bec9b7e1d0e908516371eaf268d3d7e5',1,'2017-12-07 13:46:49','AJsaveResource','AJaddRemGroupResource','a:2:{s:3:\"obj\";O:8:\"Computer\":13:{s:7:\"restype\";s:8:\"computer\";s:11:\"restypename\";s:8:\"Computer\";s:10:\"hasmapping\";i:0;s:7:\"maptype\";s:0:\"\";s:11:\"maptypename\";s:0:\"\";s:9:\"basecdata\";a:1:{s:3:\"obj\";r:2;}s:18:\"defaultGetDataArgs\";a:3:{s:4:\"sort\";i:0;s:14:\"includedeleted\";i:0;s:5:\"rscid\";s:0:\"\";}s:9:\"deletable\";i:1;s:13:\"deletetoggled\";i:1;s:6:\"errmsg\";N;s:9:\"namefield\";s:8:\"hostname\";s:7:\"addable\";i:1;s:8:\"jsondata\";a:0:{}}s:4:\"mode\";s:3:\"add\";}',1,NULL,'bec9b7e1d0e908516371eaf268d3d7e5'),('bef9701569163483e121e24c0f9c3e60',1,'2017-12-13 14:01:58','viewRequests','AJconfirmRemoveRequest','a:1:{s:9:\"requestid\";s:2:\"12\";}',1,NULL,'bef9701569163483e121e24c0f9c3e60'),('c058e37c7fd11f5cc25aa9aaef692d47',1,'2017-12-01 14:36:25','AJvmToHost','changeLocale','a:3:{s:2:\"IP\";s:9:\"127.0.0.1\";s:7:\"oldmode\";s:10:\"AJvmToHost\";s:6:\"locale\";s:5:\"en_US\";}',1,NULL,'c058e37c7fd11f5cc25aa9aaef692d47'),('c06aed07f26cd4d433db4756807867d1',1,'2017-12-13 13:37:36','AJnewRequest','changeLocale','a:3:{s:2:\"IP\";s:9:\"127.0.0.1\";s:7:\"oldmode\";s:12:\"AJnewRequest\";s:6:\"locale\";s:5:\"pt_PT\";}',1,NULL,'c06aed07f26cd4d433db4756807867d1'),('c22949a947759276f989c3ec03911202',1,'2017-12-07 14:36:17','editVMInfo','AJupdateVMprofileItem','a:0:{}',1,NULL,'c22949a947759276f989c3ec03911202'),('c23df218b35b49be5d9f2b9ca9e0da43',1,'2017-12-01 13:46:54','AJaddRemGroupResource','changeLocale','a:3:{s:2:\"IP\";s:9:\"127.0.0.1\";s:7:\"oldmode\";s:21:\"AJaddRemGroupResource\";s:6:\"locale\";s:5:\"es_MX\";}',1,NULL,'c23df218b35b49be5d9f2b9ca9e0da43'),('c566152c11c52cc6fd9495f344d539d9',1,'2017-12-13 13:37:36','AJnewRequest','changeLocale','a:3:{s:2:\"IP\";s:9:\"127.0.0.1\";s:7:\"oldmode\";s:12:\"AJnewRequest\";s:6:\"locale\";s:5:\"zh_CN\";}',1,NULL,'c566152c11c52cc6fd9495f344d539d9'),('c666acc4f362beea68fecc08d179781d',1,'2017-12-07 13:42:34','viewResources','AJpromptToggleDeleteResource','a:1:{s:3:\"obj\";O:5:\"Image\":13:{s:7:\"restype\";s:5:\"image\";s:11:\"restypename\";s:5:\"Image\";s:10:\"hasmapping\";i:1;s:7:\"maptype\";s:8:\"computer\";s:11:\"maptypename\";s:8:\"Computer\";s:9:\"basecdata\";a:1:{s:3:\"obj\";r:2;}s:18:\"defaultGetDataArgs\";a:2:{s:14:\"includedeleted\";i:0;s:5:\"rscid\";i:0;}s:9:\"deletable\";i:1;s:13:\"deletetoggled\";i:1;s:6:\"errmsg\";N;s:9:\"namefield\";s:10:\"prettyname\";s:7:\"addable\";i:0;s:8:\"jsondata\";a:0:{}}}',1,NULL,'c666acc4f362beea68fecc08d179781d'),('c7fb4b7620e8fda8a15b69c5df1832b8',1,'2017-12-13 13:58:53','AJupdateWaitTime','changeLocale','a:3:{s:2:\"IP\";s:9:\"127.0.0.1\";s:7:\"oldmode\";s:16:\"AJupdateWaitTime\";s:6:\"locale\";s:5:\"fr_CA\";}',1,NULL,'c7fb4b7620e8fda8a15b69c5df1832b8'),('c866fd9f5d023cda97c89cdb442bab9a',1,'2017-12-07 13:46:49','AJsaveResource','AJaddRemGroupResource','a:3:{s:3:\"obj\";O:8:\"Computer\":13:{s:7:\"restype\";s:8:\"computer\";s:11:\"restypename\";s:8:\"Computer\";s:10:\"hasmapping\";i:0;s:7:\"maptype\";s:0:\"\";s:11:\"maptypename\";s:0:\"\";s:9:\"basecdata\";a:1:{s:3:\"obj\";r:2;}s:18:\"defaultGetDataArgs\";a:3:{s:4:\"sort\";i:0;s:14:\"includedeleted\";i:0;s:5:\"rscid\";s:0:\"\";}s:9:\"deletable\";i:1;s:13:\"deletetoggled\";i:1;s:6:\"errmsg\";N;s:9:\"namefield\";s:8:\"hostname\";s:7:\"addable\";i:1;s:8:\"jsondata\";a:0:{}}s:6:\"newids\";a:5:{i:0;i:2;i:1;i:3;i:2;i:4;i:3;i:5;i:4;i:6;}s:4:\"mode\";s:3:\"add\";}',1,NULL,'c866fd9f5d023cda97c89cdb442bab9a'),('c870828e03ac25979a957c2a50b8de87',1,'2017-12-13 14:02:14','AJconfirmRemoveRequest','changeLocale','a:3:{s:2:\"IP\";s:9:\"127.0.0.1\";s:7:\"oldmode\";s:22:\"AJconfirmRemoveRequest\";s:6:\"locale\";s:5:\"fr_CA\";}',1,NULL,'c870828e03ac25979a957c2a50b8de87'),('cb19af2fbb178f3adf8e4de2a461ccab',1,'2017-12-01 14:35:17','jsonResourceGroupingGroups','changeLocale','a:3:{s:2:\"IP\";s:9:\"127.0.0.1\";s:7:\"oldmode\";s:26:\"jsonResourceGroupingGroups\";s:6:\"locale\";s:5:\"ja_JP\";}',1,NULL,'cb19af2fbb178f3adf8e4de2a461ccab'),('cbd854906bedc89c0b41ce2e012830fd',1,'2017-12-01 14:36:25','AJvmToHost','changeLocale','a:3:{s:2:\"IP\";s:9:\"127.0.0.1\";s:7:\"oldmode\";s:10:\"AJvmToHost\";s:6:\"locale\";s:5:\"pt_PT\";}',1,NULL,'cbd854906bedc89c0b41ce2e012830fd'),('d0a68a7f6b9bd612934dc01cfe7bff81',1,'2017-12-01 14:36:25','AJvmToHost','changeLocale','a:3:{s:2:\"IP\";s:9:\"127.0.0.1\";s:7:\"oldmode\";s:10:\"AJvmToHost\";s:6:\"locale\";s:5:\"fr_CA\";}',1,NULL,'d0a68a7f6b9bd612934dc01cfe7bff81'),('d1b0651b7085c75105a6f21fa9161012',1,'2017-12-07 14:36:09','AJeditResource','AJsaveResource','a:3:{s:3:\"obj\";O:8:\"Computer\":13:{s:7:\"restype\";s:8:\"computer\";s:11:\"restypename\";s:8:\"Computer\";s:10:\"hasmapping\";i:0;s:7:\"maptype\";s:0:\"\";s:11:\"maptypename\";s:0:\"\";s:9:\"basecdata\";a:1:{s:3:\"obj\";r:2;}s:18:\"defaultGetDataArgs\";a:3:{s:4:\"sort\";i:0;s:14:\"includedeleted\";i:0;s:5:\"rscid\";s:0:\"\";}s:9:\"deletable\";i:1;s:13:\"deletetoggled\";i:1;s:6:\"errmsg\";N;s:9:\"namefield\";s:8:\"hostname\";s:7:\"addable\";i:1;s:8:\"jsondata\";a:1:{s:10:\"showcancel\";i:0;}}s:5:\"rscid\";s:1:\"6\";s:7:\"olddata\";a:44:{s:2:\"id\";s:1:\"6\";s:5:\"state\";s:11:\"maintenance\";s:7:\"stateid\";s:2:\"10\";s:5:\"owner\";s:11:\"admin@Local\";s:7:\"ownerid\";s:1:\"1\";s:8:\"platform\";s:4:\"i386\";s:10:\"platformid\";s:1:\"1\";s:8:\"schedule\";s:8:\"VCL 24x7\";s:10:\"scheduleid\";s:1:\"1\";s:10:\"currentimg\";s:8:\"No Image\";s:12:\"currentimgid\";s:1:\"1\";s:15:\"imagerevisionid\";s:1:\"1\";s:13:\"imagerevision\";s:1:\"0\";s:7:\"nextimg\";s:8:\"No Image\";s:9:\"nextimgid\";s:1:\"1\";s:3:\"ram\";s:4:\"4096\";s:10:\"procnumber\";s:1:\"4\";s:9:\"procspeed\";s:4:\"3000\";s:7:\"network\";s:4:\"1000\";s:8:\"hostname\";s:13:\"TestComputer5\";s:9:\"IPaddress\";s:11:\"10.10.11.15\";s:16:\"privateIPaddress\";s:10:\"10.10.22.5\";s:14:\"eth0macaddress\";s:17:\"20:22:78:33:02:09\";s:14:\"eth1macaddress\";s:17:\"20:22:78:33:02:0a\";s:4:\"type\";s:14:\"virtualmachine\";s:7:\"deleted\";s:1:\"0\";s:10:\"resourceid\";s:2:\"16\";s:5:\"notes\";N;s:8:\"vmhostid\";N;s:6:\"vmhost\";N;s:16:\"vmhostcomputerid\";N;s:8:\"location\";s:0:\"\";s:14:\"provisioningid\";s:1:\"9\";s:12:\"provisioning\";s:26:\"Libvirt Virtualization API\";s:11:\"vmprofileid\";N;s:18:\"predictivemoduleid\";s:2:\"31\";s:16:\"predictivemodule\";s:34:\"Unload/power off after reservation\";s:9:\"nathostid\";N;s:16:\"nathostenabledid\";N;s:18:\"natpublicIPaddress\";s:0:\"\";s:20:\"natinternalIPaddress\";s:0:\"\";s:10:\"natenabled\";i:0;s:7:\"nathost\";s:0:\"\";s:14:\"nathostenabled\";i:0;}}',1,NULL,'d1b0651b7085c75105a6f21fa9161012'),('d21723c73b824ca06dd3370ccf5dc556',1,'2017-12-01 14:35:22','jsonResourceGroupStore','changeLocale','a:3:{s:2:\"IP\";s:9:\"127.0.0.1\";s:7:\"oldmode\";s:22:\"jsonResourceGroupStore\";s:6:\"locale\";s:5:\"es_CR\";}',1,NULL,'d21723c73b824ca06dd3370ccf5dc556'),('d2fd395f3305a1c3c894ea6e12d6de67',1,'2017-12-07 14:35:16','groupMapHTML','AJaddRemGroupResource','a:2:{s:3:\"obj\";O:8:\"Computer\":13:{s:7:\"restype\";s:8:\"computer\";s:11:\"restypename\";s:8:\"Computer\";s:10:\"hasmapping\";i:0;s:7:\"maptype\";s:0:\"\";s:11:\"maptypename\";s:0:\"\";s:9:\"basecdata\";a:1:{s:3:\"obj\";r:2;}s:18:\"defaultGetDataArgs\";a:3:{s:4:\"sort\";i:0;s:14:\"includedeleted\";i:0;s:5:\"rscid\";s:0:\"\";}s:9:\"deletable\";i:1;s:13:\"deletetoggled\";i:1;s:6:\"errmsg\";N;s:9:\"namefield\";s:8:\"hostname\";s:7:\"addable\";i:1;s:8:\"jsondata\";a:0:{}}s:4:\"mode\";s:3:\"add\";}',1,NULL,'d2fd395f3305a1c3c894ea6e12d6de67'),('d325c4fbeb88a172aacb73ff370899c6',1,'2017-12-07 14:36:17','editVMInfo','AJvmToHost','a:0:{}',1,NULL,'d325c4fbeb88a172aacb73ff370899c6'),('d3398c8ed77789abcb4bbfdc06267077',1,'2017-12-01 14:35:17','jsonResourceGroupingGroups','changeLocale','a:3:{s:2:\"IP\";s:9:\"127.0.0.1\";s:7:\"oldmode\";s:26:\"jsonResourceGroupingGroups\";s:6:\"locale\";s:5:\"fr_CA\";}',1,NULL,'d3398c8ed77789abcb4bbfdc06267077'),('d4296aa9c06461cdc7f5f44403bbeadf',1,'2017-12-01 14:37:22','viewRequests','AJconfirmRemoveRequest','a:1:{s:9:\"requestid\";s:1:\"1\";}',1,NULL,'d4296aa9c06461cdc7f5f44403bbeadf'),('d6d3809a57704fa37ca5958caff6b864',1,'2017-12-07 13:42:34','viewResources','AJsaveResource','a:2:{s:3:\"obj\";O:5:\"Image\":13:{s:7:\"restype\";s:5:\"image\";s:11:\"restypename\";s:5:\"Image\";s:10:\"hasmapping\";i:1;s:7:\"maptype\";s:8:\"computer\";s:11:\"maptypename\";s:8:\"Computer\";s:9:\"basecdata\";a:1:{s:3:\"obj\";r:2;}s:18:\"defaultGetDataArgs\";a:2:{s:14:\"includedeleted\";i:0;s:5:\"rscid\";i:0;}s:9:\"deletable\";i:1;s:13:\"deletetoggled\";i:1;s:6:\"errmsg\";N;s:9:\"namefield\";s:10:\"prettyname\";s:7:\"addable\";i:0;s:8:\"jsondata\";a:0:{}}s:3:\"add\";i:1;}',1,NULL,'d6d3809a57704fa37ca5958caff6b864'),('d6ecced45c256ece0426c4ea8a0b1eb5',1,'2017-12-13 13:58:53','AJupdateWaitTime','changeLocale','a:3:{s:2:\"IP\";s:9:\"127.0.0.1\";s:7:\"oldmode\";s:16:\"AJupdateWaitTime\";s:6:\"locale\";s:5:\"es_MX\";}',1,NULL,'d6ecced45c256ece0426c4ea8a0b1eb5'),('d8276d55570285ed21ddb9ba0d95df2e',1,'2017-12-15 10:38:43','viewRequests','changeLocale','a:3:{s:2:\"IP\";s:9:\"127.0.0.1\";s:7:\"oldmode\";s:12:\"viewRequests\";s:6:\"locale\";s:5:\"fr_CA\";}',1,NULL,'d8276d55570285ed21ddb9ba0d95df2e'),('d8484f32d8ac07320c93971707f6984f',1,'2017-12-01 14:34:07','image','changeLocale','a:3:{s:2:\"IP\";s:9:\"127.0.0.1\";s:7:\"oldmode\";s:5:\"image\";s:6:\"locale\";s:5:\"ja_JP\";}',1,NULL,'d8484f32d8ac07320c93971707f6984f'),('d9006bb2faea70fed7f049c2906abc83',1,'2017-12-01 14:34:19','jsonResourceMappingMapToGroups','changeLocale','a:3:{s:2:\"IP\";s:9:\"127.0.0.1\";s:7:\"oldmode\";s:30:\"jsonResourceMappingMapToGroups\";s:6:\"locale\";s:5:\"en_US\";}',1,NULL,'d9006bb2faea70fed7f049c2906abc83'),('d93d23a6c20417f859801805d12d194d',1,'2017-12-01 14:35:16','groupMapHTML','changeLocale','a:3:{s:2:\"IP\";s:9:\"127.0.0.1\";s:7:\"oldmode\";s:12:\"groupMapHTML\";s:6:\"locale\";s:5:\"es_CR\";}',1,NULL,'d93d23a6c20417f859801805d12d194d'),('d94a1197e98db281d27a6df19c632703',1,'2017-12-01 14:35:22','jsonResourceGroupStore','changeLocale','a:3:{s:2:\"IP\";s:9:\"127.0.0.1\";s:7:\"oldmode\";s:22:\"jsonResourceGroupStore\";s:6:\"locale\";s:5:\"pt_PT\";}',1,NULL,'d94a1197e98db281d27a6df19c632703'),('d9dd34ed9998cd173bb200607a0eb90a',1,'2017-12-01 14:35:27','viewResources','changeLocale','a:3:{s:2:\"IP\";s:9:\"127.0.0.1\";s:7:\"oldmode\";s:13:\"viewResources\";s:6:\"locale\";s:5:\"pt_PT\";}',1,NULL,'d9dd34ed9998cd173bb200607a0eb90a'),('d9e4712fe71ef0e0e442f97fc03c0c77',1,'2017-12-01 14:33:53','AJsetTZoffset','changeLocale','a:3:{s:2:\"IP\";s:9:\"127.0.0.1\";s:7:\"oldmode\";s:13:\"AJsetTZoffset\";s:6:\"locale\";s:5:\"fr_CA\";}',1,NULL,'d9e4712fe71ef0e0e442f97fc03c0c77'),('da38357624e068b0192f9e3a99b71985',1,'2017-12-01 14:35:16','groupMapHTML','changeLocale','a:3:{s:2:\"IP\";s:9:\"127.0.0.1\";s:7:\"oldmode\";s:12:\"groupMapHTML\";s:6:\"locale\";s:5:\"ja_JP\";}',1,NULL,'da38357624e068b0192f9e3a99b71985'),('da4009273c8071aff1e7f5b4d52be74f',1,'2017-12-14 11:10:00','AJviewRequests','AJviewRequests','a:0:{}',1,NULL,'da4009273c8071aff1e7f5b4d52be74f'),('da4e3c84e9fc8c0f9659d73755ee551b',1,'2017-12-01 14:35:27','viewResources','changeLocale','a:3:{s:2:\"IP\";s:9:\"127.0.0.1\";s:7:\"oldmode\";s:13:\"viewResources\";s:6:\"locale\";s:5:\"fr_CA\";}',1,NULL,'da4e3c84e9fc8c0f9659d73755ee551b'),('dbb6cb9f9f1bf08eecc9ed242de26f74',1,'2017-12-07 14:35:27','viewResources','AJvalidateUserid','a:0:{}',1,NULL,'dbb6cb9f9f1bf08eecc9ed242de26f74'),('dc02e90b45998d8cf45c99d7484a34f9',1,'2017-12-15 10:38:40','main','changeLocale','a:3:{s:2:\"IP\";s:9:\"127.0.0.1\";s:7:\"oldmode\";s:4:\"main\";s:6:\"locale\";s:5:\"ja_JP\";}',1,NULL,'dc02e90b45998d8cf45c99d7484a34f9'),('dc24cf95b2cf20eabe75b5d4f83c181c',1,'2017-12-01 14:35:28','jsonResourceStore','changeLocale','a:3:{s:2:\"IP\";s:9:\"127.0.0.1\";s:7:\"oldmode\";s:17:\"jsonResourceStore\";s:6:\"locale\";s:5:\"fr_CA\";}',1,NULL,'dc24cf95b2cf20eabe75b5d4f83c181c'),('e17f5fd698a4d667e9cacd4072ed984a',1,'2017-12-01 14:35:22','jsonUserGroupStore','changeLocale','a:3:{s:2:\"IP\";s:9:\"127.0.0.1\";s:7:\"oldmode\";s:18:\"jsonUserGroupStore\";s:6:\"locale\";s:5:\"ja_JP\";}',1,NULL,'e17f5fd698a4d667e9cacd4072ed984a'),('e1978664a2eac64837e8a16f5dbc06ee',1,'2017-12-01 14:36:09','AJeditResource','changeLocale','a:3:{s:2:\"IP\";s:9:\"127.0.0.1\";s:7:\"oldmode\";s:14:\"AJeditResource\";s:6:\"locale\";s:5:\"en_US\";}',1,NULL,'e1978664a2eac64837e8a16f5dbc06ee'),('e1b0ee0930d4569f936b7bf906e751f9',1,'2017-12-01 14:36:13','AJsaveResource','changeLocale','a:3:{s:2:\"IP\";s:9:\"127.0.0.1\";s:7:\"oldmode\";s:14:\"AJsaveResource\";s:6:\"locale\";s:5:\"es_MX\";}',1,NULL,'e1b0ee0930d4569f936b7bf906e751f9'),('e2bd62ddb109f5bc6f4957c9626bb342',1,'2017-12-01 14:34:10','jsonResourceMappingGroups','changeLocale','a:3:{s:2:\"IP\";s:9:\"127.0.0.1\";s:7:\"oldmode\";s:25:\"jsonResourceMappingGroups\";s:6:\"locale\";s:5:\"es_MX\";}',1,NULL,'e2bd62ddb109f5bc6f4957c9626bb342'),('e2be26c40cdcc8c328fb68af948d338f',1,'2017-12-01 14:34:19','jsonResourceMappingMapToGroups','changeLocale','a:3:{s:2:\"IP\";s:9:\"127.0.0.1\";s:7:\"oldmode\";s:30:\"jsonResourceMappingMapToGroups\";s:6:\"locale\";s:5:\"zh_CN\";}',1,NULL,'e2be26c40cdcc8c328fb68af948d338f'),('e34eb7f871092cbf71e65cd7ab53973b',1,'2017-12-13 13:37:36','AJnewRequest','changeLocale','a:3:{s:2:\"IP\";s:9:\"127.0.0.1\";s:7:\"oldmode\";s:12:\"AJnewRequest\";s:6:\"locale\";s:5:\"fr_CA\";}',1,NULL,'e34eb7f871092cbf71e65cd7ab53973b'),('e4696f2c3179e552560ff64e08cbf560',1,'2017-12-07 14:34:09','groupMapHTML','jsonResourceGroupingResources','a:4:{s:3:\"obj\";O:5:\"Image\":13:{s:7:\"restype\";s:5:\"image\";s:11:\"restypename\";s:5:\"Image\";s:10:\"hasmapping\";i:1;s:7:\"maptype\";s:8:\"computer\";s:11:\"maptypename\";s:8:\"Computer\";s:9:\"basecdata\";a:1:{s:3:\"obj\";r:2;}s:18:\"defaultGetDataArgs\";a:2:{s:14:\"includedeleted\";i:0;s:5:\"rscid\";i:0;}s:9:\"deletable\";i:1;s:13:\"deletetoggled\";i:1;s:6:\"errmsg\";N;s:9:\"namefield\";s:10:\"prettyname\";s:7:\"addable\";i:0;s:8:\"jsondata\";a:0:{}}s:5:\"store\";s:21:\"grouptoresourcesstore\";s:7:\"intitle\";s:11:\"inresources\";s:8:\"outtitle\";s:12:\"outresources\";}',1,NULL,'e4696f2c3179e552560ff64e08cbf560'),('e5feb138578f57585987075779d5b760',1,'2017-12-13 14:02:17','AJsubmitRemoveRequest','changeLocale','a:3:{s:2:\"IP\";s:9:\"127.0.0.1\";s:7:\"oldmode\";s:21:\"AJsubmitRemoveRequest\";s:6:\"locale\";s:5:\"en_US\";}',1,NULL,'e5feb138578f57585987075779d5b760'),('e6931ebe62a069b5b9b2643b7dfdc4c0',1,'2017-12-07 14:35:27','viewResources','AJshowReservations','a:1:{s:3:\"obj\";O:8:\"Computer\":13:{s:7:\"restype\";s:8:\"computer\";s:11:\"restypename\";s:8:\"Computer\";s:10:\"hasmapping\";i:0;s:7:\"maptype\";s:0:\"\";s:11:\"maptypename\";s:0:\"\";s:9:\"basecdata\";a:1:{s:3:\"obj\";r:2;}s:18:\"defaultGetDataArgs\";a:3:{s:4:\"sort\";i:0;s:14:\"includedeleted\";i:0;s:5:\"rscid\";s:0:\"\";}s:9:\"deletable\";i:1;s:13:\"deletetoggled\";i:1;s:6:\"errmsg\";N;s:9:\"namefield\";s:8:\"hostname\";s:7:\"addable\";i:1;s:8:\"jsondata\";a:0:{}}}',1,NULL,'e6931ebe62a069b5b9b2643b7dfdc4c0'),('e76b6201711d115fafd527566bfc3ae6',1,'2017-12-01 14:35:16','groupMapHTML','changeLocale','a:3:{s:2:\"IP\";s:9:\"127.0.0.1\";s:7:\"oldmode\";s:12:\"groupMapHTML\";s:6:\"locale\";s:5:\"zh_CN\";}',1,NULL,'e76b6201711d115fafd527566bfc3ae6'),('e96412e50540e483b2f6a8d6c3c4bc0b',1,'2017-12-07 13:42:34','viewResources','jsonResourceStore','a:1:{s:3:\"obj\";O:5:\"Image\":13:{s:7:\"restype\";s:5:\"image\";s:11:\"restypename\";s:5:\"Image\";s:10:\"hasmapping\";i:1;s:7:\"maptype\";s:8:\"computer\";s:11:\"maptypename\";s:8:\"Computer\";s:9:\"basecdata\";a:1:{s:3:\"obj\";r:2;}s:18:\"defaultGetDataArgs\";a:2:{s:14:\"includedeleted\";i:0;s:5:\"rscid\";i:0;}s:9:\"deletable\";i:1;s:13:\"deletetoggled\";i:1;s:6:\"errmsg\";N;s:9:\"namefield\";s:10:\"prettyname\";s:7:\"addable\";i:0;s:8:\"jsondata\";a:0:{}}}',1,NULL,'e96412e50540e483b2f6a8d6c3c4bc0b'),('ea4213f1991c972196db8d0bfed6e2cd',1,'2017-12-01 14:35:28','jsonResourceStore','changeLocale','a:3:{s:2:\"IP\";s:9:\"127.0.0.1\";s:7:\"oldmode\";s:17:\"jsonResourceStore\";s:6:\"locale\";s:5:\"ja_JP\";}',1,NULL,'ea4213f1991c972196db8d0bfed6e2cd'),('ec395db55d0a0280fa6ac156eb9dace7',1,'2017-12-13 13:58:53','AJshowRequestSuggestedTimes','changeLocale','a:3:{s:2:\"IP\";s:9:\"127.0.0.1\";s:7:\"oldmode\";s:27:\"AJshowRequestSuggestedTimes\";s:6:\"locale\";s:5:\"en_US\";}',1,NULL,'ec395db55d0a0280fa6ac156eb9dace7'),('ec813703c00cadbc29059e951f2c9e69',1,'2017-12-07 14:35:53','AJeditResource','AJsaveResource','a:3:{s:3:\"obj\";O:8:\"Computer\":13:{s:7:\"restype\";s:8:\"computer\";s:11:\"restypename\";s:8:\"Computer\";s:10:\"hasmapping\";i:0;s:7:\"maptype\";s:0:\"\";s:11:\"maptypename\";s:0:\"\";s:9:\"basecdata\";a:1:{s:3:\"obj\";r:2;}s:18:\"defaultGetDataArgs\";a:3:{s:4:\"sort\";i:0;s:14:\"includedeleted\";i:0;s:5:\"rscid\";s:0:\"\";}s:9:\"deletable\";i:1;s:13:\"deletetoggled\";i:1;s:6:\"errmsg\";N;s:9:\"namefield\";s:8:\"hostname\";s:7:\"addable\";i:1;s:8:\"jsondata\";a:1:{s:10:\"showcancel\";i:0;}}s:5:\"rscid\";s:1:\"4\";s:7:\"olddata\";a:44:{s:2:\"id\";s:1:\"4\";s:5:\"state\";s:11:\"maintenance\";s:7:\"stateid\";s:2:\"10\";s:5:\"owner\";s:11:\"admin@Local\";s:7:\"ownerid\";s:1:\"1\";s:8:\"platform\";s:4:\"i386\";s:10:\"platformid\";s:1:\"1\";s:8:\"schedule\";s:8:\"VCL 24x7\";s:10:\"scheduleid\";s:1:\"1\";s:10:\"currentimg\";s:8:\"No Image\";s:12:\"currentimgid\";s:1:\"1\";s:15:\"imagerevisionid\";s:1:\"1\";s:13:\"imagerevision\";s:1:\"0\";s:7:\"nextimg\";s:8:\"No Image\";s:9:\"nextimgid\";s:1:\"1\";s:3:\"ram\";s:4:\"4096\";s:10:\"procnumber\";s:1:\"4\";s:9:\"procspeed\";s:4:\"3000\";s:7:\"network\";s:4:\"1000\";s:8:\"hostname\";s:13:\"TestComputer3\";s:9:\"IPaddress\";s:11:\"10.10.11.13\";s:16:\"privateIPaddress\";s:10:\"10.10.22.3\";s:14:\"eth0macaddress\";s:17:\"20:22:78:33:02:05\";s:14:\"eth1macaddress\";s:17:\"20:22:78:33:02:06\";s:4:\"type\";s:14:\"virtualmachine\";s:7:\"deleted\";s:1:\"0\";s:10:\"resourceid\";s:2:\"14\";s:5:\"notes\";N;s:8:\"vmhostid\";N;s:6:\"vmhost\";N;s:16:\"vmhostcomputerid\";N;s:8:\"location\";s:0:\"\";s:14:\"provisioningid\";s:1:\"9\";s:12:\"provisioning\";s:26:\"Libvirt Virtualization API\";s:11:\"vmprofileid\";N;s:18:\"predictivemoduleid\";s:2:\"31\";s:16:\"predictivemodule\";s:34:\"Unload/power off after reservation\";s:9:\"nathostid\";N;s:16:\"nathostenabledid\";N;s:18:\"natpublicIPaddress\";s:0:\"\";s:20:\"natinternalIPaddress\";s:0:\"\";s:10:\"natenabled\";i:0;s:7:\"nathost\";s:0:\"\";s:14:\"nathostenabled\";i:0;}}',1,NULL,'ec813703c00cadbc29059e951f2c9e69'),('ed02c70eb5a24b1266da979243ca57ce',1,'2017-12-15 10:38:43','viewRequests','changeLocale','a:3:{s:2:\"IP\";s:9:\"127.0.0.1\";s:7:\"oldmode\";s:12:\"viewRequests\";s:6:\"locale\";s:5:\"en_US\";}',1,NULL,'ed02c70eb5a24b1266da979243ca57ce'),('ef0bb9d72f4ace2c8e6b070261d01c8f',1,'2017-12-14 11:09:48','viewRequests','AJconfirmDeleteRequest','a:2:{s:9:\"requestid\";s:2:\"15\";s:10:\"notbyowner\";i:0;}',1,NULL,'ef0bb9d72f4ace2c8e6b070261d01c8f'),('efb45f2db6f916c8f9c060f21d35660e',1,'2017-12-01 14:36:16','editVMInfo','changeLocale','a:3:{s:2:\"IP\";s:9:\"127.0.0.1\";s:7:\"oldmode\";s:10:\"editVMInfo\";s:6:\"locale\";s:5:\"ja_JP\";}',1,NULL,'efb45f2db6f916c8f9c060f21d35660e'),('f297daa14678ad84edcfc631e34f840a',1,'2017-12-01 14:37:03','AJviewRequests','AJconfirmDeleteRequest','a:2:{s:9:\"requestid\";s:1:\"1\";s:10:\"notbyowner\";i:0;}',1,NULL,'f297daa14678ad84edcfc631e34f840a'),('f3bca5387feb0e39da89ca8f4f31e0ad',1,'2017-12-13 13:37:36','AJnewRequest','changeLocale','a:3:{s:2:\"IP\";s:9:\"127.0.0.1\";s:7:\"oldmode\";s:12:\"AJnewRequest\";s:6:\"locale\";s:5:\"en_US\";}',1,NULL,'f3bca5387feb0e39da89ca8f4f31e0ad'),('f4324d790d251223755bc4fd1beb731b',1,'2017-12-01 14:35:17','jsonResourceGroupingResources','changeLocale','a:3:{s:2:\"IP\";s:9:\"127.0.0.1\";s:7:\"oldmode\";s:29:\"jsonResourceGroupingResources\";s:6:\"locale\";s:5:\"pt_PT\";}',1,NULL,'f4324d790d251223755bc4fd1beb731b'),('f46e009e2def07c3223d807e32681415',1,'2017-12-07 14:35:16','groupMapHTML','AJaddRemGroupResource','a:2:{s:3:\"obj\";O:8:\"Computer\":13:{s:7:\"restype\";s:8:\"computer\";s:11:\"restypename\";s:8:\"Computer\";s:10:\"hasmapping\";i:0;s:7:\"maptype\";s:0:\"\";s:11:\"maptypename\";s:0:\"\";s:9:\"basecdata\";a:1:{s:3:\"obj\";r:2;}s:18:\"defaultGetDataArgs\";a:3:{s:4:\"sort\";i:0;s:14:\"includedeleted\";i:0;s:5:\"rscid\";s:0:\"\";}s:9:\"deletable\";i:1;s:13:\"deletetoggled\";i:1;s:6:\"errmsg\";N;s:9:\"namefield\";s:8:\"hostname\";s:7:\"addable\";i:1;s:8:\"jsondata\";a:0:{}}s:4:\"mode\";s:6:\"remove\";}',1,NULL,'f46e009e2def07c3223d807e32681415'),('f4aa6acd2f8053a6541fa81adcb27443',1,'2017-12-01 14:33:53','AJsetTZoffset','changeLocale','a:3:{s:2:\"IP\";s:9:\"127.0.0.1\";s:7:\"oldmode\";s:13:\"AJsetTZoffset\";s:6:\"locale\";s:5:\"ja_JP\";}',1,NULL,'f4aa6acd2f8053a6541fa81adcb27443'),('f5bfe4fa3731f1ebd225d658364134ad',1,'2017-12-07 14:36:17','editVMInfo','vmhostdata','a:0:{}',1,NULL,'f5bfe4fa3731f1ebd225d658364134ad'),('f616ad02afd21f492e562422ddad3d1f',1,'2017-12-01 14:35:17','jsonResourceGroupingResources','changeLocale','a:3:{s:2:\"IP\";s:9:\"127.0.0.1\";s:7:\"oldmode\";s:29:\"jsonResourceGroupingResources\";s:6:\"locale\";s:5:\"ja_JP\";}',1,NULL,'f616ad02afd21f492e562422ddad3d1f'),('f6a9d32efcdaa2dcbb2378d73061874a',1,'2017-12-01 14:35:25','computer','changeLocale','a:3:{s:2:\"IP\";s:9:\"127.0.0.1\";s:7:\"oldmode\";s:8:\"computer\";s:6:\"locale\";s:5:\"pt_PT\";}',1,NULL,'f6a9d32efcdaa2dcbb2378d73061874a'),('f6c3ec3df80e1e864e454cc06fe01ca5',1,'2017-12-01 14:35:17','jsonResourceGroupingResources','changeLocale','a:3:{s:2:\"IP\";s:9:\"127.0.0.1\";s:7:\"oldmode\";s:29:\"jsonResourceGroupingResources\";s:6:\"locale\";s:5:\"zh_CN\";}',1,NULL,'f6c3ec3df80e1e864e454cc06fe01ca5'),('f860b5c4202089c5c401b5cf17f62837',1,'2017-12-14 11:10:00','AJviewRequests','changeLocale','a:3:{s:2:\"IP\";s:9:\"127.0.0.1\";s:7:\"oldmode\";s:14:\"AJviewRequests\";s:6:\"locale\";s:5:\"es_MX\";}',1,NULL,'f860b5c4202089c5c401b5cf17f62837'),('f8e636ee86d4d00035e1b6852eaee79e',1,'2017-12-01 14:36:09','AJeditResource','changeLocale','a:3:{s:2:\"IP\";s:9:\"127.0.0.1\";s:7:\"oldmode\";s:14:\"AJeditResource\";s:6:\"locale\";s:5:\"fr_CA\";}',1,NULL,'f8e636ee86d4d00035e1b6852eaee79e'),('f9773bd81d22b3aa5b8b8356b4bb8e91',1,'2017-12-13 13:58:53','AJupdateWaitTime','changeLocale','a:3:{s:2:\"IP\";s:9:\"127.0.0.1\";s:7:\"oldmode\";s:16:\"AJupdateWaitTime\";s:6:\"locale\";s:5:\"en_US\";}',1,NULL,'f9773bd81d22b3aa5b8b8356b4bb8e91'),('fa59c77141ba81b3e2ae84a8dab66e51',1,'2017-12-01 14:36:19','vmhostdata','changeLocale','a:3:{s:2:\"IP\";s:9:\"127.0.0.1\";s:7:\"oldmode\";s:10:\"vmhostdata\";s:6:\"locale\";s:5:\"pt_PT\";}',1,NULL,'fa59c77141ba81b3e2ae84a8dab66e51'),('fb91d534299ec520055bbb878339e420',1,'2017-12-01 14:34:10','jsonResourceMappingGroups','changeLocale','a:3:{s:2:\"IP\";s:9:\"127.0.0.1\";s:7:\"oldmode\";s:25:\"jsonResourceMappingGroups\";s:6:\"locale\";s:5:\"ja_JP\";}',1,NULL,'fb91d534299ec520055bbb878339e420'),('fbbea773528918058cd4d95c63ae5940',1,'2017-12-14 11:10:00','AJviewRequests','changeLocale','a:3:{s:2:\"IP\";s:9:\"127.0.0.1\";s:7:\"oldmode\";s:14:\"AJviewRequests\";s:6:\"locale\";s:5:\"en_US\";}',1,NULL,'fbbea773528918058cd4d95c63ae5940'),('fd27940a61b74704307f4026316bf28a',1,'2017-12-01 14:34:19','jsonResourceMappingMapToGroups','changeLocale','a:3:{s:2:\"IP\";s:9:\"127.0.0.1\";s:7:\"oldmode\";s:30:\"jsonResourceMappingMapToGroups\";s:6:\"locale\";s:5:\"ja_JP\";}',1,NULL,'fd27940a61b74704307f4026316bf28a'),('fe6d5a09776f04dbfe7fb8e53ea387a7',1,'2017-12-14 11:10:00','AJviewRequests','AJconfirmRemoveRequest','a:1:{s:9:\"requestid\";s:2:\"15\";}',1,NULL,'fe6d5a09776f04dbfe7fb8e53ea387a7'),('ff32221c19b36733bc8f4b4b0293182b',1,'2017-12-07 14:35:27','viewResources','AJcompScheduleChange','a:1:{s:3:\"obj\";O:8:\"Computer\":13:{s:7:\"restype\";s:8:\"computer\";s:11:\"restypename\";s:8:\"Computer\";s:10:\"hasmapping\";i:0;s:7:\"maptype\";s:0:\"\";s:11:\"maptypename\";s:0:\"\";s:9:\"basecdata\";a:1:{s:3:\"obj\";r:2;}s:18:\"defaultGetDataArgs\";a:3:{s:4:\"sort\";i:0;s:14:\"includedeleted\";i:0;s:5:\"rscid\";s:0:\"\";}s:9:\"deletable\";i:1;s:13:\"deletetoggled\";i:1;s:6:\"errmsg\";N;s:9:\"namefield\";s:8:\"hostname\";s:7:\"addable\";i:1;s:8:\"jsondata\";a:0:{}}}',1,NULL,'ff32221c19b36733bc8f4b4b0293182b');
/*!40000 ALTER TABLE `continuations` ENABLE KEYS */;
UNLOCK TABLES;

--
-- Table structure for table `cryptkey`
--

DROP TABLE IF EXISTS `cryptkey`;
/*!40101 SET @saved_cs_client     = @@character_set_client */;
/*!40101 SET character_set_client = utf8 */;
CREATE TABLE `cryptkey` (
  `id` smallint(6) unsigned NOT NULL AUTO_INCREMENT,
  `hostid` smallint(6) unsigned NOT NULL,
  `hosttype` enum('managementnode','web') NOT NULL DEFAULT 'managementnode',
  `pubkey` varchar(1000) NOT NULL,
  `algorithm` varchar(80) NOT NULL,
  `algorithmoption` varchar(255) NOT NULL,
  `keylength` smallint(5) unsigned NOT NULL,
  PRIMARY KEY (`id`),
  UNIQUE KEY `hostid` (`hostid`,`hosttype`)
) ENGINE=InnoDB AUTO_INCREMENT=2 DEFAULT CHARSET=latin1;
/*!40101 SET character_set_client = @saved_cs_client */;

--
-- Dumping data for table `cryptkey`
--

LOCK TABLES `cryptkey` WRITE;
/*!40000 ALTER TABLE `cryptkey` DISABLE KEYS */;
INSERT INTO `cryptkey` VALUES (1,1,'web','-----BEGIN PUBLIC KEY-----\nMIICIjANBgkqhkiG9w0BAQEFAAOCAg8AMIICCgKCAgEA71pqSo718xsZLDwcLHYS\nz4/xTVQWpD8agEUwO1zCsd6IVUlQTKuEHXhjEcIv1srXemM7A6hGwppcly6c8fV+\neva5mSaIh2sz1jTmUhBcJ5Jg5J3DV1Ws+KyDHHuHpq/dmy82NF9ioqyO59d63X/B\n2g6QTDeBU+gpCp3SaCX8UnXDvDB+mxWrdfZuDQAh9MF8rYNHTy/CgeZQSxx5Z4nx\nPq7GnDAcWX5PJYo9jC9CTOEq+4XHxseJMPFbwKAf9071afr5ZogUcNGerKZCMeHV\nY8TuKhteCXXEEsD4hzqtrPgsn8EpHkhi506FQ2g9FdG1RUIYSO6lpZfzNAdNQXtd\nrpMI6wmVjv2o0521OpueBxjPL95u7VA58aqbri3DfbSJLVgqqk5Ci3YHt13vQ9kS\nN9Tb6aScw6QUGwNFjpIHWGl2vrOE9jemEq6R3NJ0Wi8/MRFB7i8UQozp2PjKLxh2\n06477E9ps8zoyQiNJdr+nw/hZ3CTM8LJY8kve3S6hmIpW5O8I81T2F2isUYX6PUd\nIjuqwLVpCaOAxf3RfpBmdMnjgzPIdz19V4GWsZe9Fp85GIxgFTOfgK3JDo/lTQeE\nPQQbnMpgNRU3heyK6aeJqnTxAOMS9jwkqDA/+bIdJENd4GcFOaYPOLpGciRgWSVq\n80YnuTaThlRr+oYL2O6+f3MCAwEAAQ==\n-----END PUBLIC KEY-----\n','RSA','OAEP',4096);
/*!40000 ALTER TABLE `cryptkey` ENABLE KEYS */;
UNLOCK TABLES;

--
-- Table structure for table `cryptsecret`
--

DROP TABLE IF EXISTS `cryptsecret`;
/*!40101 SET @saved_cs_client     = @@character_set_client */;
/*!40101 SET character_set_client = utf8 */;
CREATE TABLE `cryptsecret` (
  `id` mediumint(8) unsigned NOT NULL AUTO_INCREMENT,
  `cryptkeyid` smallint(5) unsigned NOT NULL,
  `secretid` smallint(5) unsigned NOT NULL,
  `cryptsecret` varchar(1000) NOT NULL,
  `algorithm` varchar(80) NOT NULL,
  `algorithmoption` varchar(255) NOT NULL,
  `keylength` smallint(5) unsigned NOT NULL,
  PRIMARY KEY (`id`),
  UNIQUE KEY `cryptkeyid` (`cryptkeyid`,`secretid`),
  KEY `secretid` (`secretid`),
  CONSTRAINT `cryptsecret_ibfk_1` FOREIGN KEY (`cryptkeyid`) REFERENCES `cryptkey` (`id`) ON DELETE CASCADE
) ENGINE=InnoDB DEFAULT CHARSET=latin1;
/*!40101 SET character_set_client = @saved_cs_client */;

--
-- Dumping data for table `cryptsecret`
--

LOCK TABLES `cryptsecret` WRITE;
/*!40000 ALTER TABLE `cryptsecret` DISABLE KEYS */;
/*!40000 ALTER TABLE `cryptsecret` ENABLE KEYS */;
UNLOCK TABLES;

--
-- Table structure for table `documentation`
--

DROP TABLE IF EXISTS `documentation`;
/*!40101 SET @saved_cs_client     = @@character_set_client */;
/*!40101 SET character_set_client = utf8 */;
CREATE TABLE `documentation` (
  `name` varchar(255) NOT NULL,
  `title` varchar(255) NOT NULL,
  `data` text NOT NULL,
  UNIQUE KEY `name` (`name`)
) ENGINE=InnoDB DEFAULT CHARSET=latin1;
/*!40101 SET character_set_client = @saved_cs_client */;

--
-- Dumping data for table `documentation`
--

LOCK TABLES `documentation` WRITE;
/*!40000 ALTER TABLE `documentation` DISABLE KEYS */;
INSERT INTO `documentation` VALUES ('GrantingAccesstoaNewImageEnvironment1','Granting Access to a New Image/Environment','<div id=\"docbullets\">\r\n<h2>Overview</h2>\r\n<p>Once you have created a new image, there are a few things you have to do to allow other people to use it.&nbsp; If you don\'t have access to do any of the following steps, you will need to get a VCL administrator to do them for you.</p>\r\n<p>When you create a new image, it is only available to you, and it is only allowed to be run on a few computers that have been set aside for the testing of new images.</p>\r\n<h2>Step 1: Image Mapping</h2>\r\n<p>Images are mapped to be run on a set of computers. See the documentation on <a href=\"index.php?mode=viewdocs&amp;item=Resources\"><span style=\"color: rgb(255, 0, 0);\"><b>Resources</b></span></a> to learn more about why this is done. For your new image to be able to run on more computers than just those designated for testing, you need to map it to a set of computers. There are a few steps to this process:</p>\r\n<ol>\r\n    <li>You need to make your image a member of an image group\r\n    <ul>\r\n        <li>Select <span style=\"color: rgb(0, 0, 255);\">Manage Images</span>-&gt;<span style=\"color: rgb(0, 0, 255);\">Edit Image Grouping</span></li>\r\n        <li>Select your image from the drop down box and click <span style=\"color: rgb(0, 0, 255);\">Get Groups</span></li>\r\n        <li>Choose one or more image groups to which you would like to add the image from the box on the right</li>\r\n        <li>Click <span style=\"color: rgb(0, 0, 255);\">&lt;-Add</span> to make the image a member of the group(s)</li>\r\n    </ul>\r\n    </li>\r\n    <li>You need to map the image group(s) you selected in step 1 to one or more computer groups\r\n    <ul>\r\n        <li>Select <span style=\"color: rgb(0, 0, 255);\">Manage Images</span>-&gt;<span style=\"color: rgb(0, 0, 255);\">Edit Image Mapping</span></li>\r\n        <li>Do the following for each group from step 1:<br />\r\n        <ul>\r\n            <li>Select the image group from the drop down box and click <span style=\"color: rgb(0, 0, 255);\">Get Computer Groups</span></li>\r\n            <li>Choose one or more computer groups to which you would like to map the image group from the box on the right</li>\r\n            <li>click <span style=\"color: rgb(0, 0, 255);\">&lt;-Add</span> to make map the image group to the computer group(s)</li>\r\n        </ul>\r\n        </li>\r\n        <li>Note: there is an assumption here that the computer groups you selected already have computers that are in those groups</li>\r\n    </ul>\r\n    </li>\r\n</ol>\r\n<h2>Step 2: Privileges</h2>\r\n<p>Now, you need to grant access to use the image to a user or group of users under the Privileges section of the site.&nbsp; Here are the steps involved:</p>\r\n<ol>\r\n    <li>Select <span style=\"color: rgb(0, 0, 255);\">Privileges</span></li>\r\n    <li>Choose an existing node or create a new node in the tree structure in the upper portion of the page where you would like to assign the user(s) access</li>\r\n    <li>Now, you need to grant the user <span style=\"color: rgb(0, 0, 255);\">imageCheckOut</span> at the node.&nbsp; You can do this for an individual user or a group of users.\r\n    <ul>\r\n        <li>Individual User:\r\n        <ul>\r\n            <li>Click <span style=\"color: rgb(0, 0, 255);\">Add User</span></li>\r\n            <li>Enter the user\'s id in the text box and select the <span style=\"color: rgb(0, 0, 255);\">imageCheckOut</span> checkbox</li>\r\n            <li>Click <span style=\"color: rgb(0, 0, 255);\">Submit New User</span></li>\r\n        </ul>\r\n        </li>\r\n        <li>User Group:\r\n        <ul>\r\n            <li>Click <span style=\"color: rgb(0, 0, 255);\">Add Group</span></li>\r\n            <li>Select the user group from the drop-down box and select the <span style=\"color: rgb(0, 0, 255);\">imageCheckOut</span> checkbox</li>\r\n            <li>Click <span style=\"color: rgb(0, 0, 255);\">Submit New User Group</span></li>\r\n        </ul>\r\n        </li>\r\n    </ul>\r\n    </li>\r\n    <li>Next, you need to make sure the image group in which you placed the image in step 1 of <b>Image Mapping</b> is available at this node. If it is, go on to the next step, if not:\r\n    <ul>\r\n        <li>Click <span style=\"color: rgb(0, 0, 255);\">Add Resource Group</span></li>\r\n        <li>Select the image group from the drop-down box and select the <span style=\"color: rgb(0, 0, 255);\">available</span> checkbox</li>\r\n        <li>Click <span style=\"color: rgb(0, 0, 255);\">Submit New Resource Group</span></li>\r\n    </ul>\r\n    </li>\r\n    <li>Finally, you need to make sure the computer group(s) selected in step 2 of <b>Image Mapping</b> are also available here. If so, you are finished.&nbsp; If not:\r\n    <ul>\r\n        <li>Click <span style=\"color: rgb(0, 0, 255);\">Add Resource Group</span></li>\r\n        <li>Select the computer group from the drop-down box and select the <span style=\"color: rgb(0, 0, 255);\">available</span> checkbox</li>\r\n        <li>Click <span style=\"color: rgb(0, 0, 255);\">Submit New Resource Group</span></li>\r\n    </ul>\r\n    </li>\r\n</ol>\r\n<p>Now, the user or user groups you have added to this node will be able to make reservations for the new image.</p>\r\n</div>'),('OverviewofPrivileges-Whatpermissionsarerequiredtoaccesspartsofthesite','Overview of Privileges - What permissions are required to access parts of the site','<p>These are the privileges a user needs to access various parts of the VCL site. Unless specifically specified, a user must have both the <span style=\"color: rgb(0, 0, 255);\">user<span style=\"color: rgb(0, 0, 0);\"> and the <span style=\"color: rgb(255, 102, 0);\">resource</span> permissions granted at the same node in the privilege tree.</span></span> &quot;<span style=\"color: rgb(0, 0, 255);\">user</span>&quot; refers to privileges granted on the Privileges page either specifically to a user or to a group of which a user is a member. &quot;<span style=\"color: rgb(255, 102, 0);\">resource</span>&quot; refers to privileges granted on the Privileges page to a resource group. Privileges can only be granted to resource groups; there is no way to grant privileges to a specific resource (image, computer, etc).</p>\r\n<h2>New Reservation</h2>\r\n<p style=\"margin-left: 40px;\">This shows up for everyone, but the following privileges must be granted to be able to actually make a reservation:</p>\r\n<p style=\"margin-left: 80px;\"><span style=\"color: rgb(0, 0, 255);\">user<span style=\"color: rgb(0, 0, 0);\"> - imageCheckOut</span></span><br />\r\n<span style=\"color: rgb(255, 102, 0);\">resource</span> - image group: available, computer group: available</p>\r\n<h2>Manage Groups</h2>\r\n<p style=\"margin-left: 40px;\"><span style=\"color: rgb(0, 0, 255);\">user <span style=\"color: rgb(0, 0, 0);\">- groupAdmin is required to make this link show up</span></span></p>\r\n<h3 style=\"margin-left: 40px;\">User Groups</h3>\r\n<p style=\"margin-left: 80px;\">Groups a user owns and groups that are editable by groups a user is a member of show up in this section.</p>\r\n<h3 style=\"margin-left: 40px;\">Resource Groups</h3>\r\n<p style=\"margin-left: 80px;\">Groups owned by user groups a user is a member of show up here.&nbsp; More groups show up when the following attribute is granted for a resource group:</p>\r\n<p style=\"margin-left: 80px;\"><span style=\"color: rgb(255, 102, 0);\">resource<span style=\"color: rgb(0, 0, 0);\"> - (any type) manageGroup</span></span></p>\r\n<h2>Manage Images</h2>\r\n<p style=\"margin-left: 40px;\"><span style=\"color: rgb(0, 0, 255);\">user</span> - imageAdmin is required to make this link show up</p>\r\n<h3 style=\"margin-left: 40px;\">Edit Image Information</h3>\r\n<p style=\"margin-left: 80px;\"><span style=\"color: rgb(0, 0, 255);\">user</span> - imageAdmin<br />\r\n<span style=\"color: rgb(255, 102, 0);\">resource</span> - image group: administer</p>\r\n<h3 style=\"margin-left: 40px;\">View Image Grouping</h3>\r\n<p style=\"margin-left: 80px;\"><span style=\"color: rgb(0, 0, 255);\">user</span> - imageAdmin<br />\r\n<span style=\"color: rgb(255, 102, 0);\">resource</span> - image group: manageGroup</p>\r\n<h3 style=\"margin-left: 40px;\">View Image Mapping</h3>\r\n<p style=\"margin-left: 80px;\"><span style=\"color: rgb(0, 0, 255);\">user</span> - imageAdmin<br />\r\n<span style=\"color: rgb(255, 102, 0);\">resource</span> - image group: manageGroup</p>\r\n<p style=\"margin-left: 80px;\">at same or different node:</p>\r\n<p style=\"margin-left: 80px;\"><span style=\"color: rgb(0, 0, 255);\">user</span> - computerAdmin<br />\r\n<span style=\"color: rgb(255, 102, 0);\">resource</span> - computer group: manageGroup</p>\r\n<h3 style=\"margin-left: 40px;\">Create New Image</h3>\r\n<p style=\"margin-left: 80px;\"><span style=\"color: rgb(0, 0, 255);\">user</span> - imageAdmin<br />\r\n<span style=\"color: rgb(255, 102, 0);\">resource</span> - image group: available, computer group: available</p>\r\n<h2>Manage Schedules</h2>\r\n<p style=\"margin-left: 40px;\"><span style=\"color: rgb(0, 0, 255);\">user</span> - scheduleAdmin is required to make this link show up</p>\r\n<p style=\"margin-left: 40px;\">All schedules owned by a user will show up by default.</p>\r\n<p style=\"margin-left: 40px;\">To edit schedule information for other schedules, these permissions are required:</p>\r\n<p style=\"margin-left: 80px;\"><span style=\"color: rgb(0, 0, 255);\">user</span> - scheduleAdmin<br />\r\n<span style=\"color: rgb(255, 102, 0);\">resource</span> - schedule group: administer</p>\r\n<h3 style=\"margin-left: 40px;\">Schedule Grouping</h3>\r\n<p style=\"margin-left: 80px;\"><span style=\"color: rgb(0, 0, 255);\">user</span> - scheduleAdmin<br />\r\n<span style=\"color: rgb(255, 102, 0);\">resource</span> - schedule group: manageGroup</p>\r\n<h2>Manage Computers</h2>\r\n<p style=\"margin-left: 40px;\"><span style=\"color: rgb(0, 0, 255);\">user</span> - computerAdmin is required to make this link show up</p>\r\n<p style=\"margin-left: 40px;\">Selection boxes for platforms and schedules only show up if a user has access to more than one platform or schedule.</p>\r\n<h3 style=\"margin-left: 40px;\">Edit Computer Grouping</h3>\r\n<p style=\"margin-left: 80px;\"><span style=\"color: rgb(0, 0, 255);\">user</span> - computerAdmin<br />\r\n<span style=\"color: rgb(255, 102, 0);\">resource</span> - computer group: manageGroup</p>\r\n<h3 style=\"margin-left: 40px;\">Computer Utilities</h3>\r\n<h4 style=\"margin-left: 80px;\">Reload computers with image</h4>\r\n<p style=\"margin-left: 120px;\"><span style=\"color: rgb(0, 0, 255);\">user</span> - computerAdmin<br />\r\n<span style=\"color: rgb(255, 102, 0);\">resource</span> - computer group: administer</p>\r\n<p style=\"margin-left: 120px;\">and at same or different node:</p>\r\n<p style=\"margin-left: 120px;\"><span style=\"color: rgb(0, 0, 255);\">user</span> - imageCheckOut or imageAdmin<br />\r\n<span style=\"color: rgb(255, 102, 0);\">resource</span> - image group: available</p>\r\n<h4 style=\"margin-left: 80px;\">Change state of computers</h4>\r\n<p style=\"margin-left: 120px;\"><span style=\"color: rgb(0, 0, 255);\">user</span> - computerAdmin<br />\r\n<span style=\"color: rgb(255, 102, 0);\">resource</span> - computer group: administer</p>\r\n<h4 style=\"margin-left: 80px;\">Change schedule of computers</h4>\r\n<p style=\"margin-left: 120px;\"><span style=\"color: rgb(0, 0, 255);\">user</span> - computerAdmin<br />\r\n<span style=\"color: rgb(255, 102, 0);\">resource</span> - computer group: administer</p>\r\n<p style=\"margin-left: 120px;\">and at same or different node:</p>\r\n<p style=\"margin-left: 120px;\"><span style=\"color: rgb(0, 0, 255);\">user</span> - scheduleAdmin<br />\r\n<span style=\"color: rgb(255, 102, 0);\">resource</span> - schedule group: manageGroup</p>\r\n<h3 style=\"margin-left: 40px;\">Edit Computer Information</h3>\r\n<p style=\"margin-left: 80px;\"><span style=\"color: rgb(0, 0, 255);\">user</span> - computerAdmin<br />\r\n<span style=\"color: rgb(255, 102, 0);\">resource</span> - computer group: administer</p>\r\n<p style=\"margin-left: 80px;\">and at same or different node:</p>\r\n<p style=\"margin-left: 80px;\"><span style=\"color: rgb(0, 0, 255);\">user</span> - scheduleAdmin<br />\r\n<span style=\"color: rgb(255, 102, 0);\">resource</span> - schedule group: manageGroup</p>\r\n<p style=\"margin-left: 80px;\">&nbsp;</p>\r\n<h2>Management Nodes</h2>\r\n<p style=\"margin-left: 40px;\"><span style=\"color: rgb(0, 0, 255);\">user</span> - mgmtNodeAdmin is required to make this link show up</p>\r\n<h3 style=\"margin-left: 40px;\">Edit Management Node Information</h3>\r\n<p style=\"margin-left: 80px;\"><span style=\"color: rgb(0, 0, 255);\">user</span> - mgmtNodeAdmin<br />\r\n<span style=\"color: rgb(255, 102, 0);\">resource</span> - management node group: administer</p>\r\n<h3 style=\"margin-left: 40px;\">Edit Management Node Grouping</h3>\r\n<p style=\"margin-left: 80px;\"><span style=\"color: rgb(0, 0, 255);\">user</span> - mgmtNodeAdmin<br />\r\n<span style=\"color: rgb(255, 102, 0);\">resource</span> - management node group: manageGroup</p>\r\n<h3 style=\"margin-left: 40px;\">Edit Management Node Mapping</h3>\r\n<p style=\"margin-left: 80px;\"><span style=\"color: rgb(0, 0, 255);\">user</span> - mgmtNodeAdmin<br />\r\n<span style=\"color: rgb(255, 102, 0);\">resource</span> - management node group: manageGroup</p>\r\n<p style=\"margin-left: 80px;\">at same or different node:</p>\r\n<p style=\"margin-left: 80px;\"><span style=\"color: rgb(0, 0, 255);\">user</span> - computerAdmin<br />\r\n<span style=\"color: rgb(255, 102, 0);\">resource</span> - computer group: manageGroup</p>\r\n<h2>Privileges</h2>\r\n<p style=\"margin-left: 40px;\"><span style=\"color: rgb(0, 0, 255);\">user</span> - nodeAdmin, userGrant, or resourceGrant is required to make this link show up</p>\r\n<h3 style=\"margin-left: 40px;\">Add Child / Delete Node and Children</h3>\r\n<p style=\"margin-left: 80px;\"><span style=\"color: rgb(0, 0, 255);\">user</span> - nodeAdmin</p>\r\n<h3 style=\"margin-left: 40px;\">Add User / modify user privileges</h3>\r\n<p style=\"margin-left: 80px;\"><span style=\"color: rgb(0, 0, 255);\">user</span> - userGrant</p>\r\n<h3 style=\"margin-left: 40px;\">Add Group / modify user group privileges</h3>\r\n<p style=\"margin-left: 80px;\"><span style=\"color: rgb(0, 0, 255);\">user</span> - userGrant</p>\r\n<h3 style=\"margin-left: 40px;\">Add Resource Group / modify resource group privileges</h3>\r\n<p style=\"margin-left: 80px;\"><span style=\"color: rgb(0, 0, 255);\">user</span> - resourceGrant</p>\r\n<p>&nbsp;</p>'),('Resources','Resources','<h2>Overview</h2>\r\n<p>Computers, images, management nodes, and schedules have some very similar characteristics in how they are handled within the VCL site. Therefore, there are times where it is easier to refer to them all together as <b><span style=\"color: rgb(255, 0, 0);\">resources</span></b>. Here are some similarities between them:</p>\r\n<ul>\r\n    <li>They are all managed by adding them to <span style=\"color: rgb(255, 0, 0);\"><b>resource groups</b></span>.&nbsp; All resource groups have a type associated with them such that only <span style=\"color: rgb(0, 0, 255);\">images</span> can be part of an <span style=\"color: rgb(0, 0, 255);\">image group</span>, only <span style=\"color: rgb(0, 0, 255);\">computers</span> can be part of a <span style=\"color: rgb(0, 0, 255);\">computer group</span>, etc.</li>\r\n    <li>Resources of one type can be related to resources of certain other types through <span style=\"color: rgb(255, 0, 0);\"><b>resource mapping</b></span>. <span style=\"color: rgb(0, 0, 255);\">Image groups</span> and <span style=\"color: rgb(0, 0, 255);\">computer groups</span> can be mapped together, and <span style=\"color: rgb(0, 0, 255);\">management node</span><span style=\"color: rgb(0, 0, 255);\"> groups</span> and&nbsp;<span style=\"color: rgb(0, 0, 255);\">computer</span><span style=\"color: rgb(0, 0, 255);\"> groups</span> can be mapped together.</li>\r\n    <li>Privileges over resources are only granted through resource groups.&nbsp; Privileges cannot be granted directly to a resource.</li>\r\n    <li>There is an <span style=\"color: rgb(255, 0, 0);\"><b>Admin</b></span> privilege that can be granted to users for each type of resource: computerAdmin, imageAdmin, mgmtNodeAdmin, and scheduleAdmin</li>\r\n</ul>\r\n<h2>Grouping</h2>\r\n<p>The amount of images and computers that become part of a VCL install can grow very rappidly. Because of this, it is much easier to deal with them in groups rather than individually. The amount of schedules and management nodes does not typically grow very large. However, due to other similarities as resources, they are handled in groups as well.</p>\r\n<h2>Mapping</h2>\r\n<p>Mapping allows for tight control over how resources can be used together. Through image to computer mapping, one has tight control over which computers an image could end up being run. This can be used to control things like platform dependencies, to ensure only vm images get run on the correct type of vm computer, and to ensure an image containing software purchased by a specific group only gets run on computers owned by the same group (this can be handled with resource privileges as well).</p>\r\n<p>Through management node to computer mapping, assignment of which management nodes control which computers is accomplished. One can quickly switch which management node is in control of a group of computers. Additionally, when management node redundancy is fully implemented, this is how management nodes will be able to control overlapping groups of computers.</p>\r\n<h2>Resource Privileges</h2>\r\n<p>There are three privileges that can be assigned to resource groups:</p>\r\n<ul>\r\n    <li>available</li>\r\n    <li>administer</li>\r\n    <li>manageGroup</li>\r\n</ul>\r\n<p><span style=\"color: rgb(0, 0, 255);\">available</span> is only used for image and computer groups. If it is assigned to a schedule or management node group, it is simply ignored. This privilege correspondes to these user group privileges: imageCheckOut and imageAdmin. When a user has one of these two privileges at a node along with an image group or a computer group having the available privilege at the same node, then the user will have access to make a reservations for the images in the group (imageCheckOut) or make a new images based off of images in the group (imageAdmin). Note that both an image group and a computer group must have the available permission where a user has imageCheckOut for the user to make a reservation for an image in the image group. This is used to determine which computers are available at the node to go along with which images are also available at the node.</p>\r\n<p><span style=\"color: rgb(0, 0, 255);\">administer</span> is used for all types of resources, and thus corresponds to all of the *Admin user privileges (computerAdmin, imageAdmin, mgmtNodeAdmin, and scheduleAdmin). Administer generally grants access to manage specific <i>characteristics</i> of resources in a group, but not to manage any grouping information. For example, if a user has the imageAdmin privilege at a node where an image group has the administer privilege, the user would then have access to modify <i>characteristics</i> of images in that group (name, owner, minimum specs required by the image, etc), but would <b>not</b> have access to edit which images are <i>in the group</i>.</p>\r\n<p><span style=\"color: rgb(0, 0, 255);\">manageGroup</span> is also used for all types of resources. It grants access to a few different things. One is the ability to modify information about a group under <span style=\"color: rgb(0, 0, 255);\">Manage Groups </span>(if a user also has the groupAdmin privilege). Another is the ability to manage membership of a group. Finally, it provides access for mapping one type of group to another (for this, manageGroup must be granted for both types of resources). Additionally, there is an extra way manageGroup is used specifically related to computer groups: a user must have scheduleAdmin and manageGroup over a schedule group to be able to change the schedule of a computer (both through Manage Computers-&gt;Edit Computer Information and Manage Computers-&gt;Computer Utilities-&gt;Change schedule of computers).</p>');
/*!40000 ALTER TABLE `documentation` ENABLE KEYS */;
UNLOCK TABLES;

--
-- Table structure for table `image`
--

DROP TABLE IF EXISTS `image`;
/*!40101 SET @saved_cs_client     = @@character_set_client */;
/*!40101 SET character_set_client = utf8 */;
CREATE TABLE `image` (
  `id` smallint(5) unsigned NOT NULL AUTO_INCREMENT,
  `name` varchar(70) NOT NULL DEFAULT '',
  `prettyname` varchar(80) NOT NULL DEFAULT '',
  `ownerid` mediumint(8) unsigned DEFAULT '1',
  `imagetypeid` smallint(5) unsigned NOT NULL DEFAULT '1',
  `platformid` tinyint(3) unsigned NOT NULL DEFAULT '1',
  `OSid` tinyint(3) unsigned NOT NULL DEFAULT '0',
  `imagemetaid` smallint(5) unsigned DEFAULT NULL,
  `minram` mediumint(8) unsigned NOT NULL DEFAULT '0',
  `minprocnumber` tinyint(3) unsigned NOT NULL DEFAULT '0',
  `minprocspeed` smallint(5) unsigned NOT NULL DEFAULT '0',
  `minnetwork` smallint(3) unsigned NOT NULL DEFAULT '0',
  `maxconcurrent` tinyint(3) unsigned DEFAULT NULL,
  `reloadtime` tinyint(3) unsigned NOT NULL DEFAULT '10',
  `deleted` tinyint(1) unsigned NOT NULL DEFAULT '0',
  `test` tinyint(1) unsigned NOT NULL DEFAULT '0',
  `lastupdate` datetime DEFAULT NULL,
  `forcheckout` tinyint(1) unsigned NOT NULL DEFAULT '1',
  `maxinitialtime` smallint(5) unsigned NOT NULL DEFAULT '0',
  `project` enum('vcl','hpc','vclhpc') NOT NULL DEFAULT 'vcl',
  `size` smallint(5) unsigned NOT NULL DEFAULT '0',
  `architecture` enum('x86','x86_64') NOT NULL DEFAULT 'x86',
  `description` text,
  `usage` text,
  `basedoffrevisionid` mediumint(8) unsigned DEFAULT NULL,
  PRIMARY KEY (`id`),
  UNIQUE KEY `name` (`name`),
  UNIQUE KEY `prettyname` (`prettyname`),
  KEY `ownerid` (`ownerid`),
  KEY `platformid` (`platformid`),
  KEY `OSid` (`OSid`),
  KEY `imagemetaid` (`imagemetaid`),
  KEY `imagetypeid` (`imagetypeid`),
  KEY `basedoffrevisionid` (`basedoffrevisionid`),
  CONSTRAINT `image_ibfk_1` FOREIGN KEY (`ownerid`) REFERENCES `user` (`id`) ON UPDATE CASCADE,
  CONSTRAINT `image_ibfk_2` FOREIGN KEY (`platformid`) REFERENCES `platform` (`id`) ON UPDATE CASCADE,
  CONSTRAINT `image_ibfk_3` FOREIGN KEY (`OSid`) REFERENCES `OS` (`id`) ON UPDATE CASCADE,
  CONSTRAINT `image_ibfk_4` FOREIGN KEY (`imagetypeid`) REFERENCES `imagetype` (`id`) ON UPDATE CASCADE,
  CONSTRAINT `image_ibfk_5` FOREIGN KEY (`imagemetaid`) REFERENCES `imagemeta` (`id`) ON DELETE SET NULL ON UPDATE CASCADE,
  CONSTRAINT `image_ibfk_6` FOREIGN KEY (`basedoffrevisionid`) REFERENCES `imagerevision` (`id`) ON UPDATE CASCADE
) ENGINE=InnoDB AUTO_INCREMENT=3 DEFAULT CHARSET=latin1;
/*!40101 SET character_set_client = @saved_cs_client */;

--
-- Dumping data for table `image`
--

LOCK TABLES `image` WRITE;
/*!40000 ALTER TABLE `image` DISABLE KEYS */;
INSERT INTO `image` VALUES (1,'noimage','No Image',1,1,1,2,NULL,0,1,0,10,NULL,0,0,0,NULL,0,0,'vcl',0,'x86',NULL,NULL,NULL),(2,'TestImage','Test Image',1,1,1,35,NULL,1024,1,1000,10,NULL,10,0,0,NULL,1,0,'vcl',0,'x86',NULL,NULL,NULL);
/*!40000 ALTER TABLE `image` ENABLE KEYS */;
UNLOCK TABLES;

--
-- Table structure for table `imageaddomain`
--

DROP TABLE IF EXISTS `imageaddomain`;
/*!40101 SET @saved_cs_client     = @@character_set_client */;
/*!40101 SET character_set_client = utf8 */;
CREATE TABLE `imageaddomain` (
  `imageid` smallint(5) unsigned NOT NULL,
  `addomainid` tinyint(3) unsigned NOT NULL,
  `baseOU` varchar(512) DEFAULT NULL,
  PRIMARY KEY (`imageid`,`addomainid`)
) ENGINE=InnoDB DEFAULT CHARSET=latin1;
/*!40101 SET character_set_client = @saved_cs_client */;

--
-- Dumping data for table `imageaddomain`
--

LOCK TABLES `imageaddomain` WRITE;
/*!40000 ALTER TABLE `imageaddomain` DISABLE KEYS */;
/*!40000 ALTER TABLE `imageaddomain` ENABLE KEYS */;
UNLOCK TABLES;

--
-- Table structure for table `imagemeta`
--

DROP TABLE IF EXISTS `imagemeta`;
/*!40101 SET @saved_cs_client     = @@character_set_client */;
/*!40101 SET character_set_client = utf8 */;
CREATE TABLE `imagemeta` (
  `id` smallint(5) unsigned NOT NULL AUTO_INCREMENT,
  `checkuser` tinyint(1) unsigned NOT NULL DEFAULT '1',
  `subimages` tinyint(1) unsigned NOT NULL DEFAULT '0',
  `sysprep` tinyint(1) unsigned NOT NULL DEFAULT '1',
  `postoption` varchar(32) DEFAULT NULL,
  `architecture` varchar(10) DEFAULT NULL,
  `rootaccess` tinyint(1) unsigned NOT NULL DEFAULT '1',
  `sethostname` tinyint(1) unsigned DEFAULT NULL,
  PRIMARY KEY (`id`)
) ENGINE=InnoDB DEFAULT CHARSET=latin1;
/*!40101 SET character_set_client = @saved_cs_client */;

--
-- Dumping data for table `imagemeta`
--

LOCK TABLES `imagemeta` WRITE;
/*!40000 ALTER TABLE `imagemeta` DISABLE KEYS */;
/*!40000 ALTER TABLE `imagemeta` ENABLE KEYS */;
UNLOCK TABLES;

--
-- Table structure for table `imagerevision`
--

DROP TABLE IF EXISTS `imagerevision`;
/*!40101 SET @saved_cs_client     = @@character_set_client */;
/*!40101 SET character_set_client = utf8 */;
CREATE TABLE `imagerevision` (
  `id` mediumint(8) unsigned NOT NULL AUTO_INCREMENT,
  `imageid` smallint(5) unsigned NOT NULL,
  `revision` smallint(5) unsigned NOT NULL,
  `userid` mediumint(8) unsigned NOT NULL,
  `datecreated` datetime NOT NULL,
  `deleted` tinyint(1) unsigned NOT NULL,
  `datedeleted` datetime DEFAULT NULL,
  `production` tinyint(1) unsigned NOT NULL,
  `comments` text,
  `imagename` varchar(75) NOT NULL,
  `autocaptured` tinyint(1) unsigned NOT NULL DEFAULT '0',
  PRIMARY KEY (`id`),
  UNIQUE KEY `production` (`production`,`imagename`),
  UNIQUE KEY `imageid` (`imageid`,`revision`),
  KEY `userid` (`userid`),
  CONSTRAINT `imagerevision_ibfk_2` FOREIGN KEY (`userid`) REFERENCES `user` (`id`) ON UPDATE CASCADE,
  CONSTRAINT `imagerevision_ibfk_1` FOREIGN KEY (`imageid`) REFERENCES `image` (`id`)
) ENGINE=InnoDB AUTO_INCREMENT=3 DEFAULT CHARSET=latin1;
/*!40101 SET character_set_client = @saved_cs_client */;

--
-- Dumping data for table `imagerevision`
--

LOCK TABLES `imagerevision` WRITE;
/*!40000 ALTER TABLE `imagerevision` DISABLE KEYS */;
INSERT INTO `imagerevision` VALUES (1,1,0,1,'1980-01-01 00:00:00',0,NULL,1,NULL,'noimage',0),(2,2,0,1,'2017-11-30 00:00:00',0,NULL,1,'','testImage',0);
/*!40000 ALTER TABLE `imagerevision` ENABLE KEYS */;
UNLOCK TABLES;

--
-- Table structure for table `imagerevisioninfo`
--

DROP TABLE IF EXISTS `imagerevisioninfo`;
/*!40101 SET @saved_cs_client     = @@character_set_client */;
/*!40101 SET character_set_client = utf8 */;
CREATE TABLE `imagerevisioninfo` (
  `imagerevisionid` mediumint(8) unsigned NOT NULL,
  `usernames` varchar(512) DEFAULT NULL,
  `firewallenabled` varchar(20) NOT NULL,
  `timestamp` datetime NOT NULL,
  UNIQUE KEY `imagerevisionid` (`imagerevisionid`),
  CONSTRAINT `imagerevisioninfo_ibfk_1` FOREIGN KEY (`imagerevisionid`) REFERENCES `imagerevision` (`id`) ON UPDATE CASCADE
) ENGINE=InnoDB DEFAULT CHARSET=latin1;
/*!40101 SET character_set_client = @saved_cs_client */;

--
-- Dumping data for table `imagerevisioninfo`
--

LOCK TABLES `imagerevisioninfo` WRITE;
/*!40000 ALTER TABLE `imagerevisioninfo` DISABLE KEYS */;
/*!40000 ALTER TABLE `imagerevisioninfo` ENABLE KEYS */;
UNLOCK TABLES;

--
-- Table structure for table `imagetype`
--

DROP TABLE IF EXISTS `imagetype`;
/*!40101 SET @saved_cs_client     = @@character_set_client */;
/*!40101 SET character_set_client = utf8 */;
CREATE TABLE `imagetype` (
  `id` smallint(5) unsigned NOT NULL AUTO_INCREMENT,
  `name` varchar(16) NOT NULL,
  PRIMARY KEY (`id`),
  UNIQUE KEY `name` (`name`)
) ENGINE=InnoDB AUTO_INCREMENT=9 DEFAULT CHARSET=latin1;
/*!40101 SET character_set_client = @saved_cs_client */;

--
-- Dumping data for table `imagetype`
--

LOCK TABLES `imagetype` WRITE;
/*!40000 ALTER TABLE `imagetype` DISABLE KEYS */;
INSERT INTO `imagetype` VALUES (5,'kickstart'),(4,'lab'),(1,'none'),(2,'partimage'),(3,'partimage-ng'),(7,'qcow2'),(8,'vdi'),(6,'vmdk');
/*!40000 ALTER TABLE `imagetype` ENABLE KEYS */;
UNLOCK TABLES;

--
-- Table structure for table `localauth`
--

DROP TABLE IF EXISTS `localauth`;
/*!40101 SET @saved_cs_client     = @@character_set_client */;
/*!40101 SET character_set_client = utf8 */;
CREATE TABLE `localauth` (
  `userid` mediumint(8) unsigned NOT NULL DEFAULT '0',
  `passhash` varchar(40) NOT NULL DEFAULT '',
  `salt` varchar(8) NOT NULL DEFAULT '',
  `lastupdated` datetime NOT NULL DEFAULT '0000-00-00 00:00:00',
  `lockedout` tinyint(1) unsigned NOT NULL DEFAULT '0',
  PRIMARY KEY (`userid`),
  CONSTRAINT `localauth_ibfk_1` FOREIGN KEY (`userid`) REFERENCES `user` (`id`) ON UPDATE CASCADE
) ENGINE=InnoDB DEFAULT CHARSET=latin1;
/*!40101 SET character_set_client = @saved_cs_client */;

--
-- Dumping data for table `localauth`
--

LOCK TABLES `localauth` WRITE;
/*!40000 ALTER TABLE `localauth` DISABLE KEYS */;
INSERT INTO `localauth` VALUES (1,'108a8fd77b04fa7b687e100a21a5a6bbacec9769','eLLkRtLf','2017-11-30 13:36:22',0),(3,'1aeded2e91d876bc1f03df88d4275061e5b99cd6','NkAeINLI','2017-11-30 13:36:22',0);
/*!40000 ALTER TABLE `localauth` ENABLE KEYS */;
UNLOCK TABLES;

--
-- Table structure for table `log`
--

DROP TABLE IF EXISTS `log`;
/*!40101 SET @saved_cs_client     = @@character_set_client */;
/*!40101 SET character_set_client = utf8 */;
CREATE TABLE `log` (
  `id` int(10) unsigned NOT NULL AUTO_INCREMENT,
  `userid` mediumint(8) unsigned NOT NULL DEFAULT '0',
  `nowfuture` enum('now','future') NOT NULL DEFAULT 'now',
  `start` datetime NOT NULL DEFAULT '0000-00-00 00:00:00',
  `loaded` datetime DEFAULT NULL,
  `initialend` datetime NOT NULL DEFAULT '0000-00-00 00:00:00',
  `finalend` datetime NOT NULL DEFAULT '0000-00-00 00:00:00',
  `wasavailable` tinyint(1) unsigned NOT NULL DEFAULT '0',
  `ending` enum('deleted','released','failed','failedtest','noack','nologin','timeout','EOR','none') NOT NULL DEFAULT 'none',
  `requestid` mediumint(8) unsigned DEFAULT NULL,
  `computerid` smallint(5) unsigned DEFAULT NULL,
  `remoteIP` varchar(15) DEFAULT NULL,
  `imageid` smallint(5) unsigned NOT NULL DEFAULT '0',
  `size` smallint(5) unsigned NOT NULL DEFAULT '1450',
  PRIMARY KEY (`id`),
  KEY `userid` (`userid`),
  KEY `computerid` (`computerid`),
  KEY `imageid` (`imageid`),
  KEY `finalend` (`finalend`),
  KEY `start` (`start`),
  KEY `wasavailable` (`wasavailable`),
  CONSTRAINT `log_ibfk_3` FOREIGN KEY (`computerid`) REFERENCES `computer` (`id`),
  CONSTRAINT `log_ibfk_1` FOREIGN KEY (`userid`) REFERENCES `user` (`id`) ON UPDATE CASCADE,
  CONSTRAINT `log_ibfk_2` FOREIGN KEY (`imageid`) REFERENCES `image` (`id`)
) ENGINE=InnoDB AUTO_INCREMENT=16 DEFAULT CHARSET=latin1;
/*!40101 SET character_set_client = @saved_cs_client */;

--
-- Dumping data for table `log`
--

LOCK TABLES `log` WRITE;
/*!40000 ALTER TABLE `log` DISABLE KEYS */;
INSERT INTO `log` VALUES (1,1,'now','2017-11-30 14:36:43',NULL,'2017-11-30 15:45:00','2017-11-30 14:37:08',1,'failed',1,NULL,NULL,2,1450),(2,1,'now','2017-12-05 09:56:28',NULL,'2017-12-05 10:45:00','2017-12-05 09:56:36',1,'failed',2,NULL,NULL,2,1450),(3,1,'now','2017-12-05 10:13:02',NULL,'2017-12-05 11:15:00','2017-12-05 10:13:13',1,'failed',3,NULL,NULL,2,1450),(4,1,'now','2017-12-05 10:23:53',NULL,'2017-12-05 11:30:00','2017-12-05 10:24:01',1,'failed',4,NULL,NULL,2,1450),(5,1,'now','2017-12-05 10:25:48',NULL,'2017-12-05 11:30:00','2017-12-05 10:25:50',1,'failed',5,NULL,NULL,2,1450),(6,1,'now','2017-12-05 10:55:52',NULL,'2017-12-05 12:00:00','2017-12-05 10:55:53',1,'failed',6,NULL,NULL,2,1450),(7,1,'now','2017-12-08 11:10:49',NULL,'2017-12-08 12:15:00','2017-12-08 11:11:01',1,'failed',7,NULL,NULL,2,1450),(8,1,'now','2017-12-08 11:13:58',NULL,'2017-12-08 12:15:00','2017-12-08 11:14:01',1,'failed',8,NULL,NULL,2,1450),(9,1,'now','2017-12-12 13:26:21',NULL,'2017-12-12 13:16:00','2017-12-12 13:16:00',0,'none',9,NULL,NULL,2,1450),(10,1,'now','2017-12-12 13:36:53',NULL,'2017-12-12 14:45:00','2017-12-12 13:36:59',1,'failed',10,NULL,NULL,2,1450),(11,1,'now','2017-12-12 13:39:04',NULL,'2017-12-31 12:30:00','2017-12-12 13:39:11',1,'failed',11,NULL,NULL,2,1450),(12,1,'now','2017-12-12 14:01:35',NULL,'2017-12-31 12:30:00','2017-12-12 14:01:37',1,'failed',12,NULL,NULL,2,1450),(13,1,'now','2017-12-12 14:01:50',NULL,'2017-12-31 12:30:00','2017-12-12 14:02:00',1,'failed',13,NULL,NULL,2,1450),(14,1,'now','2017-12-13 11:09:26',NULL,'2017-12-31 12:30:00','2017-12-13 11:09:37',1,'failed',14,NULL,NULL,2,1450),(15,1,'now','2017-12-13 11:09:45',NULL,'2017-12-31 12:30:00','2017-12-13 11:09:49',1,'failed',15,NULL,NULL,2,1450);
/*!40000 ALTER TABLE `log` ENABLE KEYS */;
UNLOCK TABLES;

--
-- Table structure for table `loginlog`
--

DROP TABLE IF EXISTS `loginlog`;
/*!40101 SET @saved_cs_client     = @@character_set_client */;
/*!40101 SET character_set_client = utf8 */;
CREATE TABLE `loginlog` (
  `user` varchar(50) NOT NULL,
  `authmech` varchar(30) NOT NULL,
  `affiliationid` mediumint(8) unsigned NOT NULL,
  `timestamp` timestamp NOT NULL DEFAULT CURRENT_TIMESTAMP,
  `passfail` tinyint(1) unsigned NOT NULL DEFAULT '0',
  `remoteIP` varchar(15) NOT NULL,
  `code` enum('none','invalid credentials') NOT NULL DEFAULT 'none',
  KEY `user` (`user`),
  KEY `affiliationid` (`affiliationid`),
  KEY `timestamp` (`timestamp`),
  KEY `authmech` (`authmech`),
  KEY `code` (`code`),
  CONSTRAINT `loginlog_ibfk_1` FOREIGN KEY (`affiliationid`) REFERENCES `affiliation` (`id`) ON UPDATE CASCADE
) ENGINE=InnoDB DEFAULT CHARSET=latin1;
/*!40101 SET character_set_client = @saved_cs_client */;

--
-- Dumping data for table `loginlog`
--

LOCK TABLES `loginlog` WRITE;
/*!40000 ALTER TABLE `loginlog` DISABLE KEYS */;
INSERT INTO `loginlog` VALUES ('admin','Local Account',1,'2017-11-30 18:36:45',1,'127.0.0.1','none'),('admin','Local Account',1,'2017-11-30 18:42:25',1,'127.0.0.1','none'),('admin','Local Account',1,'2017-11-30 19:33:50',1,'127.0.0.1','none'),('admin','Local Account',1,'2017-12-05 14:41:48',1,'127.0.0.1','none'),('admin','Local Account',1,'2017-12-08 16:08:56',1,'127.0.0.1','none'),('admin','Local Account',1,'2017-12-12 18:27:16',1,'127.0.0.1','none'),('admin','Local Account',1,'2017-12-13 16:09:37',1,'127.0.0.1','none'),('admin','Local Account',1,'2017-12-14 15:38:40',1,'127.0.0.1','none');
/*!40000 ALTER TABLE `loginlog` ENABLE KEYS */;
UNLOCK TABLES;

--
-- Table structure for table `managementnode`
--

DROP TABLE IF EXISTS `managementnode`;
/*!40101 SET @saved_cs_client     = @@character_set_client */;
/*!40101 SET character_set_client = utf8 */;
CREATE TABLE `managementnode` (
  `id` smallint(5) unsigned NOT NULL AUTO_INCREMENT,
  `IPaddress` varchar(15) NOT NULL DEFAULT '',
  `hostname` varchar(50) NOT NULL DEFAULT '',
  `ownerid` mediumint(8) unsigned NOT NULL DEFAULT '1',
  `stateid` tinyint(3) unsigned NOT NULL DEFAULT '0',
  `lastcheckin` datetime DEFAULT NULL,
  `checkininterval` tinyint(3) unsigned NOT NULL DEFAULT '12',
  `installpath` varchar(100) NOT NULL DEFAULT '/install',
  `imagelibenable` tinyint(1) unsigned NOT NULL DEFAULT '0',
  `imagelibgroupid` smallint(5) unsigned DEFAULT NULL,
  `imagelibuser` varchar(20) DEFAULT 'vclstaff',
  `imagelibkey` varchar(100) DEFAULT '/etc/vcl/imagelib.key',
  `keys` varchar(1024) DEFAULT NULL,
  `sshport` smallint(5) unsigned NOT NULL DEFAULT '22',
  `publicIPconfiguration` enum('dynamicDHCP','manualDHCP','static') NOT NULL DEFAULT 'dynamicDHCP',
  `publicSubnetMask` varchar(56) DEFAULT NULL,
  `publicDefaultGateway` varchar(56) DEFAULT NULL,
  `publicDNSserver` varchar(56) DEFAULT NULL,
  `sysadminEmailAddress` varchar(128) DEFAULT NULL,
  `sharedMailBox` varchar(128) DEFAULT NULL,
  `NOT_STANDALONE` varchar(128) DEFAULT NULL,
  `availablenetworks` text NOT NULL,
  PRIMARY KEY (`id`),
  UNIQUE KEY `hostname` (`hostname`),
  KEY `stateid` (`stateid`),
  KEY `ownerid` (`ownerid`),
  KEY `imagelibgroupid` (`imagelibgroupid`),
  KEY `IPaddress` (`IPaddress`),
  CONSTRAINT `managementnode_ibfk_1` FOREIGN KEY (`imagelibgroupid`) REFERENCES `resourcegroup` (`id`) ON DELETE SET NULL ON UPDATE CASCADE,
  CONSTRAINT `managementnode_ibfk_2` FOREIGN KEY (`ownerid`) REFERENCES `user` (`id`) ON UPDATE CASCADE,
  CONSTRAINT `managementnode_ibfk_3` FOREIGN KEY (`stateid`) REFERENCES `state` (`id`) ON UPDATE CASCADE
) ENGINE=InnoDB AUTO_INCREMENT=2 DEFAULT CHARSET=latin1;
/*!40101 SET character_set_client = @saved_cs_client */;

--
-- Dumping data for table `managementnode`
--

LOCK TABLES `managementnode` WRITE;
/*!40000 ALTER TABLE `managementnode` DISABLE KEYS */;
INSERT INTO `managementnode` VALUES (1,'10.0.2.15','localhost',1,2,'2017-12-14 13:18:12',12,'/install',0,NULL,'vclstaff','/etc/vcl/imagelib.key',NULL,22,'dynamicDHCP',NULL,NULL,NULL,NULL,NULL,NULL,'');
/*!40000 ALTER TABLE `managementnode` ENABLE KEYS */;
UNLOCK TABLES;

--
-- Table structure for table `module`
--

DROP TABLE IF EXISTS `module`;
/*!40101 SET @saved_cs_client     = @@character_set_client */;
/*!40101 SET character_set_client = utf8 */;
CREATE TABLE `module` (
  `id` smallint(5) unsigned NOT NULL AUTO_INCREMENT,
  `name` varchar(30) NOT NULL,
  `prettyname` varchar(70) NOT NULL,
  `description` varchar(255) NOT NULL,
  `perlpackage` varchar(150) NOT NULL,
  PRIMARY KEY (`id`),
  UNIQUE KEY `name` (`name`)
) ENGINE=InnoDB AUTO_INCREMENT=36 DEFAULT CHARSET=latin1;
/*!40101 SET character_set_client = @saved_cs_client */;

--
-- Dumping data for table `module`
--

LOCK TABLES `module` WRITE;
/*!40000 ALTER TABLE `module` DISABLE KEYS */;
INSERT INTO `module` VALUES (1,'provisioning_xcat','xCAT Provisioning Module','','VCL::Module::Provisioning::xCAT'),(3,'provisioning_lab','Computing Lab Provisioning Module','','VCL::Module::Provisioning::Lab'),(4,'os_windows','Windows OS Module','','VCL::Module::OS::Windows'),(5,'os_linux','Linux OS Module','','VCL::Module::OS::Linux'),(6,'os_unix','Unix OS Module','','VCL::Module::OS'),(7,'os_winvista','Windows Vista OS Module','','VCL::Module::OS::Windows::Version_6::Vista'),(8,'predictive_level_0','Reload with last image','Reloads node with same image as was just used on it.','VCL::Module::Predictive::Level_0'),(9,'predictive_level_1','Reload image based on recent user demand','Selects an image to load based on historical data. Loads the most popular image that can be run on the machine that is not currently loaded and available on another node.','VCL::Module::Predictive::Level_1'),(12,'os_winxp','Windows XP OS Module','','VCL::Module::OS::Windows::Version_5::XP'),(13,'os_win2003','Windows Server 2003 OS Module','','VCL::Module::OS::Windows::Version_5::2003'),(14,'os_linux_ubuntu','Ubuntu Linux OS Module','','VCL::Module::OS::Linux::Ubuntu'),(15,'os_unix_lab','Unix Lab OS Module','Unix Lab OS support module','VCL::Module::OS::Linux::UnixLab'),(16,'os_win2008','Windows Server 2008 OS Module','','VCL::Module::OS::Windows::Version_6::2008'),(17,'os_win7','Windows 7 OS Module','','VCL::Module::OS::Windows::Version_6::7'),(21,'provisioning_vmware','VMware Provisioning Module','','VCL::Module::Provisioning::VMware::VMware'),(22,'state_image','VCL Image State Module','','VCL::image'),(23,'base_module','VCL Base Module','','VCL::Module'),(24,'provisioning_vbox','Virtual Box Provisioning Module','','VCL::Module::Provisioning::vbox'),(25,'os_esxi','VMware ESXi OS Module','','VCL::Module::OS::Linux::ESXi'),(26,'os_osx','OSX OS Module','','VCL::Module::OS::OSX'),(27,'provisioning_libvirt','Libvirt Provisioning Module','','VCL::Module::Provisioning::libvirt'),(28,'os_linux_managementnode','Management Node Linux OS Module','','VCL::Module::OS::Linux::ManagementNode'),(29,'os_win8','Windows 8.x OS Module','','VCL::Module::OS::Windows::Version_6::8'),(30,'os_win2012','Windows Server 2012 OS Module','','VCL::Module::OS::Windows::Version_6::2012'),(31,'predictive_level_2','Unload/power off after reservation','Power off computer. If a virtual machine, it will be also destroyed.','VCL::Module::Predictive::Level_2'),(32,'provisioning_openstack','OpenStack Provisioning Module','','VCL::Module::Provisioning::openstack'),(33,'provisioning_one','OpenNebula Provisioning Module','','VCL::Module::Provisioning::one'),(34,'os_win10','Windows 10.x OS Module','','VCL::Module::OS::Windows::Version_10::10'),(35,'os_win2016','Windows Server 2016 OS Module','','VCL::Module::OS::Windows::Version_10::2016');
/*!40000 ALTER TABLE `module` ENABLE KEYS */;
UNLOCK TABLES;

--
-- Table structure for table `nathost`
--

DROP TABLE IF EXISTS `nathost`;
/*!40101 SET @saved_cs_client     = @@character_set_client */;
/*!40101 SET character_set_client = utf8 */;
CREATE TABLE `nathost` (
  `id` smallint(5) unsigned NOT NULL AUTO_INCREMENT,
  `resourceid` mediumint(8) unsigned NOT NULL,
  `publicIPaddress` varchar(15) NOT NULL,
  `internalIPaddress` varchar(15) DEFAULT NULL,
  PRIMARY KEY (`id`),
  UNIQUE KEY `resourceid` (`resourceid`),
  CONSTRAINT `nathost_ibfk_1` FOREIGN KEY (`resourceid`) REFERENCES `resource` (`id`) ON UPDATE CASCADE
) ENGINE=InnoDB DEFAULT CHARSET=latin1;
/*!40101 SET character_set_client = @saved_cs_client */;

--
-- Dumping data for table `nathost`
--

LOCK TABLES `nathost` WRITE;
/*!40000 ALTER TABLE `nathost` DISABLE KEYS */;
/*!40000 ALTER TABLE `nathost` ENABLE KEYS */;
UNLOCK TABLES;

--
-- Table structure for table `nathostcomputermap`
--

DROP TABLE IF EXISTS `nathostcomputermap`;
/*!40101 SET @saved_cs_client     = @@character_set_client */;
/*!40101 SET character_set_client = utf8 */;
CREATE TABLE `nathostcomputermap` (
  `nathostid` smallint(5) unsigned NOT NULL,
  `computerid` smallint(5) unsigned NOT NULL,
  UNIQUE KEY `computerid` (`computerid`,`nathostid`),
  KEY `nathostid` (`nathostid`),
  CONSTRAINT `nathostcomputermap_ibfk_2` FOREIGN KEY (`computerid`) REFERENCES `computer` (`id`),
  CONSTRAINT `nathostcomputermap_ibfk_1` FOREIGN KEY (`nathostid`) REFERENCES `nathost` (`id`) ON DELETE CASCADE ON UPDATE CASCADE
) ENGINE=InnoDB DEFAULT CHARSET=latin1;
/*!40101 SET character_set_client = @saved_cs_client */;

--
-- Dumping data for table `nathostcomputermap`
--

LOCK TABLES `nathostcomputermap` WRITE;
/*!40000 ALTER TABLE `nathostcomputermap` DISABLE KEYS */;
/*!40000 ALTER TABLE `nathostcomputermap` ENABLE KEYS */;
UNLOCK TABLES;

--
-- Table structure for table `natlog`
--

DROP TABLE IF EXISTS `natlog`;
/*!40101 SET @saved_cs_client     = @@character_set_client */;
/*!40101 SET character_set_client = utf8 */;
CREATE TABLE `natlog` (
  `sublogid` int(10) unsigned NOT NULL,
  `nathostresourceid` mediumint(8) unsigned NOT NULL,
  `publicIPaddress` varchar(15) NOT NULL,
  `publicport` smallint(5) unsigned NOT NULL,
  `internalIPaddress` varchar(15) DEFAULT NULL,
  `internalport` smallint(5) unsigned NOT NULL,
  `protocol` enum('TCP','UDP') NOT NULL DEFAULT 'TCP',
  `timestamp` datetime NOT NULL,
  UNIQUE KEY `sublogid` (`sublogid`,`nathostresourceid`,`publicIPaddress`,`publicport`,`internalIPaddress`,`internalport`,`protocol`),
  KEY `logid` (`sublogid`),
  KEY `nathostid` (`nathostresourceid`),
  KEY `nathostresourceid` (`nathostresourceid`),
  CONSTRAINT `natlog_ibfk_2` FOREIGN KEY (`nathostresourceid`) REFERENCES `resource` (`id`) ON UPDATE CASCADE,
  CONSTRAINT `natlog_ibfk_1` FOREIGN KEY (`sublogid`) REFERENCES `sublog` (`id`) ON UPDATE CASCADE
) ENGINE=InnoDB DEFAULT CHARSET=latin1;
/*!40101 SET character_set_client = @saved_cs_client */;

--
-- Dumping data for table `natlog`
--

LOCK TABLES `natlog` WRITE;
/*!40000 ALTER TABLE `natlog` DISABLE KEYS */;
/*!40000 ALTER TABLE `natlog` ENABLE KEYS */;
UNLOCK TABLES;

--
-- Table structure for table `natport`
--

DROP TABLE IF EXISTS `natport`;
/*!40101 SET @saved_cs_client     = @@character_set_client */;
/*!40101 SET character_set_client = utf8 */;
CREATE TABLE `natport` (
  `reservationid` mediumint(8) unsigned NOT NULL,
  `nathostid` smallint(5) unsigned NOT NULL,
  `publicport` smallint(5) unsigned NOT NULL,
  `connectmethodportid` tinyint(3) unsigned NOT NULL,
  UNIQUE KEY `reservationid_connectmethodportid` (`reservationid`,`connectmethodportid`),
  UNIQUE KEY `nathostid_publicport` (`nathostid`,`publicport`),
  KEY `reservationid` (`reservationid`),
  KEY `connectmethodportid` (`connectmethodportid`),
  KEY `nathostid` (`nathostid`),
  CONSTRAINT `natport_ibfk_3` FOREIGN KEY (`nathostid`) REFERENCES `nathost` (`id`) ON UPDATE CASCADE,
  CONSTRAINT `natport_ibfk_1` FOREIGN KEY (`connectmethodportid`) REFERENCES `connectmethodport` (`id`) ON UPDATE CASCADE,
  CONSTRAINT `natport_ibfk_2` FOREIGN KEY (`reservationid`) REFERENCES `reservation` (`id`) ON DELETE CASCADE
) ENGINE=InnoDB DEFAULT CHARSET=latin1;
/*!40101 SET character_set_client = @saved_cs_client */;

--
-- Dumping data for table `natport`
--

LOCK TABLES `natport` WRITE;
/*!40000 ALTER TABLE `natport` DISABLE KEYS */;
/*!40000 ALTER TABLE `natport` ENABLE KEYS */;
UNLOCK TABLES;

--
-- Table structure for table `oneclick`
--

DROP TABLE IF EXISTS `oneclick`;
/*!40101 SET @saved_cs_client     = @@character_set_client */;
/*!40101 SET character_set_client = utf8 */;
CREATE TABLE `oneclick` (
  `id` int(10) unsigned NOT NULL AUTO_INCREMENT,
  `userid` mediumint(8) unsigned NOT NULL,
  `imageid` smallint(5) unsigned NOT NULL,
  `name` varchar(70) NOT NULL,
  `duration` int(11) NOT NULL,
  `autologin` tinyint(1) NOT NULL DEFAULT '0',
  `status` tinyint(4) NOT NULL DEFAULT '1',
  PRIMARY KEY (`id`),
  KEY `userid` (`userid`),
  KEY `imageid` (`imageid`),
  CONSTRAINT `oneclick_ibfk_2` FOREIGN KEY (`userid`) REFERENCES `user` (`id`),
  CONSTRAINT `oneclick_ibfk_1` FOREIGN KEY (`imageid`) REFERENCES `image` (`id`)
) ENGINE=InnoDB DEFAULT CHARSET=latin1;
/*!40101 SET character_set_client = @saved_cs_client */;

--
-- Dumping data for table `oneclick`
--

LOCK TABLES `oneclick` WRITE;
/*!40000 ALTER TABLE `oneclick` DISABLE KEYS */;
/*!40000 ALTER TABLE `oneclick` ENABLE KEYS */;
UNLOCK TABLES;

--
-- Table structure for table `openstackcomputermap`
--

DROP TABLE IF EXISTS `openstackcomputermap`;
/*!40101 SET @saved_cs_client     = @@character_set_client */;
/*!40101 SET character_set_client = utf8 */;
CREATE TABLE `openstackcomputermap` (
  `instanceid` varchar(50) NOT NULL,
  `computerid` smallint(5) unsigned DEFAULT NULL,
  PRIMARY KEY (`instanceid`),
  UNIQUE KEY `computerid` (`computerid`),
  CONSTRAINT `openstackcomputermap_ibfk_1` FOREIGN KEY (`computerid`) REFERENCES `computer` (`id`)
) ENGINE=InnoDB DEFAULT CHARSET=latin1;
/*!40101 SET character_set_client = @saved_cs_client */;

--
-- Dumping data for table `openstackcomputermap`
--

LOCK TABLES `openstackcomputermap` WRITE;
/*!40000 ALTER TABLE `openstackcomputermap` DISABLE KEYS */;
/*!40000 ALTER TABLE `openstackcomputermap` ENABLE KEYS */;
UNLOCK TABLES;

--
-- Table structure for table `openstackimagerevision`
--

DROP TABLE IF EXISTS `openstackimagerevision`;
/*!40101 SET @saved_cs_client     = @@character_set_client */;
/*!40101 SET character_set_client = utf8 */;
CREATE TABLE `openstackimagerevision` (
  `imagerevisionid` mediumint(8) unsigned NOT NULL,
  `imagedetails` text NOT NULL,
  `flavordetails` text NOT NULL,
  PRIMARY KEY (`imagerevisionid`),
  CONSTRAINT `openstackimagerevision_ibfk_1` FOREIGN KEY (`imagerevisionid`) REFERENCES `imagerevision` (`id`) ON UPDATE CASCADE
) ENGINE=InnoDB DEFAULT CHARSET=latin1;
/*!40101 SET character_set_client = @saved_cs_client */;

--
-- Dumping data for table `openstackimagerevision`
--

LOCK TABLES `openstackimagerevision` WRITE;
/*!40000 ALTER TABLE `openstackimagerevision` DISABLE KEYS */;
/*!40000 ALTER TABLE `openstackimagerevision` ENABLE KEYS */;
UNLOCK TABLES;

--
-- Table structure for table `platform`
--

DROP TABLE IF EXISTS `platform`;
/*!40101 SET @saved_cs_client     = @@character_set_client */;
/*!40101 SET character_set_client = utf8 */;
CREATE TABLE `platform` (
  `id` tinyint(3) unsigned NOT NULL AUTO_INCREMENT,
  `name` varchar(20) NOT NULL DEFAULT '',
  PRIMARY KEY (`id`),
  UNIQUE KEY `name` (`name`)
) ENGINE=InnoDB AUTO_INCREMENT=5 DEFAULT CHARSET=latin1;
/*!40101 SET character_set_client = @saved_cs_client */;

--
-- Dumping data for table `platform`
--

LOCK TABLES `platform` WRITE;
/*!40000 ALTER TABLE `platform` DISABLE KEYS */;
INSERT INTO `platform` VALUES (1,'i386'),(4,'i386_lab'),(3,'ultrasparc');
/*!40000 ALTER TABLE `platform` ENABLE KEYS */;
UNLOCK TABLES;

--
-- Table structure for table `privnode`
--

DROP TABLE IF EXISTS `privnode`;
/*!40101 SET @saved_cs_client     = @@character_set_client */;
/*!40101 SET character_set_client = utf8 */;
CREATE TABLE `privnode` (
  `id` mediumint(8) unsigned NOT NULL AUTO_INCREMENT,
  `parent` mediumint(8) unsigned NOT NULL DEFAULT '0',
  `name` varchar(50) NOT NULL DEFAULT '',
  PRIMARY KEY (`id`),
  UNIQUE KEY `parent` (`parent`,`name`),
  CONSTRAINT `privnode_ibfk_1` FOREIGN KEY (`parent`) REFERENCES `privnode` (`id`) ON DELETE CASCADE ON UPDATE CASCADE
) ENGINE=InnoDB AUTO_INCREMENT=6 DEFAULT CHARSET=latin1 COMMENT='nodes for privilege tree';
/*!40101 SET character_set_client = @saved_cs_client */;

--
-- Dumping data for table `privnode`
--

LOCK TABLES `privnode` WRITE;
/*!40000 ALTER TABLE `privnode` DISABLE KEYS */;
INSERT INTO `privnode` VALUES (2,1,'Developer'),(1,1,'Root'),(3,2,'VCL'),(4,3,'admin'),(5,3,'newimages');
/*!40000 ALTER TABLE `privnode` ENABLE KEYS */;
UNLOCK TABLES;

--
-- Table structure for table `provisioning`
--

DROP TABLE IF EXISTS `provisioning`;
/*!40101 SET @saved_cs_client     = @@character_set_client */;
/*!40101 SET character_set_client = utf8 */;
CREATE TABLE `provisioning` (
  `id` smallint(5) unsigned NOT NULL AUTO_INCREMENT,
  `name` varchar(30) NOT NULL,
  `prettyname` varchar(70) NOT NULL,
  `moduleid` smallint(5) unsigned NOT NULL,
  PRIMARY KEY (`id`),
  UNIQUE KEY `name` (`name`),
  KEY `moduleid` (`moduleid`),
  CONSTRAINT `provisioning_ibfk_1` FOREIGN KEY (`moduleid`) REFERENCES `module` (`id`) ON UPDATE CASCADE
) ENGINE=InnoDB AUTO_INCREMENT=13 DEFAULT CHARSET=latin1;
/*!40101 SET character_set_client = @saved_cs_client */;

--
-- Dumping data for table `provisioning`
--

LOCK TABLES `provisioning` WRITE;
/*!40000 ALTER TABLE `provisioning` DISABLE KEYS */;
INSERT INTO `provisioning` VALUES (1,'xcat','xCAT',1),(3,'lab','Computing Lab',3),(7,'vmware','VMware',21),(8,'vbox','Virtual Box',24),(9,'libvirt','Libvirt Virtualization API',27),(10,'none','None',23),(11,'openstack','openstack',32),(12,'one','OpenNebula',33);
/*!40000 ALTER TABLE `provisioning` ENABLE KEYS */;
UNLOCK TABLES;

--
-- Table structure for table `provisioningOSinstalltype`
--

DROP TABLE IF EXISTS `provisioningOSinstalltype`;
/*!40101 SET @saved_cs_client     = @@character_set_client */;
/*!40101 SET character_set_client = utf8 */;
CREATE TABLE `provisioningOSinstalltype` (
  `provisioningid` smallint(5) unsigned NOT NULL,
  `OSinstalltypeid` tinyint(3) unsigned NOT NULL,
  PRIMARY KEY (`provisioningid`,`OSinstalltypeid`),
  KEY `OSinstalltypeid` (`OSinstalltypeid`),
  CONSTRAINT `provisioningOSinstalltype_ibfk_2` FOREIGN KEY (`provisioningid`) REFERENCES `provisioning` (`id`) ON DELETE CASCADE ON UPDATE CASCADE,
  CONSTRAINT `provisioningOSinstalltype_ibfk_1` FOREIGN KEY (`OSinstalltypeid`) REFERENCES `OSinstalltype` (`id`) ON DELETE CASCADE ON UPDATE CASCADE
) ENGINE=InnoDB DEFAULT CHARSET=latin1;
/*!40101 SET character_set_client = @saved_cs_client */;

--
-- Dumping data for table `provisioningOSinstalltype`
--

LOCK TABLES `provisioningOSinstalltype` WRITE;
/*!40000 ALTER TABLE `provisioningOSinstalltype` DISABLE KEYS */;
INSERT INTO `provisioningOSinstalltype` VALUES (1,1),(1,2),(3,3),(7,4),(8,5),(9,4),(11,6),(12,4);
/*!40000 ALTER TABLE `provisioningOSinstalltype` ENABLE KEYS */;
UNLOCK TABLES;

--
-- Table structure for table `querylog`
--

DROP TABLE IF EXISTS `querylog`;
/*!40101 SET @saved_cs_client     = @@character_set_client */;
/*!40101 SET character_set_client = utf8 */;
CREATE TABLE `querylog` (
  `userid` mediumint(8) unsigned NOT NULL DEFAULT '0',
  `timestamp` datetime NOT NULL DEFAULT '0000-00-00 00:00:00',
  `mode` varchar(30) NOT NULL DEFAULT '',
  `query` text NOT NULL,
  KEY `userid` (`userid`),
  CONSTRAINT `querylog_ibfk_1` FOREIGN KEY (`userid`) REFERENCES `user` (`id`) ON UPDATE CASCADE
) ENGINE=InnoDB DEFAULT CHARSET=latin1;
/*!40101 SET character_set_client = @saved_cs_client */;

--
-- Dumping data for table `querylog`
--

LOCK TABLES `querylog` WRITE;
/*!40000 ALTER TABLE `querylog` DISABLE KEYS */;
INSERT INTO `querylog` VALUES (1,'2017-11-30 13:36:47','main','INSERT INTO continuations (id, userid, expiretime, frommode, tomode, data, multicall, parentid, deletefromid) VALUES (\'a4ed491fd4168f2df4877521c829ce86\', 1, \'2017-12-01 13:36:47\', \'main\', \'changeLocale\', \'a:3:{s:2:\\\"IP\\\";s:9:\\\"127.0.0.1\\\";s:7:\\\"oldmode\\\";s:4:\\\"main\\\";s:6:\\\"locale\\\";s:5:\\\"en_US\\\";}\', 1, NULL, \'a4ed491fd4168f2df4877521c829ce86\')'),(1,'2017-11-30 13:36:47','main','INSERT INTO continuations (id, userid, expiretime, frommode, tomode, data, multicall, parentid, deletefromid) VALUES (\'274a299cd96079079b47e1c4138b6bf3\', 1, \'2017-12-01 13:36:47\', \'main\', \'changeLocale\', \'a:3:{s:2:\\\"IP\\\";s:9:\\\"127.0.0.1\\\";s:7:\\\"oldmode\\\";s:4:\\\"main\\\";s:6:\\\"locale\\\";s:5:\\\"es_CR\\\";}\', 1, NULL, \'274a299cd96079079b47e1c4138b6bf3\')'),(1,'2017-11-30 13:36:47','main','INSERT INTO continuations (id, userid, expiretime, frommode, tomode, data, multicall, parentid, deletefromid) VALUES (\'38ac2fea7e2b38c3f92ca698a406829e\', 1, \'2017-12-01 13:36:47\', \'main\', \'changeLocale\', \'a:3:{s:2:\\\"IP\\\";s:9:\\\"127.0.0.1\\\";s:7:\\\"oldmode\\\";s:4:\\\"main\\\";s:6:\\\"locale\\\";s:5:\\\"es_MX\\\";}\', 1, NULL, \'38ac2fea7e2b38c3f92ca698a406829e\')'),(1,'2017-11-30 13:36:47','main','INSERT INTO continuations (id, userid, expiretime, frommode, tomode, data, multicall, parentid, deletefromid) VALUES (\'6abf01f8a245837cc819581695296d36\', 1, \'2017-12-01 13:36:47\', \'main\', \'changeLocale\', \'a:3:{s:2:\\\"IP\\\";s:9:\\\"127.0.0.1\\\";s:7:\\\"oldmode\\\";s:4:\\\"main\\\";s:6:\\\"locale\\\";s:5:\\\"fr_CA\\\";}\', 1, NULL, \'6abf01f8a245837cc819581695296d36\')'),(1,'2017-11-30 13:36:47','main','INSERT INTO continuations (id, userid, expiretime, frommode, tomode, data, multicall, parentid, deletefromid) VALUES (\'dc02e90b45998d8cf45c99d7484a34f9\', 1, \'2017-12-01 13:36:47\', \'main\', \'changeLocale\', \'a:3:{s:2:\\\"IP\\\";s:9:\\\"127.0.0.1\\\";s:7:\\\"oldmode\\\";s:4:\\\"main\\\";s:6:\\\"locale\\\";s:5:\\\"ja_JP\\\";}\', 1, NULL, \'dc02e90b45998d8cf45c99d7484a34f9\')'),(1,'2017-11-30 13:36:47','main','INSERT INTO continuations (id, userid, expiretime, frommode, tomode, data, multicall, parentid, deletefromid) VALUES (\'42a6c64e11354b5c37ac3c2241397732\', 1, \'2017-12-01 13:36:47\', \'main\', \'changeLocale\', \'a:3:{s:2:\\\"IP\\\";s:9:\\\"127.0.0.1\\\";s:7:\\\"oldmode\\\";s:4:\\\"main\\\";s:6:\\\"locale\\\";s:5:\\\"pt_PT\\\";}\', 1, NULL, \'42a6c64e11354b5c37ac3c2241397732\')'),(1,'2017-11-30 13:36:47','main','INSERT INTO continuations (id, userid, expiretime, frommode, tomode, data, multicall, parentid, deletefromid) VALUES (\'175b050e3e837a5e9a1f34d27e16e4d3\', 1, \'2017-12-01 13:36:47\', \'main\', \'changeLocale\', \'a:3:{s:2:\\\"IP\\\";s:9:\\\"127.0.0.1\\\";s:7:\\\"oldmode\\\";s:4:\\\"main\\\";s:6:\\\"locale\\\";s:5:\\\"zh_CN\\\";}\', 1, NULL, \'175b050e3e837a5e9a1f34d27e16e4d3\')'),(1,'2017-11-30 13:36:47','main','DELETE FROM semaphore WHERE procid = \'localhost-18785-5a204fbf53c5f\''),(1,'2017-11-30 13:36:55','image','INSERT INTO continuations (id, userid, expiretime, frommode, tomode, data, multicall, parentid, deletefromid) VALUES (\'4ca906716f1e54dff3eb7384d7f61b72\', 1, \'2017-12-01 13:36:55\', \'image\', \'changeLocale\', \'a:3:{s:2:\\\"IP\\\";s:9:\\\"127.0.0.1\\\";s:7:\\\"oldmode\\\";s:5:\\\"image\\\";s:6:\\\"locale\\\";s:5:\\\"en_US\\\";}\', 1, NULL, \'4ca906716f1e54dff3eb7384d7f61b72\')'),(1,'2017-11-30 13:36:55','image','INSERT INTO continuations (id, userid, expiretime, frommode, tomode, data, multicall, parentid, deletefromid) VALUES (\'563b8b56e6c480198a2b56376d8b256a\', 1, \'2017-12-01 13:36:55\', \'image\', \'changeLocale\', \'a:3:{s:2:\\\"IP\\\";s:9:\\\"127.0.0.1\\\";s:7:\\\"oldmode\\\";s:5:\\\"image\\\";s:6:\\\"locale\\\";s:5:\\\"es_CR\\\";}\', 1, NULL, \'563b8b56e6c480198a2b56376d8b256a\')'),(1,'2017-11-30 13:36:55','image','INSERT INTO continuations (id, userid, expiretime, frommode, tomode, data, multicall, parentid, deletefromid) VALUES (\'3fc8c57740be4358b71ae1c564746e62\', 1, \'2017-12-01 13:36:55\', \'image\', \'changeLocale\', \'a:3:{s:2:\\\"IP\\\";s:9:\\\"127.0.0.1\\\";s:7:\\\"oldmode\\\";s:5:\\\"image\\\";s:6:\\\"locale\\\";s:5:\\\"es_MX\\\";}\', 1, NULL, \'3fc8c57740be4358b71ae1c564746e62\')'),(1,'2017-11-30 13:36:55','image','INSERT INTO continuations (id, userid, expiretime, frommode, tomode, data, multicall, parentid, deletefromid) VALUES (\'95f21b34a2680e8c2f7931377583e5bd\', 1, \'2017-12-01 13:36:55\', \'image\', \'changeLocale\', \'a:3:{s:2:\\\"IP\\\";s:9:\\\"127.0.0.1\\\";s:7:\\\"oldmode\\\";s:5:\\\"image\\\";s:6:\\\"locale\\\";s:5:\\\"fr_CA\\\";}\', 1, NULL, \'95f21b34a2680e8c2f7931377583e5bd\')'),(1,'2017-11-30 13:36:55','image','INSERT INTO continuations (id, userid, expiretime, frommode, tomode, data, multicall, parentid, deletefromid) VALUES (\'d8484f32d8ac07320c93971707f6984f\', 1, \'2017-12-01 13:36:55\', \'image\', \'changeLocale\', \'a:3:{s:2:\\\"IP\\\";s:9:\\\"127.0.0.1\\\";s:7:\\\"oldmode\\\";s:5:\\\"image\\\";s:6:\\\"locale\\\";s:5:\\\"ja_JP\\\";}\', 1, NULL, \'d8484f32d8ac07320c93971707f6984f\')'),(1,'2017-11-30 13:36:55','image','INSERT INTO continuations (id, userid, expiretime, frommode, tomode, data, multicall, parentid, deletefromid) VALUES (\'02062a20becfd51ef3840a266115ba37\', 1, \'2017-12-01 13:36:55\', \'image\', \'changeLocale\', \'a:3:{s:2:\\\"IP\\\";s:9:\\\"127.0.0.1\\\";s:7:\\\"oldmode\\\";s:5:\\\"image\\\";s:6:\\\"locale\\\";s:5:\\\"pt_PT\\\";}\', 1, NULL, \'02062a20becfd51ef3840a266115ba37\')'),(1,'2017-11-30 13:36:55','image','INSERT INTO continuations (id, userid, expiretime, frommode, tomode, data, multicall, parentid, deletefromid) VALUES (\'71528306f69e3a3b5b4f344c6fa650da\', 1, \'2017-12-01 13:36:55\', \'image\', \'changeLocale\', \'a:3:{s:2:\\\"IP\\\";s:9:\\\"127.0.0.1\\\";s:7:\\\"oldmode\\\";s:5:\\\"image\\\";s:6:\\\"locale\\\";s:5:\\\"zh_CN\\\";}\', 1, NULL, \'71528306f69e3a3b5b4f344c6fa650da\')'),(1,'2017-11-30 13:36:55','image','INSERT INTO continuations (id, userid, expiretime, frommode, tomode, data, multicall, parentid, deletefromid) VALUES (\'6ae67b15314535a4932bbf05fdc31ed2\', 1, \'2017-12-07 13:36:55\', \'image\', \'groupMapHTML\', \'a:1:{s:3:\\\"obj\\\";O:5:\\\"Image\\\":13:{s:7:\\\"restype\\\";s:5:\\\"image\\\";s:11:\\\"restypename\\\";s:5:\\\"Image\\\";s:10:\\\"hasmapping\\\";i:1;s:7:\\\"maptype\\\";s:8:\\\"computer\\\";s:11:\\\"maptypename\\\";s:8:\\\"Computer\\\";s:9:\\\"basecdata\\\";a:1:{s:3:\\\"obj\\\";r:2;}s:18:\\\"defaultGetDataArgs\\\";a:2:{s:14:\\\"includedeleted\\\";i:0;s:5:\\\"rscid\\\";i:0;}s:9:\\\"deletable\\\";i:1;s:13:\\\"deletetoggled\\\";i:1;s:6:\\\"errmsg\\\";N;s:9:\\\"namefield\\\";s:10:\\\"prettyname\\\";s:7:\\\"addable\\\";i:0;s:8:\\\"jsondata\\\";a:0:{}}}\', 1, NULL, \'6ae67b15314535a4932bbf05fdc31ed2\')'),(1,'2017-11-30 13:36:55','image','DELETE FROM semaphore WHERE procid = \'localhost-18784-5a204fc75fad9\''),(1,'2017-11-30 13:40:03','image','DELETE FROM semaphore WHERE procid = \'localhost-18784-5a205083676bc\''),(1,'2017-11-30 13:40:07','image','DELETE FROM semaphore WHERE procid = \'localhost-18784-5a205086e90e7\''),(1,'2017-11-30 13:40:08','viewRequests','INSERT INTO continuations (id, userid, expiretime, frommode, tomode, data, multicall, parentid, deletefromid) VALUES (\'ed02c70eb5a24b1266da979243ca57ce\', 1, \'2017-12-01 13:40:08\', \'viewRequests\', \'changeLocale\', \'a:3:{s:2:\\\"IP\\\";s:9:\\\"127.0.0.1\\\";s:7:\\\"oldmode\\\";s:12:\\\"viewRequests\\\";s:6:\\\"locale\\\";s:5:\\\"en_US\\\";}\', 1, NULL, \'ed02c70eb5a24b1266da979243ca57ce\')'),(1,'2017-11-30 13:40:08','viewRequests','INSERT INTO continuations (id, userid, expiretime, frommode, tomode, data, multicall, parentid, deletefromid) VALUES (\'21c2e35d5fb3cf88796c14a6d38180c3\', 1, \'2017-12-01 13:40:08\', \'viewRequests\', \'changeLocale\', \'a:3:{s:2:\\\"IP\\\";s:9:\\\"127.0.0.1\\\";s:7:\\\"oldmode\\\";s:12:\\\"viewRequests\\\";s:6:\\\"locale\\\";s:5:\\\"es_CR\\\";}\', 1, NULL, \'21c2e35d5fb3cf88796c14a6d38180c3\')'),(1,'2017-11-30 13:40:08','viewRequests','INSERT INTO continuations (id, userid, expiretime, frommode, tomode, data, multicall, parentid, deletefromid) VALUES (\'101cc3bcfdb98b5ebc76caba24223f34\', 1, \'2017-12-01 13:40:08\', \'viewRequests\', \'changeLocale\', \'a:3:{s:2:\\\"IP\\\";s:9:\\\"127.0.0.1\\\";s:7:\\\"oldmode\\\";s:12:\\\"viewRequests\\\";s:6:\\\"locale\\\";s:5:\\\"es_MX\\\";}\', 1, NULL, \'101cc3bcfdb98b5ebc76caba24223f34\')'),(1,'2017-11-30 13:40:08','viewRequests','INSERT INTO continuations (id, userid, expiretime, frommode, tomode, data, multicall, parentid, deletefromid) VALUES (\'d8276d55570285ed21ddb9ba0d95df2e\', 1, \'2017-12-01 13:40:08\', \'viewRequests\', \'changeLocale\', \'a:3:{s:2:\\\"IP\\\";s:9:\\\"127.0.0.1\\\";s:7:\\\"oldmode\\\";s:12:\\\"viewRequests\\\";s:6:\\\"locale\\\";s:5:\\\"fr_CA\\\";}\', 1, NULL, \'d8276d55570285ed21ddb9ba0d95df2e\')'),(1,'2017-11-30 13:40:08','viewRequests','INSERT INTO continuations (id, userid, expiretime, frommode, tomode, data, multicall, parentid, deletefromid) VALUES (\'4db5c487de77bf3338abd77ed702d788\', 1, \'2017-12-01 13:40:08\', \'viewRequests\', \'changeLocale\', \'a:3:{s:2:\\\"IP\\\";s:9:\\\"127.0.0.1\\\";s:7:\\\"oldmode\\\";s:12:\\\"viewRequests\\\";s:6:\\\"locale\\\";s:5:\\\"ja_JP\\\";}\', 1, NULL, \'4db5c487de77bf3338abd77ed702d788\')'),(1,'2017-11-30 13:40:08','viewRequests','INSERT INTO continuations (id, userid, expiretime, frommode, tomode, data, multicall, parentid, deletefromid) VALUES (\'0b7c61386adc1ca8442e58cbbbe4ecfd\', 1, \'2017-12-01 13:40:08\', \'viewRequests\', \'changeLocale\', \'a:3:{s:2:\\\"IP\\\";s:9:\\\"127.0.0.1\\\";s:7:\\\"oldmode\\\";s:12:\\\"viewRequests\\\";s:6:\\\"locale\\\";s:5:\\\"pt_PT\\\";}\', 1, NULL, \'0b7c61386adc1ca8442e58cbbbe4ecfd\')'),(1,'2017-11-30 13:40:08','viewRequests','INSERT INTO continuations (id, userid, expiretime, frommode, tomode, data, multicall, parentid, deletefromid) VALUES (\'7e535057192173856430108b8f1c3b47\', 1, \'2017-12-01 13:40:08\', \'viewRequests\', \'changeLocale\', \'a:3:{s:2:\\\"IP\\\";s:9:\\\"127.0.0.1\\\";s:7:\\\"oldmode\\\";s:12:\\\"viewRequests\\\";s:6:\\\"locale\\\";s:5:\\\"zh_CN\\\";}\', 1, NULL, \'7e535057192173856430108b8f1c3b47\')'),(1,'2017-11-30 13:40:08','viewRequests','INSERT INTO continuations (id, userid, expiretime, frommode, tomode, data, multicall, parentid, deletefromid) VALUES (\'662b44bb6edc31366829f639a2fda409\', 1, \'2017-12-01 13:40:08\', \'viewRequests\', \'AJviewRequests\', \'a:0:{}\', 1, NULL, \'662b44bb6edc31366829f639a2fda409\')'),(1,'2017-11-30 13:40:08','viewRequests','INSERT INTO continuations (id, userid, expiretime, frommode, tomode, data, multicall, parentid, deletefromid) VALUES (\'76421615956ca15dbcaeb8085be98b37\', 1, \'2017-12-07 13:40:08\', \'viewRequests\', \'AJpreviewClickThrough\', \'a:0:{}\', 1, NULL, \'76421615956ca15dbcaeb8085be98b37\')'),(1,'2017-11-30 13:40:09','viewRequests','INSERT INTO continuations (id, userid, expiretime, frommode, tomode, data, multicall, parentid, deletefromid) VALUES (\'aa013417988c37b98f9829977e4515de\', 1, \'2017-12-01 13:40:09\', \'viewRequests\', \'AJnewRequest\', \'a:8:{s:10:\\\"baseaccess\\\";i:1;s:13:\\\"imagingaccess\\\";i:1;s:12:\\\"serveraccess\\\";i:1;s:7:\\\"openend\\\";i:1;s:11:\\\"nousercheck\\\";i:1;s:7:\\\"imaging\\\";s:1:\\\"0\\\";s:9:\\\"noimaging\\\";a:0:{}s:10:\\\"maxinitial\\\";s:3:\\\"480\\\";}\', 1, NULL, \'aa013417988c37b98f9829977e4515de\')'),(1,'2017-11-30 13:40:09','viewRequests','INSERT INTO continuations (id, userid, expiretime, frommode, tomode, data, multicall, parentid, deletefromid) VALUES (\'a7dfdaa4c7f64a5264d5ca5f6ae2b600\', 1, \'2017-12-07 13:40:09\', \'viewRequests\', \'AJfetchRouterDNS\', \'a:0:{}\', 1, NULL, \'a7dfdaa4c7f64a5264d5ca5f6ae2b600\')'),(1,'2017-11-30 13:40:09','viewRequests','INSERT INTO continuations (id, userid, expiretime, frommode, tomode, data, multicall, parentid, deletefromid) VALUES (\'4d69e84175607201f62ec297471a5b25\', 1, \'2017-12-07 13:40:09\', \'viewRequests\', \'AJupdateWaitTime\', \'a:8:{s:10:\\\"baseaccess\\\";i:1;s:13:\\\"imagingaccess\\\";i:1;s:12:\\\"serveraccess\\\";i:1;s:7:\\\"openend\\\";i:1;s:11:\\\"nousercheck\\\";i:1;s:7:\\\"imaging\\\";s:1:\\\"0\\\";s:9:\\\"noimaging\\\";a:0:{}s:10:\\\"maxinitial\\\";s:3:\\\"480\\\";}\', 1, NULL, \'4d69e84175607201f62ec297471a5b25\')'),(1,'2017-11-30 13:40:09','viewRequests','INSERT INTO continuations (id, userid, expiretime, frommode, tomode, data, multicall, parentid, deletefromid) VALUES (\'b22d2c2f432781d52435649a6168a5f9\', 1, \'2017-12-07 13:40:09\', \'viewRequests\', \'AJconfigSystem\', \'a:0:{}\', 1, NULL, \'b22d2c2f432781d52435649a6168a5f9\')'),(1,'2017-11-30 13:40:09','viewRequests','INSERT INTO continuations (id, userid, expiretime, frommode, tomode, data, multicall, parentid, deletefromid) VALUES (\'18edb3dcb579462ac82225c9cead5d93\', 1, \'2017-12-07 13:40:09\', \'viewRequests\', \'AJvalidateUserid\', \'a:0:{}\', 1, NULL, \'18edb3dcb579462ac82225c9cead5d93\')'),(1,'2017-11-30 13:40:09','viewRequests','DELETE FROM semaphore WHERE procid = \'localhost-18784-5a205088cf8fa\''),(1,'2017-11-30 13:40:13','image','DELETE FROM semaphore WHERE procid = \'localhost-19209-5a20508dd3d5e\''),(1,'2017-11-30 13:40:28','viewRequests','DELETE FROM semaphore WHERE procid = \'localhost-18782-5a20509bf2d7a\''),(1,'2017-11-30 13:40:33','image','DELETE FROM semaphore WHERE procid = \'localhost-19589-5a2050a1322d9\''),(1,'2017-11-30 13:40:39','image','DELETE FROM semaphore WHERE procid = \'localhost-19229-5a2050a7d5982\''),(1,'2017-11-30 13:40:43','image','DELETE FROM semaphore WHERE procid = \'localhost-18785-5a2050aba211e\''),(1,'2017-11-30 13:40:47','image','DELETE FROM semaphore WHERE procid = \'localhost-18785-5a2050af10d0e\''),(1,'2017-11-30 13:41:34','viewRequests','DELETE FROM semaphore WHERE procid = \'localhost-19162-5a2050de1ecd7\''),(1,'2017-11-30 13:41:38','image','DELETE FROM semaphore WHERE procid = \'localhost-19590-5a2050e272d2f\''),(1,'2017-11-30 13:41:41','main','DELETE FROM semaphore WHERE procid = \'localhost-19590-5a2050e5a4362\''),(1,'2017-11-30 13:41:45','image','DELETE FROM semaphore WHERE procid = \'localhost-19590-5a2050e947916\''),(1,'2017-11-30 13:41:51','groupMapHTML','INSERT INTO continuations (id, userid, expiretime, frommode, tomode, data, multicall, parentid, deletefromid) VALUES (\'4eb8ff5b9b34d7f9ebfcbd3ae497b98c\', 1, \'2017-12-01 13:41:51\', \'groupMapHTML\', \'changeLocale\', \'a:3:{s:2:\\\"IP\\\";s:9:\\\"127.0.0.1\\\";s:7:\\\"oldmode\\\";s:12:\\\"groupMapHTML\\\";s:6:\\\"locale\\\";s:5:\\\"en_US\\\";}\', 1, NULL, \'4eb8ff5b9b34d7f9ebfcbd3ae497b98c\')'),(1,'2017-11-30 13:41:51','groupMapHTML','INSERT INTO continuations (id, userid, expiretime, frommode, tomode, data, multicall, parentid, deletefromid) VALUES (\'d93d23a6c20417f859801805d12d194d\', 1, \'2017-12-01 13:41:51\', \'groupMapHTML\', \'changeLocale\', \'a:3:{s:2:\\\"IP\\\";s:9:\\\"127.0.0.1\\\";s:7:\\\"oldmode\\\";s:12:\\\"groupMapHTML\\\";s:6:\\\"locale\\\";s:5:\\\"es_CR\\\";}\', 1, NULL, \'d93d23a6c20417f859801805d12d194d\')'),(1,'2017-11-30 13:41:51','groupMapHTML','INSERT INTO continuations (id, userid, expiretime, frommode, tomode, data, multicall, parentid, deletefromid) VALUES (\'497e1e6de3e368ba6b369d6e589eaa63\', 1, \'2017-12-01 13:41:51\', \'groupMapHTML\', \'changeLocale\', \'a:3:{s:2:\\\"IP\\\";s:9:\\\"127.0.0.1\\\";s:7:\\\"oldmode\\\";s:12:\\\"groupMapHTML\\\";s:6:\\\"locale\\\";s:5:\\\"es_MX\\\";}\', 1, NULL, \'497e1e6de3e368ba6b369d6e589eaa63\')'),(1,'2017-11-30 13:41:51','groupMapHTML','INSERT INTO continuations (id, userid, expiretime, frommode, tomode, data, multicall, parentid, deletefromid) VALUES (\'600dbddc45450426de85f7c555b57901\', 1, \'2017-12-01 13:41:51\', \'groupMapHTML\', \'changeLocale\', \'a:3:{s:2:\\\"IP\\\";s:9:\\\"127.0.0.1\\\";s:7:\\\"oldmode\\\";s:12:\\\"groupMapHTML\\\";s:6:\\\"locale\\\";s:5:\\\"fr_CA\\\";}\', 1, NULL, \'600dbddc45450426de85f7c555b57901\')'),(1,'2017-11-30 13:41:51','groupMapHTML','INSERT INTO continuations (id, userid, expiretime, frommode, tomode, data, multicall, parentid, deletefromid) VALUES (\'da38357624e068b0192f9e3a99b71985\', 1, \'2017-12-01 13:41:51\', \'groupMapHTML\', \'changeLocale\', \'a:3:{s:2:\\\"IP\\\";s:9:\\\"127.0.0.1\\\";s:7:\\\"oldmode\\\";s:12:\\\"groupMapHTML\\\";s:6:\\\"locale\\\";s:5:\\\"ja_JP\\\";}\', 1, NULL, \'da38357624e068b0192f9e3a99b71985\')'),(1,'2017-11-30 13:41:51','groupMapHTML','INSERT INTO continuations (id, userid, expiretime, frommode, tomode, data, multicall, parentid, deletefromid) VALUES (\'26e88b07a9ab1a2d2c40e1f968b6303e\', 1, \'2017-12-01 13:41:51\', \'groupMapHTML\', \'changeLocale\', \'a:3:{s:2:\\\"IP\\\";s:9:\\\"127.0.0.1\\\";s:7:\\\"oldmode\\\";s:12:\\\"groupMapHTML\\\";s:6:\\\"locale\\\";s:5:\\\"pt_PT\\\";}\', 1, NULL, \'26e88b07a9ab1a2d2c40e1f968b6303e\')'),(1,'2017-11-30 13:41:51','groupMapHTML','INSERT INTO continuations (id, userid, expiretime, frommode, tomode, data, multicall, parentid, deletefromid) VALUES (\'e76b6201711d115fafd527566bfc3ae6\', 1, \'2017-12-01 13:41:51\', \'groupMapHTML\', \'changeLocale\', \'a:3:{s:2:\\\"IP\\\";s:9:\\\"127.0.0.1\\\";s:7:\\\"oldmode\\\";s:12:\\\"groupMapHTML\\\";s:6:\\\"locale\\\";s:5:\\\"zh_CN\\\";}\', 1, NULL, \'e76b6201711d115fafd527566bfc3ae6\')'),(1,'2017-11-30 13:41:51','groupMapHTML','INSERT INTO continuations (id, userid, expiretime, frommode, tomode, data, multicall, parentid, deletefromid) VALUES (\'1a3e521e6a26673c957cc659f1803499\', 1, \'2017-12-07 13:41:51\', \'groupMapHTML\', \'AJaddRemGroupResource\', \'a:2:{s:3:\\\"obj\\\";O:5:\\\"Image\\\":13:{s:7:\\\"restype\\\";s:5:\\\"image\\\";s:11:\\\"restypename\\\";s:5:\\\"Image\\\";s:10:\\\"hasmapping\\\";i:1;s:7:\\\"maptype\\\";s:8:\\\"computer\\\";s:11:\\\"maptypename\\\";s:8:\\\"Computer\\\";s:9:\\\"basecdata\\\";a:1:{s:3:\\\"obj\\\";r:2;}s:18:\\\"defaultGetDataArgs\\\";a:2:{s:14:\\\"includedeleted\\\";i:0;s:5:\\\"rscid\\\";i:0;}s:9:\\\"deletable\\\";i:1;s:13:\\\"deletetoggled\\\";i:1;s:6:\\\"errmsg\\\";N;s:9:\\\"namefield\\\";s:10:\\\"prettyname\\\";s:7:\\\"addable\\\";i:0;s:8:\\\"jsondata\\\";a:0:{}}s:4:\\\"mode\\\";s:3:\\\"add\\\";}\', 1, NULL, \'1a3e521e6a26673c957cc659f1803499\')'),(1,'2017-11-30 13:41:51','groupMapHTML','INSERT INTO continuations (id, userid, expiretime, frommode, tomode, data, multicall, parentid, deletefromid) VALUES (\'b49c5129b3266588fade65cca9aa2c8b\', 1, \'2017-12-07 13:41:51\', \'groupMapHTML\', \'AJaddRemGroupResource\', \'a:2:{s:3:\\\"obj\\\";O:5:\\\"Image\\\":13:{s:7:\\\"restype\\\";s:5:\\\"image\\\";s:11:\\\"restypename\\\";s:5:\\\"Image\\\";s:10:\\\"hasmapping\\\";i:1;s:7:\\\"maptype\\\";s:8:\\\"computer\\\";s:11:\\\"maptypename\\\";s:8:\\\"Computer\\\";s:9:\\\"basecdata\\\";a:1:{s:3:\\\"obj\\\";r:2;}s:18:\\\"defaultGetDataArgs\\\";a:2:{s:14:\\\"includedeleted\\\";i:0;s:5:\\\"rscid\\\";i:0;}s:9:\\\"deletable\\\";i:1;s:13:\\\"deletetoggled\\\";i:1;s:6:\\\"errmsg\\\";N;s:9:\\\"namefield\\\";s:10:\\\"prettyname\\\";s:7:\\\"addable\\\";i:0;s:8:\\\"jsondata\\\";a:0:{}}s:4:\\\"mode\\\";s:6:\\\"remove\\\";}\', 1, NULL, \'b49c5129b3266588fade65cca9aa2c8b\')'),(1,'2017-11-30 13:41:51','groupMapHTML','INSERT INTO continuations (id, userid, expiretime, frommode, tomode, data, multicall, parentid, deletefromid) VALUES (\'6d9251e830c0ddeb75b893d4073401c5\', 1, \'2017-12-07 13:41:51\', \'groupMapHTML\', \'jsonResourceGroupingGroups\', \'a:4:{s:3:\\\"obj\\\";O:5:\\\"Image\\\":13:{s:7:\\\"restype\\\";s:5:\\\"image\\\";s:11:\\\"restypename\\\";s:5:\\\"Image\\\";s:10:\\\"hasmapping\\\";i:1;s:7:\\\"maptype\\\";s:8:\\\"computer\\\";s:11:\\\"maptypename\\\";s:8:\\\"Computer\\\";s:9:\\\"basecdata\\\";a:1:{s:3:\\\"obj\\\";r:2;}s:18:\\\"defaultGetDataArgs\\\";a:2:{s:14:\\\"includedeleted\\\";i:0;s:5:\\\"rscid\\\";i:0;}s:9:\\\"deletable\\\";i:1;s:13:\\\"deletetoggled\\\";i:1;s:6:\\\"errmsg\\\";N;s:9:\\\"namefield\\\";s:10:\\\"prettyname\\\";s:7:\\\"addable\\\";i:0;s:8:\\\"jsondata\\\";a:0:{}}s:5:\\\"store\\\";s:21:\\\"resourcetogroupsstore\\\";s:7:\\\"intitle\\\";s:8:\\\"ingroups\\\";s:8:\\\"outtitle\\\";s:9:\\\"outgroups\\\";}\', 1, NULL, \'6d9251e830c0ddeb75b893d4073401c5\')'),(1,'2017-11-30 13:41:52','groupMapHTML','INSERT INTO continuations (id, userid, expiretime, frommode, tomode, data, multicall, parentid, deletefromid) VALUES (\'68a74b22c3505985993845047812154e\', 1, \'2017-12-07 13:41:52\', \'groupMapHTML\', \'AJaddRemResourceGroup\', \'a:2:{s:3:\\\"obj\\\";O:5:\\\"Image\\\":13:{s:7:\\\"restype\\\";s:5:\\\"image\\\";s:11:\\\"restypename\\\";s:5:\\\"Image\\\";s:10:\\\"hasmapping\\\";i:1;s:7:\\\"maptype\\\";s:8:\\\"computer\\\";s:11:\\\"maptypename\\\";s:8:\\\"Computer\\\";s:9:\\\"basecdata\\\";a:1:{s:3:\\\"obj\\\";r:2;}s:18:\\\"defaultGetDataArgs\\\";a:2:{s:14:\\\"includedeleted\\\";i:0;s:5:\\\"rscid\\\";i:0;}s:9:\\\"deletable\\\";i:1;s:13:\\\"deletetoggled\\\";i:1;s:6:\\\"errmsg\\\";N;s:9:\\\"namefield\\\";s:10:\\\"prettyname\\\";s:7:\\\"addable\\\";i:0;s:8:\\\"jsondata\\\";a:0:{}}s:4:\\\"mode\\\";s:3:\\\"add\\\";}\', 1, NULL, \'68a74b22c3505985993845047812154e\')'),(1,'2017-11-30 13:41:52','groupMapHTML','INSERT INTO continuations (id, userid, expiretime, frommode, tomode, data, multicall, parentid, deletefromid) VALUES (\'7933575da6a8447a7f56c0343e487355\', 1, \'2017-12-07 13:41:52\', \'groupMapHTML\', \'AJaddRemResourceGroup\', \'a:2:{s:3:\\\"obj\\\";O:5:\\\"Image\\\":13:{s:7:\\\"restype\\\";s:5:\\\"image\\\";s:11:\\\"restypename\\\";s:5:\\\"Image\\\";s:10:\\\"hasmapping\\\";i:1;s:7:\\\"maptype\\\";s:8:\\\"computer\\\";s:11:\\\"maptypename\\\";s:8:\\\"Computer\\\";s:9:\\\"basecdata\\\";a:1:{s:3:\\\"obj\\\";r:2;}s:18:\\\"defaultGetDataArgs\\\";a:2:{s:14:\\\"includedeleted\\\";i:0;s:5:\\\"rscid\\\";i:0;}s:9:\\\"deletable\\\";i:1;s:13:\\\"deletetoggled\\\";i:1;s:6:\\\"errmsg\\\";N;s:9:\\\"namefield\\\";s:10:\\\"prettyname\\\";s:7:\\\"addable\\\";i:0;s:8:\\\"jsondata\\\";a:0:{}}s:4:\\\"mode\\\";s:6:\\\"remove\\\";}\', 1, NULL, \'7933575da6a8447a7f56c0343e487355\')'),(1,'2017-11-30 13:41:52','groupMapHTML','INSERT INTO continuations (id, userid, expiretime, frommode, tomode, data, multicall, parentid, deletefromid) VALUES (\'e4696f2c3179e552560ff64e08cbf560\', 1, \'2017-12-07 13:41:52\', \'groupMapHTML\', \'jsonResourceGroupingResources\', \'a:4:{s:3:\\\"obj\\\";O:5:\\\"Image\\\":13:{s:7:\\\"restype\\\";s:5:\\\"image\\\";s:11:\\\"restypename\\\";s:5:\\\"Image\\\";s:10:\\\"hasmapping\\\";i:1;s:7:\\\"maptype\\\";s:8:\\\"computer\\\";s:11:\\\"maptypename\\\";s:8:\\\"Computer\\\";s:9:\\\"basecdata\\\";a:1:{s:3:\\\"obj\\\";r:2;}s:18:\\\"defaultGetDataArgs\\\";a:2:{s:14:\\\"includedeleted\\\";i:0;s:5:\\\"rscid\\\";i:0;}s:9:\\\"deletable\\\";i:1;s:13:\\\"deletetoggled\\\";i:1;s:6:\\\"errmsg\\\";N;s:9:\\\"namefield\\\";s:10:\\\"prettyname\\\";s:7:\\\"addable\\\";i:0;s:8:\\\"jsondata\\\";a:0:{}}s:5:\\\"store\\\";s:21:\\\"grouptoresourcesstore\\\";s:7:\\\"intitle\\\";s:11:\\\"inresources\\\";s:8:\\\"outtitle\\\";s:12:\\\"outresources\\\";}\', 1, NULL, \'e4696f2c3179e552560ff64e08cbf560\')'),(1,'2017-11-30 13:41:52','groupMapHTML','INSERT INTO continuations (id, userid, expiretime, frommode, tomode, data, multicall, parentid, deletefromid) VALUES (\'ad92f01f67b1071cadae9068946a2fc3\', 1, \'2017-12-07 13:41:52\', \'groupMapHTML\', \'AJaddRemMapToGroup\', \'a:2:{s:3:\\\"obj\\\";O:5:\\\"Image\\\":13:{s:7:\\\"restype\\\";s:5:\\\"image\\\";s:11:\\\"restypename\\\";s:5:\\\"Image\\\";s:10:\\\"hasmapping\\\";i:1;s:7:\\\"maptype\\\";s:8:\\\"computer\\\";s:11:\\\"maptypename\\\";s:8:\\\"Computer\\\";s:9:\\\"basecdata\\\";a:1:{s:3:\\\"obj\\\";r:2;}s:18:\\\"defaultGetDataArgs\\\";a:2:{s:14:\\\"includedeleted\\\";i:0;s:5:\\\"rscid\\\";i:0;}s:9:\\\"deletable\\\";i:1;s:13:\\\"deletetoggled\\\";i:1;s:6:\\\"errmsg\\\";N;s:9:\\\"namefield\\\";s:10:\\\"prettyname\\\";s:7:\\\"addable\\\";i:0;s:8:\\\"jsondata\\\";a:0:{}}s:4:\\\"mode\\\";s:3:\\\"add\\\";}\', 1, NULL, \'ad92f01f67b1071cadae9068946a2fc3\')'),(1,'2017-11-30 13:41:52','groupMapHTML','INSERT INTO continuations (id, userid, expiretime, frommode, tomode, data, multicall, parentid, deletefromid) VALUES (\'60655ccbef7830fbe0f7ddc49d9ea102\', 1, \'2017-12-07 13:41:52\', \'groupMapHTML\', \'AJaddRemMapToGroup\', \'a:2:{s:3:\\\"obj\\\";O:5:\\\"Image\\\":13:{s:7:\\\"restype\\\";s:5:\\\"image\\\";s:11:\\\"restypename\\\";s:5:\\\"Image\\\";s:10:\\\"hasmapping\\\";i:1;s:7:\\\"maptype\\\";s:8:\\\"computer\\\";s:11:\\\"maptypename\\\";s:8:\\\"Computer\\\";s:9:\\\"basecdata\\\";a:1:{s:3:\\\"obj\\\";r:2;}s:18:\\\"defaultGetDataArgs\\\";a:2:{s:14:\\\"includedeleted\\\";i:0;s:5:\\\"rscid\\\";i:0;}s:9:\\\"deletable\\\";i:1;s:13:\\\"deletetoggled\\\";i:1;s:6:\\\"errmsg\\\";N;s:9:\\\"namefield\\\";s:10:\\\"prettyname\\\";s:7:\\\"addable\\\";i:0;s:8:\\\"jsondata\\\";a:0:{}}s:4:\\\"mode\\\";s:6:\\\"remove\\\";}\', 1, NULL, \'60655ccbef7830fbe0f7ddc49d9ea102\')'),(1,'2017-11-30 13:41:52','groupMapHTML','INSERT INTO continuations (id, userid, expiretime, frommode, tomode, data, multicall, parentid, deletefromid) VALUES (\'8706e8d4c207efb5879ed2faa478ba98\', 1, \'2017-12-07 13:41:52\', \'groupMapHTML\', \'jsonResourceMappingMapToGroups\', \'a:4:{s:3:\\\"obj\\\";O:5:\\\"Image\\\":13:{s:7:\\\"restype\\\";s:5:\\\"image\\\";s:11:\\\"restypename\\\";s:5:\\\"Image\\\";s:10:\\\"hasmapping\\\";i:1;s:7:\\\"maptype\\\";s:8:\\\"computer\\\";s:11:\\\"maptypename\\\";s:8:\\\"Computer\\\";s:9:\\\"basecdata\\\";a:1:{s:3:\\\"obj\\\";r:2;}s:18:\\\"defaultGetDataArgs\\\";a:2:{s:14:\\\"includedeleted\\\";i:0;s:5:\\\"rscid\\\";i:0;}s:9:\\\"deletable\\\";i:1;s:13:\\\"deletetoggled\\\";i:1;s:6:\\\"errmsg\\\";N;s:9:\\\"namefield\\\";s:10:\\\"prettyname\\\";s:7:\\\"addable\\\";i:0;s:8:\\\"jsondata\\\";a:0:{}}s:5:\\\"store\\\";s:18:\\\"mapbyresgroupstore\\\";s:7:\\\"intitle\\\";s:11:\\\"inmapgroups\\\";s:8:\\\"outtitle\\\";s:12:\\\"outmapgroups\\\";}\', 1, NULL, \'8706e8d4c207efb5879ed2faa478ba98\')'),(1,'2017-11-30 13:41:52','groupMapHTML','INSERT INTO continuations (id, userid, expiretime, frommode, tomode, data, multicall, parentid, deletefromid) VALUES (\'1712c4ad88f324140f757d79ea7fb839\', 1, \'2017-12-07 13:41:52\', \'groupMapHTML\', \'AJaddRemGroupMapTo\', \'a:2:{s:3:\\\"obj\\\";O:5:\\\"Image\\\":13:{s:7:\\\"restype\\\";s:5:\\\"image\\\";s:11:\\\"restypename\\\";s:5:\\\"Image\\\";s:10:\\\"hasmapping\\\";i:1;s:7:\\\"maptype\\\";s:8:\\\"computer\\\";s:11:\\\"maptypename\\\";s:8:\\\"Computer\\\";s:9:\\\"basecdata\\\";a:1:{s:3:\\\"obj\\\";r:2;}s:18:\\\"defaultGetDataArgs\\\";a:2:{s:14:\\\"includedeleted\\\";i:0;s:5:\\\"rscid\\\";i:0;}s:9:\\\"deletable\\\";i:1;s:13:\\\"deletetoggled\\\";i:1;s:6:\\\"errmsg\\\";N;s:9:\\\"namefield\\\";s:10:\\\"prettyname\\\";s:7:\\\"addable\\\";i:0;s:8:\\\"jsondata\\\";a:0:{}}s:4:\\\"mode\\\";s:3:\\\"add\\\";}\', 1, NULL, \'1712c4ad88f324140f757d79ea7fb839\')'),(1,'2017-11-30 13:41:52','groupMapHTML','INSERT INTO continuations (id, userid, expiretime, frommode, tomode, data, multicall, parentid, deletefromid) VALUES (\'31f2a3b721ad704a1259b9cdeb1614d6\', 1, \'2017-12-07 13:41:52\', \'groupMapHTML\', \'AJaddRemGroupMapTo\', \'a:2:{s:3:\\\"obj\\\";O:5:\\\"Image\\\":13:{s:7:\\\"restype\\\";s:5:\\\"image\\\";s:11:\\\"restypename\\\";s:5:\\\"Image\\\";s:10:\\\"hasmapping\\\";i:1;s:7:\\\"maptype\\\";s:8:\\\"computer\\\";s:11:\\\"maptypename\\\";s:8:\\\"Computer\\\";s:9:\\\"basecdata\\\";a:1:{s:3:\\\"obj\\\";r:2;}s:18:\\\"defaultGetDataArgs\\\";a:2:{s:14:\\\"includedeleted\\\";i:0;s:5:\\\"rscid\\\";i:0;}s:9:\\\"deletable\\\";i:1;s:13:\\\"deletetoggled\\\";i:1;s:6:\\\"errmsg\\\";N;s:9:\\\"namefield\\\";s:10:\\\"prettyname\\\";s:7:\\\"addable\\\";i:0;s:8:\\\"jsondata\\\";a:0:{}}s:4:\\\"mode\\\";s:6:\\\"remove\\\";}\', 1, NULL, \'31f2a3b721ad704a1259b9cdeb1614d6\')'),(1,'2017-11-30 13:41:52','groupMapHTML','INSERT INTO continuations (id, userid, expiretime, frommode, tomode, data, multicall, parentid, deletefromid) VALUES (\'8b1151c53d4772f81d287f20e699b244\', 1, \'2017-12-07 13:41:52\', \'groupMapHTML\', \'jsonResourceMappingGroups\', \'a:4:{s:3:\\\"obj\\\";O:5:\\\"Image\\\":13:{s:7:\\\"restype\\\";s:5:\\\"image\\\";s:11:\\\"restypename\\\";s:5:\\\"Image\\\";s:10:\\\"hasmapping\\\";i:1;s:7:\\\"maptype\\\";s:8:\\\"computer\\\";s:11:\\\"maptypename\\\";s:8:\\\"Computer\\\";s:9:\\\"basecdata\\\";a:1:{s:3:\\\"obj\\\";r:2;}s:18:\\\"defaultGetDataArgs\\\";a:2:{s:14:\\\"includedeleted\\\";i:0;s:5:\\\"rscid\\\";i:0;}s:9:\\\"deletable\\\";i:1;s:13:\\\"deletetoggled\\\";i:1;s:6:\\\"errmsg\\\";N;s:9:\\\"namefield\\\";s:10:\\\"prettyname\\\";s:7:\\\"addable\\\";i:0;s:8:\\\"jsondata\\\";a:0:{}}s:5:\\\"store\\\";s:20:\\\"mapbymaptogroupstore\\\";s:7:\\\"intitle\\\";s:13:\\\"inmaptogroups\\\";s:8:\\\"outtitle\\\";s:14:\\\"outmaptogroups\\\";}\', 1, NULL, \'8b1151c53d4772f81d287f20e699b244\')'),(1,'2017-11-30 13:41:52','groupMapHTML','DELETE FROM semaphore WHERE procid = \'localhost-19433-5a2050efd1d27\''),(1,'2017-11-30 13:41:52','jsonResourceMappingGroups','INSERT INTO continuations (id, userid, expiretime, frommode, tomode, data, multicall, parentid, deletefromid) VALUES (\'0f28f77316727b3411205420bed4bd83\', 1, \'2017-12-01 13:41:52\', \'jsonResourceMappingGroups\', \'changeLocale\', \'a:3:{s:2:\\\"IP\\\";s:9:\\\"127.0.0.1\\\";s:7:\\\"oldmode\\\";s:25:\\\"jsonResourceMappingGroups\\\";s:6:\\\"locale\\\";s:5:\\\"en_US\\\";}\', 1, NULL, \'0f28f77316727b3411205420bed4bd83\')'),(1,'2017-11-30 13:41:52','jsonResourceMappingGroups','INSERT INTO continuations (id, userid, expiretime, frommode, tomode, data, multicall, parentid, deletefromid) VALUES (\'6ad1a1985648b2e2c7e4ee978319e46c\', 1, \'2017-12-01 13:41:52\', \'jsonResourceMappingGroups\', \'changeLocale\', \'a:3:{s:2:\\\"IP\\\";s:9:\\\"127.0.0.1\\\";s:7:\\\"oldmode\\\";s:25:\\\"jsonResourceMappingGroups\\\";s:6:\\\"locale\\\";s:5:\\\"es_CR\\\";}\', 1, NULL, \'6ad1a1985648b2e2c7e4ee978319e46c\')'),(1,'2017-11-30 13:41:52','jsonResourceMappingGroups','INSERT INTO continuations (id, userid, expiretime, frommode, tomode, data, multicall, parentid, deletefromid) VALUES (\'e2bd62ddb109f5bc6f4957c9626bb342\', 1, \'2017-12-01 13:41:52\', \'jsonResourceMappingGroups\', \'changeLocale\', \'a:3:{s:2:\\\"IP\\\";s:9:\\\"127.0.0.1\\\";s:7:\\\"oldmode\\\";s:25:\\\"jsonResourceMappingGroups\\\";s:6:\\\"locale\\\";s:5:\\\"es_MX\\\";}\', 1, NULL, \'e2bd62ddb109f5bc6f4957c9626bb342\')'),(1,'2017-11-30 13:41:52','jsonResourceMappingGroups','INSERT INTO continuations (id, userid, expiretime, frommode, tomode, data, multicall, parentid, deletefromid) VALUES (\'5a4b2ea2fce84a12a895362d3ee1ae97\', 1, \'2017-12-01 13:41:52\', \'jsonResourceMappingGroups\', \'changeLocale\', \'a:3:{s:2:\\\"IP\\\";s:9:\\\"127.0.0.1\\\";s:7:\\\"oldmode\\\";s:25:\\\"jsonResourceMappingGroups\\\";s:6:\\\"locale\\\";s:5:\\\"fr_CA\\\";}\', 1, NULL, \'5a4b2ea2fce84a12a895362d3ee1ae97\')'),(1,'2017-11-30 13:41:52','jsonResourceMappingGroups','INSERT INTO continuations (id, userid, expiretime, frommode, tomode, data, multicall, parentid, deletefromid) VALUES (\'fb91d534299ec520055bbb878339e420\', 1, \'2017-12-01 13:41:52\', \'jsonResourceMappingGroups\', \'changeLocale\', \'a:3:{s:2:\\\"IP\\\";s:9:\\\"127.0.0.1\\\";s:7:\\\"oldmode\\\";s:25:\\\"jsonResourceMappingGroups\\\";s:6:\\\"locale\\\";s:5:\\\"ja_JP\\\";}\', 1, NULL, \'fb91d534299ec520055bbb878339e420\')'),(1,'2017-11-30 13:41:52','jsonResourceMappingGroups','INSERT INTO continuations (id, userid, expiretime, frommode, tomode, data, multicall, parentid, deletefromid) VALUES (\'b8f9842b0f201c93cdb86f088c5e2a71\', 1, \'2017-12-01 13:41:52\', \'jsonResourceMappingGroups\', \'changeLocale\', \'a:3:{s:2:\\\"IP\\\";s:9:\\\"127.0.0.1\\\";s:7:\\\"oldmode\\\";s:25:\\\"jsonResourceMappingGroups\\\";s:6:\\\"locale\\\";s:5:\\\"pt_PT\\\";}\', 1, NULL, \'b8f9842b0f201c93cdb86f088c5e2a71\')'),(1,'2017-11-30 13:41:52','jsonResourceMappingGroups','INSERT INTO continuations (id, userid, expiretime, frommode, tomode, data, multicall, parentid, deletefromid) VALUES (\'400bf352e177bb149e418589dd37e7f1\', 1, \'2017-12-01 13:41:52\', \'jsonResourceMappingGroups\', \'changeLocale\', \'a:3:{s:2:\\\"IP\\\";s:9:\\\"127.0.0.1\\\";s:7:\\\"oldmode\\\";s:25:\\\"jsonResourceMappingGroups\\\";s:6:\\\"locale\\\";s:5:\\\"zh_CN\\\";}\', 1, NULL, \'400bf352e177bb149e418589dd37e7f1\')'),(1,'2017-11-30 13:41:52','jsonResourceMappingGroups','DELETE FROM semaphore WHERE procid = \'localhost-19433-5a2050f0b2e48\''),(1,'2017-11-30 13:41:52','jsonResourceMappingMapToGroups','INSERT INTO continuations (id, userid, expiretime, frommode, tomode, data, multicall, parentid, deletefromid) VALUES (\'d9006bb2faea70fed7f049c2906abc83\', 1, \'2017-12-01 13:41:52\', \'jsonResourceMappingMapToGroups\', \'changeLocale\', \'a:3:{s:2:\\\"IP\\\";s:9:\\\"127.0.0.1\\\";s:7:\\\"oldmode\\\";s:30:\\\"jsonResourceMappingMapToGroups\\\";s:6:\\\"locale\\\";s:5:\\\"en_US\\\";}\', 1, NULL, \'d9006bb2faea70fed7f049c2906abc83\')'),(1,'2017-11-30 13:41:52','jsonResourceMappingMapToGroups','INSERT INTO continuations (id, userid, expiretime, frommode, tomode, data, multicall, parentid, deletefromid) VALUES (\'999e664a8d7066f57fc5713510ca37e9\', 1, \'2017-12-01 13:41:52\', \'jsonResourceMappingMapToGroups\', \'changeLocale\', \'a:3:{s:2:\\\"IP\\\";s:9:\\\"127.0.0.1\\\";s:7:\\\"oldmode\\\";s:30:\\\"jsonResourceMappingMapToGroups\\\";s:6:\\\"locale\\\";s:5:\\\"es_CR\\\";}\', 1, NULL, \'999e664a8d7066f57fc5713510ca37e9\')'),(1,'2017-11-30 13:41:52','jsonResourceMappingMapToGroups','INSERT INTO continuations (id, userid, expiretime, frommode, tomode, data, multicall, parentid, deletefromid) VALUES (\'1c0982e3af50ea4cd3562df65caa9c3f\', 1, \'2017-12-01 13:41:52\', \'jsonResourceMappingMapToGroups\', \'changeLocale\', \'a:3:{s:2:\\\"IP\\\";s:9:\\\"127.0.0.1\\\";s:7:\\\"oldmode\\\";s:30:\\\"jsonResourceMappingMapToGroups\\\";s:6:\\\"locale\\\";s:5:\\\"es_MX\\\";}\', 1, NULL, \'1c0982e3af50ea4cd3562df65caa9c3f\')'),(1,'2017-11-30 13:41:52','jsonResourceMappingMapToGroups','INSERT INTO continuations (id, userid, expiretime, frommode, tomode, data, multicall, parentid, deletefromid) VALUES (\'8a7880ce8fc580067ca0d9ad537f6da6\', 1, \'2017-12-01 13:41:52\', \'jsonResourceMappingMapToGroups\', \'changeLocale\', \'a:3:{s:2:\\\"IP\\\";s:9:\\\"127.0.0.1\\\";s:7:\\\"oldmode\\\";s:30:\\\"jsonResourceMappingMapToGroups\\\";s:6:\\\"locale\\\";s:5:\\\"fr_CA\\\";}\', 1, NULL, \'8a7880ce8fc580067ca0d9ad537f6da6\')'),(1,'2017-11-30 13:41:52','jsonResourceMappingMapToGroups','INSERT INTO continuations (id, userid, expiretime, frommode, tomode, data, multicall, parentid, deletefromid) VALUES (\'fd27940a61b74704307f4026316bf28a\', 1, \'2017-12-01 13:41:52\', \'jsonResourceMappingMapToGroups\', \'changeLocale\', \'a:3:{s:2:\\\"IP\\\";s:9:\\\"127.0.0.1\\\";s:7:\\\"oldmode\\\";s:30:\\\"jsonResourceMappingMapToGroups\\\";s:6:\\\"locale\\\";s:5:\\\"ja_JP\\\";}\', 1, NULL, \'fd27940a61b74704307f4026316bf28a\')'),(1,'2017-11-30 13:41:52','jsonResourceMappingMapToGroups','INSERT INTO continuations (id, userid, expiretime, frommode, tomode, data, multicall, parentid, deletefromid) VALUES (\'6f4f1f29557f86a69ceb31706222890e\', 1, \'2017-12-01 13:41:52\', \'jsonResourceMappingMapToGroups\', \'changeLocale\', \'a:3:{s:2:\\\"IP\\\";s:9:\\\"127.0.0.1\\\";s:7:\\\"oldmode\\\";s:30:\\\"jsonResourceMappingMapToGroups\\\";s:6:\\\"locale\\\";s:5:\\\"pt_PT\\\";}\', 1, NULL, \'6f4f1f29557f86a69ceb31706222890e\')'),(1,'2017-11-30 13:41:52','jsonResourceMappingMapToGroups','INSERT INTO continuations (id, userid, expiretime, frommode, tomode, data, multicall, parentid, deletefromid) VALUES (\'e2be26c40cdcc8c328fb68af948d338f\', 1, \'2017-12-01 13:41:52\', \'jsonResourceMappingMapToGroups\', \'changeLocale\', \'a:3:{s:2:\\\"IP\\\";s:9:\\\"127.0.0.1\\\";s:7:\\\"oldmode\\\";s:30:\\\"jsonResourceMappingMapToGroups\\\";s:6:\\\"locale\\\";s:5:\\\"zh_CN\\\";}\', 1, NULL, \'e2be26c40cdcc8c328fb68af948d338f\')'),(1,'2017-11-30 13:41:52','jsonResourceMappingMapToGroups','DELETE FROM semaphore WHERE procid = \'localhost-19589-5a2050f0b791a\''),(1,'2017-11-30 13:41:52','jsonResourceGroupingGroups','INSERT INTO continuations (id, userid, expiretime, frommode, tomode, data, multicall, parentid, deletefromid) VALUES (\'abba4bf7ee94ee172a5b4db97713619b\', 1, \'2017-12-01 13:41:52\', \'jsonResourceGroupingGroups\', \'changeLocale\', \'a:3:{s:2:\\\"IP\\\";s:9:\\\"127.0.0.1\\\";s:7:\\\"oldmode\\\";s:26:\\\"jsonResourceGroupingGroups\\\";s:6:\\\"locale\\\";s:5:\\\"en_US\\\";}\', 1, NULL, \'abba4bf7ee94ee172a5b4db97713619b\')'),(1,'2017-11-30 13:41:52','jsonResourceGroupingGroups','INSERT INTO continuations (id, userid, expiretime, frommode, tomode, data, multicall, parentid, deletefromid) VALUES (\'6d66695cd324420ba7bacb6bda41699d\', 1, \'2017-12-01 13:41:52\', \'jsonResourceGroupingGroups\', \'changeLocale\', \'a:3:{s:2:\\\"IP\\\";s:9:\\\"127.0.0.1\\\";s:7:\\\"oldmode\\\";s:26:\\\"jsonResourceGroupingGroups\\\";s:6:\\\"locale\\\";s:5:\\\"es_CR\\\";}\', 1, NULL, \'6d66695cd324420ba7bacb6bda41699d\')'),(1,'2017-11-30 13:41:52','jsonResourceGroupingGroups','INSERT INTO continuations (id, userid, expiretime, frommode, tomode, data, multicall, parentid, deletefromid) VALUES (\'324aca196eb2d0e0463e22e3b6d0ef5a\', 1, \'2017-12-01 13:41:52\', \'jsonResourceGroupingGroups\', \'changeLocale\', \'a:3:{s:2:\\\"IP\\\";s:9:\\\"127.0.0.1\\\";s:7:\\\"oldmode\\\";s:26:\\\"jsonResourceGroupingGroups\\\";s:6:\\\"locale\\\";s:5:\\\"es_MX\\\";}\', 1, NULL, \'324aca196eb2d0e0463e22e3b6d0ef5a\')'),(1,'2017-11-30 13:41:52','jsonResourceGroupingGroups','INSERT INTO continuations (id, userid, expiretime, frommode, tomode, data, multicall, parentid, deletefromid) VALUES (\'d3398c8ed77789abcb4bbfdc06267077\', 1, \'2017-12-01 13:41:52\', \'jsonResourceGroupingGroups\', \'changeLocale\', \'a:3:{s:2:\\\"IP\\\";s:9:\\\"127.0.0.1\\\";s:7:\\\"oldmode\\\";s:26:\\\"jsonResourceGroupingGroups\\\";s:6:\\\"locale\\\";s:5:\\\"fr_CA\\\";}\', 1, NULL, \'d3398c8ed77789abcb4bbfdc06267077\')'),(1,'2017-11-30 13:41:52','jsonResourceGroupingGroups','INSERT INTO continuations (id, userid, expiretime, frommode, tomode, data, multicall, parentid, deletefromid) VALUES (\'cb19af2fbb178f3adf8e4de2a461ccab\', 1, \'2017-12-01 13:41:52\', \'jsonResourceGroupingGroups\', \'changeLocale\', \'a:3:{s:2:\\\"IP\\\";s:9:\\\"127.0.0.1\\\";s:7:\\\"oldmode\\\";s:26:\\\"jsonResourceGroupingGroups\\\";s:6:\\\"locale\\\";s:5:\\\"ja_JP\\\";}\', 1, NULL, \'cb19af2fbb178f3adf8e4de2a461ccab\')'),(1,'2017-11-30 13:41:52','jsonResourceGroupingGroups','INSERT INTO continuations (id, userid, expiretime, frommode, tomode, data, multicall, parentid, deletefromid) VALUES (\'bbee628b6a649c55bc8ca7431581c3d6\', 1, \'2017-12-01 13:41:52\', \'jsonResourceGroupingGroups\', \'changeLocale\', \'a:3:{s:2:\\\"IP\\\";s:9:\\\"127.0.0.1\\\";s:7:\\\"oldmode\\\";s:26:\\\"jsonResourceGroupingGroups\\\";s:6:\\\"locale\\\";s:5:\\\"pt_PT\\\";}\', 1, NULL, \'bbee628b6a649c55bc8ca7431581c3d6\')'),(1,'2017-11-30 13:41:52','jsonResourceGroupingGroups','INSERT INTO continuations (id, userid, expiretime, frommode, tomode, data, multicall, parentid, deletefromid) VALUES (\'918d6b023aab7215153febc73948e3be\', 1, \'2017-12-01 13:41:52\', \'jsonResourceGroupingGroups\', \'changeLocale\', \'a:3:{s:2:\\\"IP\\\";s:9:\\\"127.0.0.1\\\";s:7:\\\"oldmode\\\";s:26:\\\"jsonResourceGroupingGroups\\\";s:6:\\\"locale\\\";s:5:\\\"zh_CN\\\";}\', 1, NULL, \'918d6b023aab7215153febc73948e3be\')'),(1,'2017-11-30 13:41:52','jsonResourceGroupingGroups','DELETE FROM semaphore WHERE procid = \'localhost-19818-5a2050f0b8f5b\''),(1,'2017-11-30 13:41:52','jsonResourceGroupingResources','INSERT INTO continuations (id, userid, expiretime, frommode, tomode, data, multicall, parentid, deletefromid) VALUES (\'05cbe9c744c0d48963f4212b638e9f97\', 1, \'2017-12-01 13:41:52\', \'jsonResourceGroupingResources\', \'changeLocale\', \'a:3:{s:2:\\\"IP\\\";s:9:\\\"127.0.0.1\\\";s:7:\\\"oldmode\\\";s:29:\\\"jsonResourceGroupingResources\\\";s:6:\\\"locale\\\";s:5:\\\"en_US\\\";}\', 1, NULL, \'05cbe9c744c0d48963f4212b638e9f97\')'),(1,'2017-11-30 13:41:52','jsonResourceGroupingResources','INSERT INTO continuations (id, userid, expiretime, frommode, tomode, data, multicall, parentid, deletefromid) VALUES (\'9b09a7e2ef4910d9bef5fe85b45d0d55\', 1, \'2017-12-01 13:41:52\', \'jsonResourceGroupingResources\', \'changeLocale\', \'a:3:{s:2:\\\"IP\\\";s:9:\\\"127.0.0.1\\\";s:7:\\\"oldmode\\\";s:29:\\\"jsonResourceGroupingResources\\\";s:6:\\\"locale\\\";s:5:\\\"es_CR\\\";}\', 1, NULL, \'9b09a7e2ef4910d9bef5fe85b45d0d55\')'),(1,'2017-11-30 13:41:52','jsonResourceGroupingResources','INSERT INTO continuations (id, userid, expiretime, frommode, tomode, data, multicall, parentid, deletefromid) VALUES (\'7cc708c3e7f0c6ec94bbe97c6f0fa18c\', 1, \'2017-12-01 13:41:52\', \'jsonResourceGroupingResources\', \'changeLocale\', \'a:3:{s:2:\\\"IP\\\";s:9:\\\"127.0.0.1\\\";s:7:\\\"oldmode\\\";s:29:\\\"jsonResourceGroupingResources\\\";s:6:\\\"locale\\\";s:5:\\\"es_MX\\\";}\', 1, NULL, \'7cc708c3e7f0c6ec94bbe97c6f0fa18c\')'),(1,'2017-11-30 13:41:52','jsonResourceGroupingResources','INSERT INTO continuations (id, userid, expiretime, frommode, tomode, data, multicall, parentid, deletefromid) VALUES (\'8073f6d2ff17182542169c13ebd6cfde\', 1, \'2017-12-01 13:41:52\', \'jsonResourceGroupingResources\', \'changeLocale\', \'a:3:{s:2:\\\"IP\\\";s:9:\\\"127.0.0.1\\\";s:7:\\\"oldmode\\\";s:29:\\\"jsonResourceGroupingResources\\\";s:6:\\\"locale\\\";s:5:\\\"fr_CA\\\";}\', 1, NULL, \'8073f6d2ff17182542169c13ebd6cfde\')'),(1,'2017-11-30 13:41:52','jsonResourceGroupingResources','INSERT INTO continuations (id, userid, expiretime, frommode, tomode, data, multicall, parentid, deletefromid) VALUES (\'f616ad02afd21f492e562422ddad3d1f\', 1, \'2017-12-01 13:41:52\', \'jsonResourceGroupingResources\', \'changeLocale\', \'a:3:{s:2:\\\"IP\\\";s:9:\\\"127.0.0.1\\\";s:7:\\\"oldmode\\\";s:29:\\\"jsonResourceGroupingResources\\\";s:6:\\\"locale\\\";s:5:\\\"ja_JP\\\";}\', 1, NULL, \'f616ad02afd21f492e562422ddad3d1f\')'),(1,'2017-11-30 13:41:52','jsonResourceGroupingResources','INSERT INTO continuations (id, userid, expiretime, frommode, tomode, data, multicall, parentid, deletefromid) VALUES (\'f4324d790d251223755bc4fd1beb731b\', 1, \'2017-12-01 13:41:52\', \'jsonResourceGroupingResources\', \'changeLocale\', \'a:3:{s:2:\\\"IP\\\";s:9:\\\"127.0.0.1\\\";s:7:\\\"oldmode\\\";s:29:\\\"jsonResourceGroupingResources\\\";s:6:\\\"locale\\\";s:5:\\\"pt_PT\\\";}\', 1, NULL, \'f4324d790d251223755bc4fd1beb731b\')'),(1,'2017-11-30 13:41:52','jsonResourceGroupingResources','INSERT INTO continuations (id, userid, expiretime, frommode, tomode, data, multicall, parentid, deletefromid) VALUES (\'f6c3ec3df80e1e864e454cc06fe01ca5\', 1, \'2017-12-01 13:41:52\', \'jsonResourceGroupingResources\', \'changeLocale\', \'a:3:{s:2:\\\"IP\\\";s:9:\\\"127.0.0.1\\\";s:7:\\\"oldmode\\\";s:29:\\\"jsonResourceGroupingResources\\\";s:6:\\\"locale\\\";s:5:\\\"zh_CN\\\";}\', 1, NULL, \'f6c3ec3df80e1e864e454cc06fe01ca5\')'),(1,'2017-11-30 13:41:53','jsonResourceGroupingResources','DELETE FROM semaphore WHERE procid = \'localhost-19819-5a2050f0b9130\''),(1,'2017-11-30 13:41:57','image','DELETE FROM semaphore WHERE procid = \'localhost-19819-5a2050f546a4e\''),(1,'2017-11-30 13:42:25','main','DELETE FROM semaphore WHERE procid = \'localhost-19802-5a20511178b88\''),(1,'2017-11-30 13:42:29','image','INSERT INTO continuations (id, userid, expiretime, frommode, tomode, data, multicall, parentid, deletefromid) VALUES (\'76951447a8905d019da8d05147f1aeef\', 1, \'2017-12-07 13:42:29\', \'image\', \'viewResources\', \'a:1:{s:3:\\\"obj\\\";O:5:\\\"Image\\\":13:{s:7:\\\"restype\\\";s:5:\\\"image\\\";s:11:\\\"restypename\\\";s:5:\\\"Image\\\";s:10:\\\"hasmapping\\\";i:1;s:7:\\\"maptype\\\";s:8:\\\"computer\\\";s:11:\\\"maptypename\\\";s:8:\\\"Computer\\\";s:9:\\\"basecdata\\\";a:1:{s:3:\\\"obj\\\";r:2;}s:18:\\\"defaultGetDataArgs\\\";a:2:{s:14:\\\"includedeleted\\\";i:0;s:5:\\\"rscid\\\";i:0;}s:9:\\\"deletable\\\";i:1;s:13:\\\"deletetoggled\\\";i:1;s:6:\\\"errmsg\\\";N;s:9:\\\"namefield\\\";s:10:\\\"prettyname\\\";s:7:\\\"addable\\\";i:0;s:8:\\\"jsondata\\\";a:0:{}}}\', 1, NULL, \'76951447a8905d019da8d05147f1aeef\')'),(1,'2017-11-30 13:42:29','image','INSERT INTO continuations (id, userid, expiretime, frommode, tomode, data, multicall, parentid, deletefromid) VALUES (\'b8732d19f255cfeeeb10a694aafac2e8\', 1, \'2017-12-07 13:42:29\', \'image\', \'viewRequests\', \'a:1:{s:7:\\\"imaging\\\";i:1;}\', 1, NULL, \'b8732d19f255cfeeeb10a694aafac2e8\')'),(1,'2017-11-30 13:42:29','image','DELETE FROM semaphore WHERE procid = \'localhost-19802-5a205115c4d3e\''),(1,'2017-11-30 13:42:34','viewResources','INSERT INTO continuations (id, userid, expiretime, frommode, tomode, data, multicall, parentid, deletefromid) VALUES (\'19bdab27fbf34d08a85eb0820b310112\', 1, \'2017-12-01 13:42:34\', \'viewResources\', \'changeLocale\', \'a:3:{s:2:\\\"IP\\\";s:9:\\\"127.0.0.1\\\";s:7:\\\"oldmode\\\";s:13:\\\"viewResources\\\";s:6:\\\"locale\\\";s:5:\\\"en_US\\\";}\', 1, NULL, \'19bdab27fbf34d08a85eb0820b310112\')'),(1,'2017-11-30 13:42:34','viewResources','INSERT INTO continuations (id, userid, expiretime, frommode, tomode, data, multicall, parentid, deletefromid) VALUES (\'533f59bda60dbe81dd183dd9ab4662cc\', 1, \'2017-12-01 13:42:34\', \'viewResources\', \'changeLocale\', \'a:3:{s:2:\\\"IP\\\";s:9:\\\"127.0.0.1\\\";s:7:\\\"oldmode\\\";s:13:\\\"viewResources\\\";s:6:\\\"locale\\\";s:5:\\\"es_CR\\\";}\', 1, NULL, \'533f59bda60dbe81dd183dd9ab4662cc\')'),(1,'2017-11-30 13:42:34','viewResources','INSERT INTO continuations (id, userid, expiretime, frommode, tomode, data, multicall, parentid, deletefromid) VALUES (\'b8c46802473be93885c18ed0b04be02f\', 1, \'2017-12-01 13:42:34\', \'viewResources\', \'changeLocale\', \'a:3:{s:2:\\\"IP\\\";s:9:\\\"127.0.0.1\\\";s:7:\\\"oldmode\\\";s:13:\\\"viewResources\\\";s:6:\\\"locale\\\";s:5:\\\"es_MX\\\";}\', 1, NULL, \'b8c46802473be93885c18ed0b04be02f\')'),(1,'2017-11-30 13:42:34','viewResources','INSERT INTO continuations (id, userid, expiretime, frommode, tomode, data, multicall, parentid, deletefromid) VALUES (\'da4e3c84e9fc8c0f9659d73755ee551b\', 1, \'2017-12-01 13:42:34\', \'viewResources\', \'changeLocale\', \'a:3:{s:2:\\\"IP\\\";s:9:\\\"127.0.0.1\\\";s:7:\\\"oldmode\\\";s:13:\\\"viewResources\\\";s:6:\\\"locale\\\";s:5:\\\"fr_CA\\\";}\', 1, NULL, \'da4e3c84e9fc8c0f9659d73755ee551b\')'),(1,'2017-11-30 13:42:34','viewResources','INSERT INTO continuations (id, userid, expiretime, frommode, tomode, data, multicall, parentid, deletefromid) VALUES (\'9814997fb1b210258b217d47205202e9\', 1, \'2017-12-01 13:42:34\', \'viewResources\', \'changeLocale\', \'a:3:{s:2:\\\"IP\\\";s:9:\\\"127.0.0.1\\\";s:7:\\\"oldmode\\\";s:13:\\\"viewResources\\\";s:6:\\\"locale\\\";s:5:\\\"ja_JP\\\";}\', 1, NULL, \'9814997fb1b210258b217d47205202e9\')'),(1,'2017-11-30 13:42:34','viewResources','INSERT INTO continuations (id, userid, expiretime, frommode, tomode, data, multicall, parentid, deletefromid) VALUES (\'d9dd34ed9998cd173bb200607a0eb90a\', 1, \'2017-12-01 13:42:34\', \'viewResources\', \'changeLocale\', \'a:3:{s:2:\\\"IP\\\";s:9:\\\"127.0.0.1\\\";s:7:\\\"oldmode\\\";s:13:\\\"viewResources\\\";s:6:\\\"locale\\\";s:5:\\\"pt_PT\\\";}\', 1, NULL, \'d9dd34ed9998cd173bb200607a0eb90a\')'),(1,'2017-11-30 13:42:34','viewResources','INSERT INTO continuations (id, userid, expiretime, frommode, tomode, data, multicall, parentid, deletefromid) VALUES (\'979a675c3084256a0238686ca51ebd77\', 1, \'2017-12-01 13:42:34\', \'viewResources\', \'changeLocale\', \'a:3:{s:2:\\\"IP\\\";s:9:\\\"127.0.0.1\\\";s:7:\\\"oldmode\\\";s:13:\\\"viewResources\\\";s:6:\\\"locale\\\";s:5:\\\"zh_CN\\\";}\', 1, NULL, \'979a675c3084256a0238686ca51ebd77\')'),(1,'2017-11-30 13:42:34','viewResources','INSERT IGNORE INTO imageconnectmethods SELECT DISTINCT i.id, ir.id, c.id, c.description, cm.disabled FROM image i LEFT JOIN OS o ON (o.id = i.OSid) LEFT JOIN OStype ot ON (ot.name = o.type) LEFT JOIN imagerevision ir ON (ir.imageid = i.id) LEFT JOIN connectmethodmap cm ON (cm.OStypeid = ot.id) LEFT JOIN connectmethod c ON (cm.connectmethodid = c.id) WHERE cm.autoprovisioned IS NULL HAVING c.id IS NOT NULL ORDER BY i.id, cm.disabled, c.description'),(1,'2017-11-30 13:42:34','viewResources','INSERT IGNORE INTO imageconnectmethods SELECT DISTINCT i.id, ir.id, c.id, c.description, cm.disabled FROM image i LEFT JOIN OS o ON (o.id = i.OSid) LEFT JOIN OStype ot ON (ot.name = o.type) LEFT JOIN imagerevision ir ON (ir.imageid = i.id) LEFT JOIN connectmethodmap cm ON (cm.OSid = o.id) LEFT JOIN connectmethod c ON (cm.connectmethodid = c.id) WHERE cm.autoprovisioned IS NULL HAVING c.id IS NOT NULL ORDER BY i.id, cm.disabled, c.description'),(1,'2017-11-30 13:42:34','viewResources','INSERT IGNORE INTO imageconnectmethods SELECT DISTINCT i.id, ir.id, c.id, c.description, cm.disabled FROM image i LEFT JOIN OS o ON (o.id = i.OSid) LEFT JOIN OStype ot ON (ot.name = o.type) LEFT JOIN imagerevision ir ON (ir.imageid = i.id) LEFT JOIN connectmethodmap cm ON (cm.imagerevisionid = ir.id) LEFT JOIN connectmethod c ON (cm.connectmethodid = c.id) WHERE cm.autoprovisioned IS NULL HAVING c.id IS NOT NULL ORDER BY i.id, cm.disabled, c.description'),(1,'2017-11-30 13:42:34','viewResources','INSERT INTO continuations (id, userid, expiretime, frommode, tomode, data, multicall, parentid, deletefromid) VALUES (\'d6d3809a57704fa37ca5958caff6b864\', 1, \'2017-12-07 13:42:34\', \'viewResources\', \'AJsaveResource\', \'a:2:{s:3:\\\"obj\\\";O:5:\\\"Image\\\":13:{s:7:\\\"restype\\\";s:5:\\\"image\\\";s:11:\\\"restypename\\\";s:5:\\\"Image\\\";s:10:\\\"hasmapping\\\";i:1;s:7:\\\"maptype\\\";s:8:\\\"computer\\\";s:11:\\\"maptypename\\\";s:8:\\\"Computer\\\";s:9:\\\"basecdata\\\";a:1:{s:3:\\\"obj\\\";r:2;}s:18:\\\"defaultGetDataArgs\\\";a:2:{s:14:\\\"includedeleted\\\";i:0;s:5:\\\"rscid\\\";i:0;}s:9:\\\"deletable\\\";i:1;s:13:\\\"deletetoggled\\\";i:1;s:6:\\\"errmsg\\\";N;s:9:\\\"namefield\\\";s:10:\\\"prettyname\\\";s:7:\\\"addable\\\";i:0;s:8:\\\"jsondata\\\";a:0:{}}s:3:\\\"add\\\";i:1;}\', 1, NULL, \'d6d3809a57704fa37ca5958caff6b864\')'),(1,'2017-11-30 13:42:34','viewResources','INSERT INTO continuations (id, userid, expiretime, frommode, tomode, data, multicall, parentid, deletefromid) VALUES (\'093aeea04652db6fa897b4afb8a23481\', 1, \'2017-12-07 13:42:34\', \'viewResources\', \'AJeditResource\', \'a:1:{s:3:\\\"obj\\\";O:5:\\\"Image\\\":13:{s:7:\\\"restype\\\";s:5:\\\"image\\\";s:11:\\\"restypename\\\";s:5:\\\"Image\\\";s:10:\\\"hasmapping\\\";i:1;s:7:\\\"maptype\\\";s:8:\\\"computer\\\";s:11:\\\"maptypename\\\";s:8:\\\"Computer\\\";s:9:\\\"basecdata\\\";a:1:{s:3:\\\"obj\\\";r:2;}s:18:\\\"defaultGetDataArgs\\\";a:2:{s:14:\\\"includedeleted\\\";i:0;s:5:\\\"rscid\\\";i:0;}s:9:\\\"deletable\\\";i:1;s:13:\\\"deletetoggled\\\";i:1;s:6:\\\"errmsg\\\";N;s:9:\\\"namefield\\\";s:10:\\\"prettyname\\\";s:7:\\\"addable\\\";i:0;s:8:\\\"jsondata\\\";a:0:{}}}\', 1, NULL, \'093aeea04652db6fa897b4afb8a23481\')'),(1,'2017-11-30 13:42:34','viewResources','INSERT INTO continuations (id, userid, expiretime, frommode, tomode, data, multicall, parentid, deletefromid) VALUES (\'c666acc4f362beea68fecc08d179781d\', 1, \'2017-12-07 13:42:34\', \'viewResources\', \'AJpromptToggleDeleteResource\', \'a:1:{s:3:\\\"obj\\\";O:5:\\\"Image\\\":13:{s:7:\\\"restype\\\";s:5:\\\"image\\\";s:11:\\\"restypename\\\";s:5:\\\"Image\\\";s:10:\\\"hasmapping\\\";i:1;s:7:\\\"maptype\\\";s:8:\\\"computer\\\";s:11:\\\"maptypename\\\";s:8:\\\"Computer\\\";s:9:\\\"basecdata\\\";a:1:{s:3:\\\"obj\\\";r:2;}s:18:\\\"defaultGetDataArgs\\\";a:2:{s:14:\\\"includedeleted\\\";i:0;s:5:\\\"rscid\\\";i:0;}s:9:\\\"deletable\\\";i:1;s:13:\\\"deletetoggled\\\";i:1;s:6:\\\"errmsg\\\";N;s:9:\\\"namefield\\\";s:10:\\\"prettyname\\\";s:7:\\\"addable\\\";i:0;s:8:\\\"jsondata\\\";a:0:{}}}\', 1, NULL, \'c666acc4f362beea68fecc08d179781d\')'),(1,'2017-11-30 13:42:34','viewResources','INSERT INTO continuations (id, userid, expiretime, frommode, tomode, data, multicall, parentid, deletefromid) VALUES (\'e96412e50540e483b2f6a8d6c3c4bc0b\', 1, \'2017-12-07 13:42:34\', \'viewResources\', \'jsonResourceStore\', \'a:1:{s:3:\\\"obj\\\";O:5:\\\"Image\\\":13:{s:7:\\\"restype\\\";s:5:\\\"image\\\";s:11:\\\"restypename\\\";s:5:\\\"Image\\\";s:10:\\\"hasmapping\\\";i:1;s:7:\\\"maptype\\\";s:8:\\\"computer\\\";s:11:\\\"maptypename\\\";s:8:\\\"Computer\\\";s:9:\\\"basecdata\\\";a:1:{s:3:\\\"obj\\\";r:2;}s:18:\\\"defaultGetDataArgs\\\";a:2:{s:14:\\\"includedeleted\\\";i:0;s:5:\\\"rscid\\\";i:0;}s:9:\\\"deletable\\\";i:1;s:13:\\\"deletetoggled\\\";i:1;s:6:\\\"errmsg\\\";N;s:9:\\\"namefield\\\";s:10:\\\"prettyname\\\";s:7:\\\"addable\\\";i:0;s:8:\\\"jsondata\\\";a:0:{}}}\', 1, NULL, \'e96412e50540e483b2f6a8d6c3c4bc0b\')'),(1,'2017-11-30 13:42:34','viewResources','INSERT INTO continuations (id, userid, expiretime, frommode, tomode, data, multicall, parentid, deletefromid) VALUES (\'dbb6cb9f9f1bf08eecc9ed242de26f74\', 1, \'2017-12-07 13:42:34\', \'viewResources\', \'AJvalidateUserid\', \'a:0:{}\', 1, NULL, \'dbb6cb9f9f1bf08eecc9ed242de26f74\')'),(1,'2017-11-30 13:42:34','viewResources','DELETE FROM semaphore WHERE procid = \'localhost-19802-5a20511a39b38\''),(1,'2017-11-30 13:42:35','jsonResourceStore','INSERT INTO continuations (id, userid, expiretime, frommode, tomode, data, multicall, parentid, deletefromid) VALUES (\'1f12d3fdb6320de5b905f4bb92503179\', 1, \'2017-12-01 13:42:35\', \'jsonResourceStore\', \'changeLocale\', \'a:3:{s:2:\\\"IP\\\";s:9:\\\"127.0.0.1\\\";s:7:\\\"oldmode\\\";s:17:\\\"jsonResourceStore\\\";s:6:\\\"locale\\\";s:5:\\\"en_US\\\";}\', 1, NULL, \'1f12d3fdb6320de5b905f4bb92503179\')'),(1,'2017-11-30 13:42:35','jsonResourceStore','INSERT INTO continuations (id, userid, expiretime, frommode, tomode, data, multicall, parentid, deletefromid) VALUES (\'35a8e366c83c7d06ed7f2a6ec2a7a8c4\', 1, \'2017-12-01 13:42:35\', \'jsonResourceStore\', \'changeLocale\', \'a:3:{s:2:\\\"IP\\\";s:9:\\\"127.0.0.1\\\";s:7:\\\"oldmode\\\";s:17:\\\"jsonResourceStore\\\";s:6:\\\"locale\\\";s:5:\\\"es_CR\\\";}\', 1, NULL, \'35a8e366c83c7d06ed7f2a6ec2a7a8c4\')'),(1,'2017-11-30 13:42:35','jsonResourceStore','INSERT INTO continuations (id, userid, expiretime, frommode, tomode, data, multicall, parentid, deletefromid) VALUES (\'276fde69c3e73326cf66cc13d8611cbf\', 1, \'2017-12-01 13:42:35\', \'jsonResourceStore\', \'changeLocale\', \'a:3:{s:2:\\\"IP\\\";s:9:\\\"127.0.0.1\\\";s:7:\\\"oldmode\\\";s:17:\\\"jsonResourceStore\\\";s:6:\\\"locale\\\";s:5:\\\"es_MX\\\";}\', 1, NULL, \'276fde69c3e73326cf66cc13d8611cbf\')'),(1,'2017-11-30 13:42:35','jsonResourceStore','INSERT INTO continuations (id, userid, expiretime, frommode, tomode, data, multicall, parentid, deletefromid) VALUES (\'dc24cf95b2cf20eabe75b5d4f83c181c\', 1, \'2017-12-01 13:42:35\', \'jsonResourceStore\', \'changeLocale\', \'a:3:{s:2:\\\"IP\\\";s:9:\\\"127.0.0.1\\\";s:7:\\\"oldmode\\\";s:17:\\\"jsonResourceStore\\\";s:6:\\\"locale\\\";s:5:\\\"fr_CA\\\";}\', 1, NULL, \'dc24cf95b2cf20eabe75b5d4f83c181c\')'),(1,'2017-11-30 13:42:35','jsonResourceStore','INSERT INTO continuations (id, userid, expiretime, frommode, tomode, data, multicall, parentid, deletefromid) VALUES (\'ea4213f1991c972196db8d0bfed6e2cd\', 1, \'2017-12-01 13:42:35\', \'jsonResourceStore\', \'changeLocale\', \'a:3:{s:2:\\\"IP\\\";s:9:\\\"127.0.0.1\\\";s:7:\\\"oldmode\\\";s:17:\\\"jsonResourceStore\\\";s:6:\\\"locale\\\";s:5:\\\"ja_JP\\\";}\', 1, NULL, \'ea4213f1991c972196db8d0bfed6e2cd\')'),(1,'2017-11-30 13:42:35','jsonResourceStore','INSERT INTO continuations (id, userid, expiretime, frommode, tomode, data, multicall, parentid, deletefromid) VALUES (\'2b5ff7e260d27fa591edbed5ae025b61\', 1, \'2017-12-01 13:42:35\', \'jsonResourceStore\', \'changeLocale\', \'a:3:{s:2:\\\"IP\\\";s:9:\\\"127.0.0.1\\\";s:7:\\\"oldmode\\\";s:17:\\\"jsonResourceStore\\\";s:6:\\\"locale\\\";s:5:\\\"pt_PT\\\";}\', 1, NULL, \'2b5ff7e260d27fa591edbed5ae025b61\')'),(1,'2017-11-30 13:42:35','jsonResourceStore','INSERT INTO continuations (id, userid, expiretime, frommode, tomode, data, multicall, parentid, deletefromid) VALUES (\'215af9b7aa7e1ea418158ef890b69959\', 1, \'2017-12-01 13:42:35\', \'jsonResourceStore\', \'changeLocale\', \'a:3:{s:2:\\\"IP\\\";s:9:\\\"127.0.0.1\\\";s:7:\\\"oldmode\\\";s:17:\\\"jsonResourceStore\\\";s:6:\\\"locale\\\";s:5:\\\"zh_CN\\\";}\', 1, NULL, \'215af9b7aa7e1ea418158ef890b69959\')'),(1,'2017-11-30 13:42:35','jsonResourceStore','DELETE FROM semaphore WHERE procid = \'localhost-19802-5a20511b295b8\''),(1,'2017-11-30 13:42:35','AJsetTZoffset','INSERT INTO continuations (id, userid, expiretime, frommode, tomode, data, multicall, parentid, deletefromid) VALUES (\'55ff8a761799edd9d85141f7819e2f7c\', 1, \'2017-12-01 13:42:35\', \'AJsetTZoffset\', \'changeLocale\', \'a:3:{s:2:\\\"IP\\\";s:9:\\\"127.0.0.1\\\";s:7:\\\"oldmode\\\";s:13:\\\"AJsetTZoffset\\\";s:6:\\\"locale\\\";s:5:\\\"en_US\\\";}\', 1, NULL, \'55ff8a761799edd9d85141f7819e2f7c\')'),(1,'2017-11-30 13:42:35','AJsetTZoffset','INSERT INTO continuations (id, userid, expiretime, frommode, tomode, data, multicall, parentid, deletefromid) VALUES (\'57a24eab3f11abddb734a155c478c27f\', 1, \'2017-12-01 13:42:35\', \'AJsetTZoffset\', \'changeLocale\', \'a:3:{s:2:\\\"IP\\\";s:9:\\\"127.0.0.1\\\";s:7:\\\"oldmode\\\";s:13:\\\"AJsetTZoffset\\\";s:6:\\\"locale\\\";s:5:\\\"es_CR\\\";}\', 1, NULL, \'57a24eab3f11abddb734a155c478c27f\')'),(1,'2017-11-30 13:42:35','AJsetTZoffset','INSERT INTO continuations (id, userid, expiretime, frommode, tomode, data, multicall, parentid, deletefromid) VALUES (\'984a0a182bc7080b3097deaf229ea3f8\', 1, \'2017-12-01 13:42:35\', \'AJsetTZoffset\', \'changeLocale\', \'a:3:{s:2:\\\"IP\\\";s:9:\\\"127.0.0.1\\\";s:7:\\\"oldmode\\\";s:13:\\\"AJsetTZoffset\\\";s:6:\\\"locale\\\";s:5:\\\"es_MX\\\";}\', 1, NULL, \'984a0a182bc7080b3097deaf229ea3f8\')'),(1,'2017-11-30 13:42:35','AJsetTZoffset','INSERT INTO continuations (id, userid, expiretime, frommode, tomode, data, multicall, parentid, deletefromid) VALUES (\'d9e4712fe71ef0e0e442f97fc03c0c77\', 1, \'2017-12-01 13:42:35\', \'AJsetTZoffset\', \'changeLocale\', \'a:3:{s:2:\\\"IP\\\";s:9:\\\"127.0.0.1\\\";s:7:\\\"oldmode\\\";s:13:\\\"AJsetTZoffset\\\";s:6:\\\"locale\\\";s:5:\\\"fr_CA\\\";}\', 1, NULL, \'d9e4712fe71ef0e0e442f97fc03c0c77\')'),(1,'2017-11-30 13:42:35','AJsetTZoffset','INSERT INTO continuations (id, userid, expiretime, frommode, tomode, data, multicall, parentid, deletefromid) VALUES (\'f4aa6acd2f8053a6541fa81adcb27443\', 1, \'2017-12-01 13:42:35\', \'AJsetTZoffset\', \'changeLocale\', \'a:3:{s:2:\\\"IP\\\";s:9:\\\"127.0.0.1\\\";s:7:\\\"oldmode\\\";s:13:\\\"AJsetTZoffset\\\";s:6:\\\"locale\\\";s:5:\\\"ja_JP\\\";}\', 1, NULL, \'f4aa6acd2f8053a6541fa81adcb27443\')'),(1,'2017-11-30 13:42:35','AJsetTZoffset','INSERT INTO continuations (id, userid, expiretime, frommode, tomode, data, multicall, parentid, deletefromid) VALUES (\'35d0623501be8a17eac35a59445d7e06\', 1, \'2017-12-01 13:42:35\', \'AJsetTZoffset\', \'changeLocale\', \'a:3:{s:2:\\\"IP\\\";s:9:\\\"127.0.0.1\\\";s:7:\\\"oldmode\\\";s:13:\\\"AJsetTZoffset\\\";s:6:\\\"locale\\\";s:5:\\\"pt_PT\\\";}\', 1, NULL, \'35d0623501be8a17eac35a59445d7e06\')'),(1,'2017-11-30 13:42:35','AJsetTZoffset','INSERT INTO continuations (id, userid, expiretime, frommode, tomode, data, multicall, parentid, deletefromid) VALUES (\'519393187c54e4ec451dfa5f6366e327\', 1, \'2017-12-01 13:42:35\', \'AJsetTZoffset\', \'changeLocale\', \'a:3:{s:2:\\\"IP\\\";s:9:\\\"127.0.0.1\\\";s:7:\\\"oldmode\\\";s:13:\\\"AJsetTZoffset\\\";s:6:\\\"locale\\\";s:5:\\\"zh_CN\\\";}\', 1, NULL, \'519393187c54e4ec451dfa5f6366e327\')'),(1,'2017-11-30 13:42:35','AJsetTZoffset','DELETE FROM semaphore WHERE procid = \'localhost-19819-5a20511b2f6f8\''),(1,'2017-11-30 13:42:38','viewRequests','DELETE FROM semaphore WHERE procid = \'localhost-19802-5a20511e88ef5\''),(1,'2017-11-30 13:42:46','computer','INSERT INTO continuations (id, userid, expiretime, frommode, tomode, data, multicall, parentid, deletefromid) VALUES (\'30673815d9ab128900da6864ca737fb7\', 1, \'2017-12-01 13:42:46\', \'computer\', \'changeLocale\', \'a:3:{s:2:\\\"IP\\\";s:9:\\\"127.0.0.1\\\";s:7:\\\"oldmode\\\";s:8:\\\"computer\\\";s:6:\\\"locale\\\";s:5:\\\"en_US\\\";}\', 1, NULL, \'30673815d9ab128900da6864ca737fb7\')'),(1,'2017-11-30 13:42:46','computer','INSERT INTO continuations (id, userid, expiretime, frommode, tomode, data, multicall, parentid, deletefromid) VALUES (\'aab2ffb4ce3fa96db0f3c2b3b9c755af\', 1, \'2017-12-01 13:42:46\', \'computer\', \'changeLocale\', \'a:3:{s:2:\\\"IP\\\";s:9:\\\"127.0.0.1\\\";s:7:\\\"oldmode\\\";s:8:\\\"computer\\\";s:6:\\\"locale\\\";s:5:\\\"es_CR\\\";}\', 1, NULL, \'aab2ffb4ce3fa96db0f3c2b3b9c755af\')'),(1,'2017-11-30 13:42:46','computer','INSERT INTO continuations (id, userid, expiretime, frommode, tomode, data, multicall, parentid, deletefromid) VALUES (\'827b3b2b814129b509af99714811ec7e\', 1, \'2017-12-01 13:42:46\', \'computer\', \'changeLocale\', \'a:3:{s:2:\\\"IP\\\";s:9:\\\"127.0.0.1\\\";s:7:\\\"oldmode\\\";s:8:\\\"computer\\\";s:6:\\\"locale\\\";s:5:\\\"es_MX\\\";}\', 1, NULL, \'827b3b2b814129b509af99714811ec7e\')'),(1,'2017-11-30 13:42:46','computer','INSERT INTO continuations (id, userid, expiretime, frommode, tomode, data, multicall, parentid, deletefromid) VALUES (\'2077ff95e2e85e7b265e1341d0190bfb\', 1, \'2017-12-01 13:42:46\', \'computer\', \'changeLocale\', \'a:3:{s:2:\\\"IP\\\";s:9:\\\"127.0.0.1\\\";s:7:\\\"oldmode\\\";s:8:\\\"computer\\\";s:6:\\\"locale\\\";s:5:\\\"fr_CA\\\";}\', 1, NULL, \'2077ff95e2e85e7b265e1341d0190bfb\')'),(1,'2017-11-30 13:42:46','computer','INSERT INTO continuations (id, userid, expiretime, frommode, tomode, data, multicall, parentid, deletefromid) VALUES (\'68abc16622cf44bd55b1a38c72027f63\', 1, \'2017-12-01 13:42:46\', \'computer\', \'changeLocale\', \'a:3:{s:2:\\\"IP\\\";s:9:\\\"127.0.0.1\\\";s:7:\\\"oldmode\\\";s:8:\\\"computer\\\";s:6:\\\"locale\\\";s:5:\\\"ja_JP\\\";}\', 1, NULL, \'68abc16622cf44bd55b1a38c72027f63\')'),(1,'2017-11-30 13:42:46','computer','INSERT INTO continuations (id, userid, expiretime, frommode, tomode, data, multicall, parentid, deletefromid) VALUES (\'f6a9d32efcdaa2dcbb2378d73061874a\', 1, \'2017-12-01 13:42:46\', \'computer\', \'changeLocale\', \'a:3:{s:2:\\\"IP\\\";s:9:\\\"127.0.0.1\\\";s:7:\\\"oldmode\\\";s:8:\\\"computer\\\";s:6:\\\"locale\\\";s:5:\\\"pt_PT\\\";}\', 1, NULL, \'f6a9d32efcdaa2dcbb2378d73061874a\')'),(1,'2017-11-30 13:42:46','computer','INSERT INTO continuations (id, userid, expiretime, frommode, tomode, data, multicall, parentid, deletefromid) VALUES (\'a7475144c17d6358c88b33f858a9a1aa\', 1, \'2017-12-01 13:42:46\', \'computer\', \'changeLocale\', \'a:3:{s:2:\\\"IP\\\";s:9:\\\"127.0.0.1\\\";s:7:\\\"oldmode\\\";s:8:\\\"computer\\\";s:6:\\\"locale\\\";s:5:\\\"zh_CN\\\";}\', 1, NULL, \'a7475144c17d6358c88b33f858a9a1aa\')'),(1,'2017-11-30 13:42:47','computer','INSERT INTO continuations (id, userid, expiretime, frommode, tomode, data, multicall, parentid, deletefromid) VALUES (\'558dfd9d5f6c88310cc456cb64936411\', 1, \'2017-12-07 13:42:47\', \'computer\', \'viewResources\', \'a:1:{s:3:\\\"obj\\\";O:8:\\\"Computer\\\":13:{s:7:\\\"restype\\\";s:8:\\\"computer\\\";s:11:\\\"restypename\\\";s:8:\\\"Computer\\\";s:10:\\\"hasmapping\\\";i:0;s:7:\\\"maptype\\\";s:0:\\\"\\\";s:11:\\\"maptypename\\\";s:0:\\\"\\\";s:9:\\\"basecdata\\\";a:1:{s:3:\\\"obj\\\";r:2;}s:18:\\\"defaultGetDataArgs\\\";a:3:{s:4:\\\"sort\\\";i:0;s:14:\\\"includedeleted\\\";i:0;s:5:\\\"rscid\\\";s:0:\\\"\\\";}s:9:\\\"deletable\\\";i:1;s:13:\\\"deletetoggled\\\";i:1;s:6:\\\"errmsg\\\";N;s:9:\\\"namefield\\\";s:8:\\\"hostname\\\";s:7:\\\"addable\\\";i:1;s:8:\\\"jsondata\\\";a:0:{}}}\', 1, NULL, \'558dfd9d5f6c88310cc456cb64936411\')'),(1,'2017-11-30 13:42:47','computer','DELETE FROM semaphore WHERE procid = \'localhost-19977-5a205126db247\''),(1,'2017-11-30 13:42:49','viewResources','INSERT INTO continuations (id, userid, expiretime, frommode, tomode, data, multicall, parentid, deletefromid) VALUES (\'57c4b4982db51b47cbe744e0de290a01\', 1, \'2017-12-07 13:42:49\', \'viewResources\', \'AJsaveResource\', \'a:2:{s:3:\\\"obj\\\";O:8:\\\"Computer\\\":13:{s:7:\\\"restype\\\";s:8:\\\"computer\\\";s:11:\\\"restypename\\\";s:8:\\\"Computer\\\";s:10:\\\"hasmapping\\\";i:0;s:7:\\\"maptype\\\";s:0:\\\"\\\";s:11:\\\"maptypename\\\";s:0:\\\"\\\";s:9:\\\"basecdata\\\";a:1:{s:3:\\\"obj\\\";r:2;}s:18:\\\"defaultGetDataArgs\\\";a:3:{s:4:\\\"sort\\\";i:0;s:14:\\\"includedeleted\\\";i:0;s:5:\\\"rscid\\\";s:0:\\\"\\\";}s:9:\\\"deletable\\\";i:1;s:13:\\\"deletetoggled\\\";i:1;s:6:\\\"errmsg\\\";N;s:9:\\\"namefield\\\";s:8:\\\"hostname\\\";s:7:\\\"addable\\\";i:1;s:8:\\\"jsondata\\\";a:0:{}}s:3:\\\"add\\\";i:1;}\', 1, NULL, \'57c4b4982db51b47cbe744e0de290a01\')'),(1,'2017-11-30 13:42:49','viewResources','INSERT INTO continuations (id, userid, expiretime, frommode, tomode, data, multicall, parentid, deletefromid) VALUES (\'a0f6d12b93bbf6bd80819fcf4de0cf52\', 1, \'2017-12-07 13:42:49\', \'viewResources\', \'viewResources\', \'a:1:{s:3:\\\"obj\\\";O:8:\\\"Computer\\\":13:{s:7:\\\"restype\\\";s:8:\\\"computer\\\";s:11:\\\"restypename\\\";s:8:\\\"Computer\\\";s:10:\\\"hasmapping\\\";i:0;s:7:\\\"maptype\\\";s:0:\\\"\\\";s:11:\\\"maptypename\\\";s:0:\\\"\\\";s:9:\\\"basecdata\\\";a:1:{s:3:\\\"obj\\\";r:2;}s:18:\\\"defaultGetDataArgs\\\";a:3:{s:4:\\\"sort\\\";i:0;s:14:\\\"includedeleted\\\";i:0;s:5:\\\"rscid\\\";s:0:\\\"\\\";}s:9:\\\"deletable\\\";i:1;s:13:\\\"deletetoggled\\\";i:1;s:6:\\\"errmsg\\\";N;s:9:\\\"namefield\\\";s:8:\\\"hostname\\\";s:7:\\\"addable\\\";i:1;s:8:\\\"jsondata\\\";a:0:{}}}\', 1, NULL, \'a0f6d12b93bbf6bd80819fcf4de0cf52\')'),(1,'2017-11-30 13:42:49','viewResources','DELETE FROM semaphore WHERE procid = \'localhost-19977-5a205129b9c77\''),(1,'2017-11-30 13:44:50','AJsaveResource','INSERT INTO continuations (id, userid, expiretime, frommode, tomode, data, multicall, parentid, deletefromid) VALUES (\'94438a64a2df233af75f6ff2ab22b5c8\', 1, \'2017-12-01 13:44:50\', \'AJsaveResource\', \'changeLocale\', \'a:3:{s:2:\\\"IP\\\";s:9:\\\"127.0.0.1\\\";s:7:\\\"oldmode\\\";s:14:\\\"AJsaveResource\\\";s:6:\\\"locale\\\";s:5:\\\"en_US\\\";}\', 1, NULL, \'94438a64a2df233af75f6ff2ab22b5c8\')'),(1,'2017-11-30 13:44:50','AJsaveResource','INSERT INTO continuations (id, userid, expiretime, frommode, tomode, data, multicall, parentid, deletefromid) VALUES (\'864be2af7c067fbc6bb4a048bb1db1f5\', 1, \'2017-12-01 13:44:50\', \'AJsaveResource\', \'changeLocale\', \'a:3:{s:2:\\\"IP\\\";s:9:\\\"127.0.0.1\\\";s:7:\\\"oldmode\\\";s:14:\\\"AJsaveResource\\\";s:6:\\\"locale\\\";s:5:\\\"es_CR\\\";}\', 1, NULL, \'864be2af7c067fbc6bb4a048bb1db1f5\')'),(1,'2017-11-30 13:44:50','AJsaveResource','INSERT INTO continuations (id, userid, expiretime, frommode, tomode, data, multicall, parentid, deletefromid) VALUES (\'e1b0ee0930d4569f936b7bf906e751f9\', 1, \'2017-12-01 13:44:50\', \'AJsaveResource\', \'changeLocale\', \'a:3:{s:2:\\\"IP\\\";s:9:\\\"127.0.0.1\\\";s:7:\\\"oldmode\\\";s:14:\\\"AJsaveResource\\\";s:6:\\\"locale\\\";s:5:\\\"es_MX\\\";}\', 1, NULL, \'e1b0ee0930d4569f936b7bf906e751f9\')'),(1,'2017-11-30 13:44:50','AJsaveResource','INSERT INTO continuations (id, userid, expiretime, frommode, tomode, data, multicall, parentid, deletefromid) VALUES (\'8128ec26d6fb145f77293552ea66cfcc\', 1, \'2017-12-01 13:44:50\', \'AJsaveResource\', \'changeLocale\', \'a:3:{s:2:\\\"IP\\\";s:9:\\\"127.0.0.1\\\";s:7:\\\"oldmode\\\";s:14:\\\"AJsaveResource\\\";s:6:\\\"locale\\\";s:5:\\\"fr_CA\\\";}\', 1, NULL, \'8128ec26d6fb145f77293552ea66cfcc\')'),(1,'2017-11-30 13:44:50','AJsaveResource','INSERT INTO continuations (id, userid, expiretime, frommode, tomode, data, multicall, parentid, deletefromid) VALUES (\'1c0f5deb43e2e51c5ffc54c1589efc3e\', 1, \'2017-12-01 13:44:50\', \'AJsaveResource\', \'changeLocale\', \'a:3:{s:2:\\\"IP\\\";s:9:\\\"127.0.0.1\\\";s:7:\\\"oldmode\\\";s:14:\\\"AJsaveResource\\\";s:6:\\\"locale\\\";s:5:\\\"ja_JP\\\";}\', 1, NULL, \'1c0f5deb43e2e51c5ffc54c1589efc3e\')'),(1,'2017-11-30 13:44:50','AJsaveResource','INSERT INTO continuations (id, userid, expiretime, frommode, tomode, data, multicall, parentid, deletefromid) VALUES (\'0024eaf621bb37d088686a1d0effbd56\', 1, \'2017-12-01 13:44:50\', \'AJsaveResource\', \'changeLocale\', \'a:3:{s:2:\\\"IP\\\";s:9:\\\"127.0.0.1\\\";s:7:\\\"oldmode\\\";s:14:\\\"AJsaveResource\\\";s:6:\\\"locale\\\";s:5:\\\"pt_PT\\\";}\', 1, NULL, \'0024eaf621bb37d088686a1d0effbd56\')'),(1,'2017-11-30 13:44:50','AJsaveResource','INSERT INTO continuations (id, userid, expiretime, frommode, tomode, data, multicall, parentid, deletefromid) VALUES (\'b0ba12dcbe6ecdb1edab907bde7e8bec\', 1, \'2017-12-01 13:44:50\', \'AJsaveResource\', \'changeLocale\', \'a:3:{s:2:\\\"IP\\\";s:9:\\\"127.0.0.1\\\";s:7:\\\"oldmode\\\";s:14:\\\"AJsaveResource\\\";s:6:\\\"locale\\\";s:5:\\\"zh_CN\\\";}\', 1, NULL, \'b0ba12dcbe6ecdb1edab907bde7e8bec\')'),(1,'2017-11-30 13:44:50','AJsaveResource','INSERT INTO computer (hostname, ownerid, type, IPaddress, privateIPaddress, eth0macaddress, eth1macaddress, provisioningid, stateid, platformid, scheduleid, RAM, procnumber, procspeed, network, currentimageid, imagerevisionid, location, predictivemoduleid) VALUES (\'Host1\', 1, \'blade\', \'10.10.10.1\', \'10.10.11.1\', \'20:22:78:33:01:02\', \'20:22:78:33:01:01\', 10, 20, 1, 1, 64000, 20, 3000, 1000, 1, 1, \'\', 31)'),(1,'2017-11-30 13:44:50','AJsaveResource','INSERT INTO vmhost (computerid, vmprofileid) VALUES (1, 5)'),(1,'2017-11-30 13:44:50','AJsaveResource','INSERT INTO resource (resourcetypeid, subid) VALUES (12, 1)'),(1,'2017-11-30 13:44:50','AJsaveResource','INSERT INTO continuations (id, userid, expiretime, frommode, tomode, data, multicall, parentid, deletefromid) VALUES (\'bec9b7e1d0e908516371eaf268d3d7e5\', 1, \'2017-12-07 13:44:50\', \'AJsaveResource\', \'AJaddRemGroupResource\', \'a:2:{s:3:\\\"obj\\\";O:8:\\\"Computer\\\":13:{s:7:\\\"restype\\\";s:8:\\\"computer\\\";s:11:\\\"restypename\\\";s:8:\\\"Computer\\\";s:10:\\\"hasmapping\\\";i:0;s:7:\\\"maptype\\\";s:0:\\\"\\\";s:11:\\\"maptypename\\\";s:0:\\\"\\\";s:9:\\\"basecdata\\\";a:1:{s:3:\\\"obj\\\";r:2;}s:18:\\\"defaultGetDataArgs\\\";a:3:{s:4:\\\"sort\\\";i:0;s:14:\\\"includedeleted\\\";i:0;s:5:\\\"rscid\\\";s:0:\\\"\\\";}s:9:\\\"deletable\\\";i:1;s:13:\\\"deletetoggled\\\";i:1;s:6:\\\"errmsg\\\";N;s:9:\\\"namefield\\\";s:8:\\\"hostname\\\";s:7:\\\"addable\\\";i:1;s:8:\\\"jsondata\\\";a:0:{}}s:4:\\\"mode\\\";s:3:\\\"add\\\";}\', 1, NULL, \'bec9b7e1d0e908516371eaf268d3d7e5\')'),(1,'2017-11-30 13:44:50','AJsaveResource','INSERT INTO continuations (id, userid, expiretime, frommode, tomode, data, multicall, parentid, deletefromid) VALUES (\'24a2a822e940fc5dfe0e37fdd31df49e\', 1, \'2017-12-07 13:44:50\', \'AJsaveResource\', \'AJaddRemGroupResource\', \'a:2:{s:3:\\\"obj\\\";O:8:\\\"Computer\\\":13:{s:7:\\\"restype\\\";s:8:\\\"computer\\\";s:11:\\\"restypename\\\";s:8:\\\"Computer\\\";s:10:\\\"hasmapping\\\";i:0;s:7:\\\"maptype\\\";s:0:\\\"\\\";s:11:\\\"maptypename\\\";s:0:\\\"\\\";s:9:\\\"basecdata\\\";a:1:{s:3:\\\"obj\\\";r:2;}s:18:\\\"defaultGetDataArgs\\\";a:3:{s:4:\\\"sort\\\";i:0;s:14:\\\"includedeleted\\\";i:0;s:5:\\\"rscid\\\";s:0:\\\"\\\";}s:9:\\\"deletable\\\";i:1;s:13:\\\"deletetoggled\\\";i:1;s:6:\\\"errmsg\\\";N;s:9:\\\"namefield\\\";s:8:\\\"hostname\\\";s:7:\\\"addable\\\";i:1;s:8:\\\"jsondata\\\";a:0:{}}s:4:\\\"mode\\\";s:6:\\\"remove\\\";}\', 1, NULL, \'24a2a822e940fc5dfe0e37fdd31df49e\')'),(1,'2017-11-30 13:44:50','AJsaveResource','INSERT INTO continuations (id, userid, expiretime, frommode, tomode, data, multicall, parentid, deletefromid) VALUES (\'be1e0dd7c872431a366c22a1d139d906\', 1, \'2017-12-07 13:44:50\', \'AJsaveResource\', \'jsonResourceGroupingGroups\', \'a:4:{s:3:\\\"obj\\\";O:8:\\\"Computer\\\":13:{s:7:\\\"restype\\\";s:8:\\\"computer\\\";s:11:\\\"restypename\\\";s:8:\\\"Computer\\\";s:10:\\\"hasmapping\\\";i:0;s:7:\\\"maptype\\\";s:0:\\\"\\\";s:11:\\\"maptypename\\\";s:0:\\\"\\\";s:9:\\\"basecdata\\\";a:1:{s:3:\\\"obj\\\";r:2;}s:18:\\\"defaultGetDataArgs\\\";a:3:{s:4:\\\"sort\\\";i:0;s:14:\\\"includedeleted\\\";i:0;s:5:\\\"rscid\\\";s:0:\\\"\\\";}s:9:\\\"deletable\\\";i:1;s:13:\\\"deletetoggled\\\";i:1;s:6:\\\"errmsg\\\";N;s:9:\\\"namefield\\\";s:8:\\\"hostname\\\";s:7:\\\"addable\\\";i:1;s:8:\\\"jsondata\\\";a:0:{}}s:5:\\\"store\\\";s:21:\\\"resourcetogroupsstore\\\";s:7:\\\"intitle\\\";s:8:\\\"ingroups\\\";s:8:\\\"outtitle\\\";s:9:\\\"outgroups\\\";}\', 1, NULL, \'be1e0dd7c872431a366c22a1d139d906\')'),(1,'2017-11-30 13:44:50','AJsaveResource','DELETE FROM semaphore WHERE procid = \'localhost-19802-5a2051a241dce\''),(1,'2017-11-30 13:44:50','jsonResourceGroupingGroups','DELETE FROM semaphore WHERE procid = \'localhost-19802-5a2051a278101\''),(1,'2017-11-30 13:44:53','viewResources','INSERT INTO continuations (id, userid, expiretime, frommode, tomode, data, multicall, parentid, deletefromid) VALUES (\'3b7f1b77bae024b907a4e2fa2426699b\', 1, \'2017-12-07 13:44:53\', \'viewResources\', \'AJeditResource\', \'a:1:{s:3:\\\"obj\\\";O:8:\\\"Computer\\\":13:{s:7:\\\"restype\\\";s:8:\\\"computer\\\";s:11:\\\"restypename\\\";s:8:\\\"Computer\\\";s:10:\\\"hasmapping\\\";i:0;s:7:\\\"maptype\\\";s:0:\\\"\\\";s:11:\\\"maptypename\\\";s:0:\\\"\\\";s:9:\\\"basecdata\\\";a:1:{s:3:\\\"obj\\\";r:2;}s:18:\\\"defaultGetDataArgs\\\";a:3:{s:4:\\\"sort\\\";i:0;s:14:\\\"includedeleted\\\";i:0;s:5:\\\"rscid\\\";s:0:\\\"\\\";}s:9:\\\"deletable\\\";i:1;s:13:\\\"deletetoggled\\\";i:1;s:6:\\\"errmsg\\\";N;s:9:\\\"namefield\\\";s:8:\\\"hostname\\\";s:7:\\\"addable\\\";i:1;s:8:\\\"jsondata\\\";a:0:{}}}\', 1, NULL, \'3b7f1b77bae024b907a4e2fa2426699b\')'),(1,'2017-11-30 13:44:53','viewResources','INSERT INTO continuations (id, userid, expiretime, frommode, tomode, data, multicall, parentid, deletefromid) VALUES (\'b070a4466519b02ef3e435c7c7b227fe\', 1, \'2017-12-07 13:44:53\', \'viewResources\', \'AJpromptToggleDeleteResource\', \'a:1:{s:3:\\\"obj\\\";O:8:\\\"Computer\\\":13:{s:7:\\\"restype\\\";s:8:\\\"computer\\\";s:11:\\\"restypename\\\";s:8:\\\"Computer\\\";s:10:\\\"hasmapping\\\";i:0;s:7:\\\"maptype\\\";s:0:\\\"\\\";s:11:\\\"maptypename\\\";s:0:\\\"\\\";s:9:\\\"basecdata\\\";a:1:{s:3:\\\"obj\\\";r:2;}s:18:\\\"defaultGetDataArgs\\\";a:3:{s:4:\\\"sort\\\";i:0;s:14:\\\"includedeleted\\\";i:0;s:5:\\\"rscid\\\";s:0:\\\"\\\";}s:9:\\\"deletable\\\";i:1;s:13:\\\"deletetoggled\\\";i:1;s:6:\\\"errmsg\\\";N;s:9:\\\"namefield\\\";s:8:\\\"hostname\\\";s:7:\\\"addable\\\";i:1;s:8:\\\"jsondata\\\";a:0:{}}}\', 1, NULL, \'b070a4466519b02ef3e435c7c7b227fe\')'),(1,'2017-11-30 13:44:53','viewResources','INSERT INTO continuations (id, userid, expiretime, frommode, tomode, data, multicall, parentid, deletefromid) VALUES (\'b732966de09bdf9c5dc50c0e0020f005\', 1, \'2017-12-07 13:44:53\', \'viewResources\', \'jsonResourceStore\', \'a:1:{s:3:\\\"obj\\\";O:8:\\\"Computer\\\":13:{s:7:\\\"restype\\\";s:8:\\\"computer\\\";s:11:\\\"restypename\\\";s:8:\\\"Computer\\\";s:10:\\\"hasmapping\\\";i:0;s:7:\\\"maptype\\\";s:0:\\\"\\\";s:11:\\\"maptypename\\\";s:0:\\\"\\\";s:9:\\\"basecdata\\\";a:1:{s:3:\\\"obj\\\";r:2;}s:18:\\\"defaultGetDataArgs\\\";a:3:{s:4:\\\"sort\\\";i:0;s:14:\\\"includedeleted\\\";i:0;s:5:\\\"rscid\\\";s:0:\\\"\\\";}s:9:\\\"deletable\\\";i:1;s:13:\\\"deletetoggled\\\";i:1;s:6:\\\"errmsg\\\";N;s:9:\\\"namefield\\\";s:8:\\\"hostname\\\";s:7:\\\"addable\\\";i:1;s:8:\\\"jsondata\\\";a:0:{}}}\', 1, NULL, \'b732966de09bdf9c5dc50c0e0020f005\')'),(1,'2017-11-30 13:44:53','viewResources','INSERT INTO continuations (id, userid, expiretime, frommode, tomode, data, multicall, parentid, deletefromid) VALUES (\'545fe82d31e4a0420e7e1b0205b531e3\', 1, \'2017-12-07 13:44:53\', \'viewResources\', \'AJcompNATchange\', \'a:1:{s:3:\\\"obj\\\";O:8:\\\"Computer\\\":13:{s:7:\\\"restype\\\";s:8:\\\"computer\\\";s:11:\\\"restypename\\\";s:8:\\\"Computer\\\";s:10:\\\"hasmapping\\\";i:0;s:7:\\\"maptype\\\";s:0:\\\"\\\";s:11:\\\"maptypename\\\";s:0:\\\"\\\";s:9:\\\"basecdata\\\";a:1:{s:3:\\\"obj\\\";r:2;}s:18:\\\"defaultGetDataArgs\\\";a:3:{s:4:\\\"sort\\\";i:0;s:14:\\\"includedeleted\\\";i:0;s:5:\\\"rscid\\\";s:0:\\\"\\\";}s:9:\\\"deletable\\\";i:1;s:13:\\\"deletetoggled\\\";i:1;s:6:\\\"errmsg\\\";N;s:9:\\\"namefield\\\";s:8:\\\"hostname\\\";s:7:\\\"addable\\\";i:1;s:8:\\\"jsondata\\\";a:0:{}}}\', 1, NULL, \'545fe82d31e4a0420e7e1b0205b531e3\')'),(1,'2017-11-30 13:44:53','viewResources','INSERT INTO continuations (id, userid, expiretime, frommode, tomode, data, multicall, parentid, deletefromid) VALUES (\'821b4930a9167950702c3c39fdeaafbb\', 1, \'2017-12-07 13:44:53\', \'viewResources\', \'AJcompPredictiveModuleChange\', \'a:1:{s:3:\\\"obj\\\";O:8:\\\"Computer\\\":13:{s:7:\\\"restype\\\";s:8:\\\"computer\\\";s:11:\\\"restypename\\\";s:8:\\\"Computer\\\";s:10:\\\"hasmapping\\\";i:0;s:7:\\\"maptype\\\";s:0:\\\"\\\";s:11:\\\"maptypename\\\";s:0:\\\"\\\";s:9:\\\"basecdata\\\";a:1:{s:3:\\\"obj\\\";r:2;}s:18:\\\"defaultGetDataArgs\\\";a:3:{s:4:\\\"sort\\\";i:0;s:14:\\\"includedeleted\\\";i:0;s:5:\\\"rscid\\\";s:0:\\\"\\\";}s:9:\\\"deletable\\\";i:1;s:13:\\\"deletetoggled\\\";i:1;s:6:\\\"errmsg\\\";N;s:9:\\\"namefield\\\";s:8:\\\"hostname\\\";s:7:\\\"addable\\\";i:1;s:8:\\\"jsondata\\\";a:0:{}}}\', 1, NULL, \'821b4930a9167950702c3c39fdeaafbb\')'),(1,'2017-11-30 13:44:53','viewResources','INSERT INTO continuations (id, userid, expiretime, frommode, tomode, data, multicall, parentid, deletefromid) VALUES (\'548848da2040bb89b601e9c628546ed8\', 1, \'2017-12-07 13:44:53\', \'viewResources\', \'AJcompProvisioningChange\', \'a:1:{s:3:\\\"obj\\\";O:8:\\\"Computer\\\":13:{s:7:\\\"restype\\\";s:8:\\\"computer\\\";s:11:\\\"restypename\\\";s:8:\\\"Computer\\\";s:10:\\\"hasmapping\\\";i:0;s:7:\\\"maptype\\\";s:0:\\\"\\\";s:11:\\\"maptypename\\\";s:0:\\\"\\\";s:9:\\\"basecdata\\\";a:1:{s:3:\\\"obj\\\";r:2;}s:18:\\\"defaultGetDataArgs\\\";a:3:{s:4:\\\"sort\\\";i:0;s:14:\\\"includedeleted\\\";i:0;s:5:\\\"rscid\\\";s:0:\\\"\\\";}s:9:\\\"deletable\\\";i:1;s:13:\\\"deletetoggled\\\";i:1;s:6:\\\"errmsg\\\";N;s:9:\\\"namefield\\\";s:8:\\\"hostname\\\";s:7:\\\"addable\\\";i:1;s:8:\\\"jsondata\\\";a:0:{}}}\', 1, NULL, \'548848da2040bb89b601e9c628546ed8\')'),(1,'2017-11-30 13:44:53','viewResources','INSERT INTO continuations (id, userid, expiretime, frommode, tomode, data, multicall, parentid, deletefromid) VALUES (\'ff32221c19b36733bc8f4b4b0293182b\', 1, \'2017-12-07 13:44:53\', \'viewResources\', \'AJcompScheduleChange\', \'a:1:{s:3:\\\"obj\\\";O:8:\\\"Computer\\\":13:{s:7:\\\"restype\\\";s:8:\\\"computer\\\";s:11:\\\"restypename\\\";s:8:\\\"Computer\\\";s:10:\\\"hasmapping\\\";i:0;s:7:\\\"maptype\\\";s:0:\\\"\\\";s:11:\\\"maptypename\\\";s:0:\\\"\\\";s:9:\\\"basecdata\\\";a:1:{s:3:\\\"obj\\\";r:2;}s:18:\\\"defaultGetDataArgs\\\";a:3:{s:4:\\\"sort\\\";i:0;s:14:\\\"includedeleted\\\";i:0;s:5:\\\"rscid\\\";s:0:\\\"\\\";}s:9:\\\"deletable\\\";i:1;s:13:\\\"deletetoggled\\\";i:1;s:6:\\\"errmsg\\\";N;s:9:\\\"namefield\\\";s:8:\\\"hostname\\\";s:7:\\\"addable\\\";i:1;s:8:\\\"jsondata\\\";a:0:{}}}\', 1, NULL, \'ff32221c19b36733bc8f4b4b0293182b\')'),(1,'2017-11-30 13:44:53','viewResources','INSERT INTO continuations (id, userid, expiretime, frommode, tomode, data, multicall, parentid, deletefromid) VALUES (\'707371444f9d9ff1acb5c0ecdfda0076\', 1, \'2017-12-07 13:44:53\', \'viewResources\', \'AJcompStateChange\', \'a:2:{s:3:\\\"obj\\\";O:8:\\\"Computer\\\":13:{s:7:\\\"restype\\\";s:8:\\\"computer\\\";s:11:\\\"restypename\\\";s:8:\\\"Computer\\\";s:10:\\\"hasmapping\\\";i:0;s:7:\\\"maptype\\\";s:0:\\\"\\\";s:11:\\\"maptypename\\\";s:0:\\\"\\\";s:9:\\\"basecdata\\\";a:1:{s:3:\\\"obj\\\";r:2;}s:18:\\\"defaultGetDataArgs\\\";a:3:{s:4:\\\"sort\\\";i:0;s:14:\\\"includedeleted\\\";i:0;s:5:\\\"rscid\\\";s:0:\\\"\\\";}s:9:\\\"deletable\\\";i:1;s:13:\\\"deletetoggled\\\";i:1;s:6:\\\"errmsg\\\";N;s:9:\\\"namefield\\\";s:8:\\\"hostname\\\";s:7:\\\"addable\\\";i:1;s:8:\\\"jsondata\\\";a:0:{}}s:6:\\\"states\\\";a:4:{i:2;s:9:\\\"available\\\";i:23;s:3:\\\"hpc\\\";i:10;s:11:\\\"maintenance\\\";i:20;s:22:\\\"convert to vmhostinuse\\\";}}\', 1, NULL, \'707371444f9d9ff1acb5c0ecdfda0076\')'),(1,'2017-11-30 13:44:53','viewResources','INSERT INTO continuations (id, userid, expiretime, frommode, tomode, data, multicall, parentid, deletefromid) VALUES (\'49942ab9dc9fff9d349dffa91c822675\', 1, \'2017-12-07 13:44:53\', \'viewResources\', \'AJdeleteComputers\', \'a:1:{s:3:\\\"obj\\\";O:8:\\\"Computer\\\":13:{s:7:\\\"restype\\\";s:8:\\\"computer\\\";s:11:\\\"restypename\\\";s:8:\\\"Computer\\\";s:10:\\\"hasmapping\\\";i:0;s:7:\\\"maptype\\\";s:0:\\\"\\\";s:11:\\\"maptypename\\\";s:0:\\\"\\\";s:9:\\\"basecdata\\\";a:1:{s:3:\\\"obj\\\";r:2;}s:18:\\\"defaultGetDataArgs\\\";a:3:{s:4:\\\"sort\\\";i:0;s:14:\\\"includedeleted\\\";i:0;s:5:\\\"rscid\\\";s:0:\\\"\\\";}s:9:\\\"deletable\\\";i:1;s:13:\\\"deletetoggled\\\";i:1;s:6:\\\"errmsg\\\";N;s:9:\\\"namefield\\\";s:8:\\\"hostname\\\";s:7:\\\"addable\\\";i:1;s:8:\\\"jsondata\\\";a:0:{}}}\', 1, NULL, \'49942ab9dc9fff9d349dffa91c822675\')'),(1,'2017-11-30 13:44:53','viewResources','INSERT INTO continuations (id, userid, expiretime, frommode, tomode, data, multicall, parentid, deletefromid) VALUES (\'56ae9f7213debc717e9d57083b24698f\', 1, \'2017-12-07 13:44:53\', \'viewResources\', \'AJhostsData\', \'a:1:{s:3:\\\"obj\\\";O:8:\\\"Computer\\\":13:{s:7:\\\"restype\\\";s:8:\\\"computer\\\";s:11:\\\"restypename\\\";s:8:\\\"Computer\\\";s:10:\\\"hasmapping\\\";i:0;s:7:\\\"maptype\\\";s:0:\\\"\\\";s:11:\\\"maptypename\\\";s:0:\\\"\\\";s:9:\\\"basecdata\\\";a:1:{s:3:\\\"obj\\\";r:2;}s:18:\\\"defaultGetDataArgs\\\";a:3:{s:4:\\\"sort\\\";i:0;s:14:\\\"includedeleted\\\";i:0;s:5:\\\"rscid\\\";s:0:\\\"\\\";}s:9:\\\"deletable\\\";i:1;s:13:\\\"deletetoggled\\\";i:1;s:6:\\\"errmsg\\\";N;s:9:\\\"namefield\\\";s:8:\\\"hostname\\\";s:7:\\\"addable\\\";i:1;s:8:\\\"jsondata\\\";a:0:{}}}\', 1, NULL, \'56ae9f7213debc717e9d57083b24698f\')'),(1,'2017-11-30 13:44:53','viewResources','INSERT INTO continuations (id, userid, expiretime, frommode, tomode, data, multicall, parentid, deletefromid) VALUES (\'4f600758af5bce2dfb8b87502da8e324\', 1, \'2017-12-07 13:44:53\', \'viewResources\', \'AJgenerateDHCPdata\', \'a:1:{s:3:\\\"obj\\\";O:8:\\\"Computer\\\":13:{s:7:\\\"restype\\\";s:8:\\\"computer\\\";s:11:\\\"restypename\\\";s:8:\\\"Computer\\\";s:10:\\\"hasmapping\\\";i:0;s:7:\\\"maptype\\\";s:0:\\\"\\\";s:11:\\\"maptypename\\\";s:0:\\\"\\\";s:9:\\\"basecdata\\\";a:1:{s:3:\\\"obj\\\";r:2;}s:18:\\\"defaultGetDataArgs\\\";a:3:{s:4:\\\"sort\\\";i:0;s:14:\\\"includedeleted\\\";i:0;s:5:\\\"rscid\\\";s:0:\\\"\\\";}s:9:\\\"deletable\\\";i:1;s:13:\\\"deletetoggled\\\";i:1;s:6:\\\"errmsg\\\";N;s:9:\\\"namefield\\\";s:8:\\\"hostname\\\";s:7:\\\"addable\\\";i:1;s:8:\\\"jsondata\\\";a:0:{}}}\', 1, NULL, \'4f600758af5bce2dfb8b87502da8e324\')'),(1,'2017-11-30 13:44:53','viewResources','INSERT INTO continuations (id, userid, expiretime, frommode, tomode, data, multicall, parentid, deletefromid) VALUES (\'6ed1c4ce30466d83e02c0a11d5c7fd3f\', 1, \'2017-12-07 13:44:53\', \'viewResources\', \'AJreloadComputers\', \'a:1:{s:3:\\\"obj\\\";O:8:\\\"Computer\\\":13:{s:7:\\\"restype\\\";s:8:\\\"computer\\\";s:11:\\\"restypename\\\";s:8:\\\"Computer\\\";s:10:\\\"hasmapping\\\";i:0;s:7:\\\"maptype\\\";s:0:\\\"\\\";s:11:\\\"maptypename\\\";s:0:\\\"\\\";s:9:\\\"basecdata\\\";a:1:{s:3:\\\"obj\\\";r:2;}s:18:\\\"defaultGetDataArgs\\\";a:3:{s:4:\\\"sort\\\";i:0;s:14:\\\"includedeleted\\\";i:0;s:5:\\\"rscid\\\";s:0:\\\"\\\";}s:9:\\\"deletable\\\";i:1;s:13:\\\"deletetoggled\\\";i:1;s:6:\\\"errmsg\\\";N;s:9:\\\"namefield\\\";s:8:\\\"hostname\\\";s:7:\\\"addable\\\";i:1;s:8:\\\"jsondata\\\";a:0:{}}}\', 1, NULL, \'6ed1c4ce30466d83e02c0a11d5c7fd3f\')'),(1,'2017-11-30 13:44:53','viewResources','INSERT INTO continuations (id, userid, expiretime, frommode, tomode, data, multicall, parentid, deletefromid) VALUES (\'e6931ebe62a069b5b9b2643b7dfdc4c0\', 1, \'2017-12-07 13:44:53\', \'viewResources\', \'AJshowReservations\', \'a:1:{s:3:\\\"obj\\\";O:8:\\\"Computer\\\":13:{s:7:\\\"restype\\\";s:8:\\\"computer\\\";s:11:\\\"restypename\\\";s:8:\\\"Computer\\\";s:10:\\\"hasmapping\\\";i:0;s:7:\\\"maptype\\\";s:0:\\\"\\\";s:11:\\\"maptypename\\\";s:0:\\\"\\\";s:9:\\\"basecdata\\\";a:1:{s:3:\\\"obj\\\";r:2;}s:18:\\\"defaultGetDataArgs\\\";a:3:{s:4:\\\"sort\\\";i:0;s:14:\\\"includedeleted\\\";i:0;s:5:\\\"rscid\\\";s:0:\\\"\\\";}s:9:\\\"deletable\\\";i:1;s:13:\\\"deletetoggled\\\";i:1;s:6:\\\"errmsg\\\";N;s:9:\\\"namefield\\\";s:8:\\\"hostname\\\";s:7:\\\"addable\\\";i:1;s:8:\\\"jsondata\\\";a:0:{}}}\', 1, NULL, \'e6931ebe62a069b5b9b2643b7dfdc4c0\')'),(1,'2017-11-30 13:44:53','viewResources','INSERT INTO continuations (id, userid, expiretime, frommode, tomode, data, multicall, parentid, deletefromid) VALUES (\'85fd8ca237fa45ac044490402a9f09e0\', 1, \'2017-12-07 13:44:53\', \'viewResources\', \'AJshowReservationHistory\', \'a:1:{s:3:\\\"obj\\\";O:8:\\\"Computer\\\":13:{s:7:\\\"restype\\\";s:8:\\\"computer\\\";s:11:\\\"restypename\\\";s:8:\\\"Computer\\\";s:10:\\\"hasmapping\\\";i:0;s:7:\\\"maptype\\\";s:0:\\\"\\\";s:11:\\\"maptypename\\\";s:0:\\\"\\\";s:9:\\\"basecdata\\\";a:1:{s:3:\\\"obj\\\";r:2;}s:18:\\\"defaultGetDataArgs\\\";a:3:{s:4:\\\"sort\\\";i:0;s:14:\\\"includedeleted\\\";i:0;s:5:\\\"rscid\\\";s:0:\\\"\\\";}s:9:\\\"deletable\\\";i:1;s:13:\\\"deletetoggled\\\";i:1;s:6:\\\"errmsg\\\";N;s:9:\\\"namefield\\\";s:8:\\\"hostname\\\";s:7:\\\"addable\\\";i:1;s:8:\\\"jsondata\\\";a:0:{}}}\', 1, NULL, \'85fd8ca237fa45ac044490402a9f09e0\')'),(1,'2017-11-30 13:44:53','viewResources','INSERT INTO continuations (id, userid, expiretime, frommode, tomode, data, multicall, parentid, deletefromid) VALUES (\'a58a42719dfa3e096b1b35fbb7cf1c34\', 1, \'2017-12-07 13:44:53\', \'viewResources\', \'AJfilterCompGroups\', \'a:1:{s:3:\\\"obj\\\";O:8:\\\"Computer\\\":13:{s:7:\\\"restype\\\";s:8:\\\"computer\\\";s:11:\\\"restypename\\\";s:8:\\\"Computer\\\";s:10:\\\"hasmapping\\\";i:0;s:7:\\\"maptype\\\";s:0:\\\"\\\";s:11:\\\"maptypename\\\";s:0:\\\"\\\";s:9:\\\"basecdata\\\";a:1:{s:3:\\\"obj\\\";r:2;}s:18:\\\"defaultGetDataArgs\\\";a:3:{s:4:\\\"sort\\\";i:0;s:14:\\\"includedeleted\\\";i:0;s:5:\\\"rscid\\\";s:0:\\\"\\\";}s:9:\\\"deletable\\\";i:1;s:13:\\\"deletetoggled\\\";i:1;s:6:\\\"errmsg\\\";N;s:9:\\\"namefield\\\";s:8:\\\"hostname\\\";s:7:\\\"addable\\\";i:1;s:8:\\\"jsondata\\\";a:0:{}}}\', 1, NULL, \'a58a42719dfa3e096b1b35fbb7cf1c34\')'),(1,'2017-11-30 13:44:53','viewResources','DELETE FROM semaphore WHERE procid = \'localhost-19802-5a2051a50ef27\''),(1,'2017-11-30 13:44:54','jsonResourceStore','DELETE FROM semaphore WHERE procid = \'localhost-18785-5a2051a618835\''),(1,'2017-11-30 13:46:49','AJsaveResource','INSERT INTO computer (hostname, ownerid, type, IPaddress, privateIPaddress, eth0macaddress, eth1macaddress, provisioningid, stateid, platformid, scheduleid, RAM, procnumber, procspeed, network, currentimageid, imagerevisionid, location, predictivemoduleid) VALUES (\'TestComputer1\', 1, \'virtualmachine\', \'10.10.11.11\', \'10.10.22.1\', \'20:22:78:33:02:01\', \'20:22:78:33:02:02\', 9, 10, 1, 1, 4096, 4, 3000, 1000, 1, 1, \'\', 31)'),(1,'2017-11-30 13:46:49','AJsaveResource','INSERT INTO resource (resourcetypeid, subid) VALUES (12, 2)'),(1,'2017-11-30 13:46:49','AJsaveResource','INSERT INTO computer (hostname, ownerid, type, IPaddress, privateIPaddress, eth0macaddress, eth1macaddress, provisioningid, stateid, platformid, scheduleid, RAM, procnumber, procspeed, network, currentimageid, imagerevisionid, location, predictivemoduleid) VALUES (\'TestComputer2\', 1, \'virtualmachine\', \'10.10.11.12\', \'10.10.22.2\', \'20:22:78:33:02:03\', \'20:22:78:33:02:04\', 9, 10, 1, 1, 4096, 4, 3000, 1000, 1, 1, \'\', 31)'),(1,'2017-11-30 13:46:49','AJsaveResource','INSERT INTO resource (resourcetypeid, subid) VALUES (12, 3)'),(1,'2017-11-30 13:46:49','AJsaveResource','INSERT INTO computer (hostname, ownerid, type, IPaddress, privateIPaddress, eth0macaddress, eth1macaddress, provisioningid, stateid, platformid, scheduleid, RAM, procnumber, procspeed, network, currentimageid, imagerevisionid, location, predictivemoduleid) VALUES (\'TestComputer3\', 1, \'virtualmachine\', \'10.10.11.13\', \'10.10.22.3\', \'20:22:78:33:02:05\', \'20:22:78:33:02:06\', 9, 10, 1, 1, 4096, 4, 3000, 1000, 1, 1, \'\', 31)'),(1,'2017-11-30 13:46:49','AJsaveResource','INSERT INTO resource (resourcetypeid, subid) VALUES (12, 4)'),(1,'2017-11-30 13:46:49','AJsaveResource','INSERT INTO computer (hostname, ownerid, type, IPaddress, privateIPaddress, eth0macaddress, eth1macaddress, provisioningid, stateid, platformid, scheduleid, RAM, procnumber, procspeed, network, currentimageid, imagerevisionid, location, predictivemoduleid) VALUES (\'TestComputer4\', 1, \'virtualmachine\', \'10.10.11.14\', \'10.10.22.4\', \'20:22:78:33:02:07\', \'20:22:78:33:02:08\', 9, 10, 1, 1, 4096, 4, 3000, 1000, 1, 1, \'\', 31)'),(1,'2017-11-30 13:46:49','AJsaveResource','INSERT INTO resource (resourcetypeid, subid) VALUES (12, 5)'),(1,'2017-11-30 13:46:49','AJsaveResource','INSERT INTO computer (hostname, ownerid, type, IPaddress, privateIPaddress, eth0macaddress, eth1macaddress, provisioningid, stateid, platformid, scheduleid, RAM, procnumber, procspeed, network, currentimageid, imagerevisionid, location, predictivemoduleid) VALUES (\'TestComputer5\', 1, \'virtualmachine\', \'10.10.11.15\', \'10.10.22.5\', \'20:22:78:33:02:09\', \'20:22:78:33:02:0a\', 9, 10, 1, 1, 4096, 4, 3000, 1000, 1, 1, \'\', 31)'),(1,'2017-11-30 13:46:49','AJsaveResource','INSERT INTO resource (resourcetypeid, subid) VALUES (12, 6)'),(1,'2017-11-30 13:46:49','AJsaveResource','INSERT INTO continuations (id, userid, expiretime, frommode, tomode, data, multicall, parentid, deletefromid) VALUES (\'c866fd9f5d023cda97c89cdb442bab9a\', 1, \'2017-12-07 13:46:49\', \'AJsaveResource\', \'AJaddRemGroupResource\', \'a:3:{s:3:\\\"obj\\\";O:8:\\\"Computer\\\":13:{s:7:\\\"restype\\\";s:8:\\\"computer\\\";s:11:\\\"restypename\\\";s:8:\\\"Computer\\\";s:10:\\\"hasmapping\\\";i:0;s:7:\\\"maptype\\\";s:0:\\\"\\\";s:11:\\\"maptypename\\\";s:0:\\\"\\\";s:9:\\\"basecdata\\\";a:1:{s:3:\\\"obj\\\";r:2;}s:18:\\\"defaultGetDataArgs\\\";a:3:{s:4:\\\"sort\\\";i:0;s:14:\\\"includedeleted\\\";i:0;s:5:\\\"rscid\\\";s:0:\\\"\\\";}s:9:\\\"deletable\\\";i:1;s:13:\\\"deletetoggled\\\";i:1;s:6:\\\"errmsg\\\";N;s:9:\\\"namefield\\\";s:8:\\\"hostname\\\";s:7:\\\"addable\\\";i:1;s:8:\\\"jsondata\\\";a:0:{}}s:6:\\\"newids\\\";a:5:{i:0;i:2;i:1;i:3;i:2;i:4;i:3;i:5;i:4;i:6;}s:4:\\\"mode\\\";s:3:\\\"add\\\";}\', 1, NULL, \'c866fd9f5d023cda97c89cdb442bab9a\')'),(1,'2017-11-30 13:46:49','AJsaveResource','INSERT INTO continuations (id, userid, expiretime, frommode, tomode, data, multicall, parentid, deletefromid) VALUES (\'4c0142fd0e013e0bf933c3a26d094807\', 1, \'2017-12-07 13:46:49\', \'AJsaveResource\', \'AJaddRemGroupResource\', \'a:3:{s:3:\\\"obj\\\";O:8:\\\"Computer\\\":13:{s:7:\\\"restype\\\";s:8:\\\"computer\\\";s:11:\\\"restypename\\\";s:8:\\\"Computer\\\";s:10:\\\"hasmapping\\\";i:0;s:7:\\\"maptype\\\";s:0:\\\"\\\";s:11:\\\"maptypename\\\";s:0:\\\"\\\";s:9:\\\"basecdata\\\";a:1:{s:3:\\\"obj\\\";r:2;}s:18:\\\"defaultGetDataArgs\\\";a:3:{s:4:\\\"sort\\\";i:0;s:14:\\\"includedeleted\\\";i:0;s:5:\\\"rscid\\\";s:0:\\\"\\\";}s:9:\\\"deletable\\\";i:1;s:13:\\\"deletetoggled\\\";i:1;s:6:\\\"errmsg\\\";N;s:9:\\\"namefield\\\";s:8:\\\"hostname\\\";s:7:\\\"addable\\\";i:1;s:8:\\\"jsondata\\\";a:0:{}}s:6:\\\"newids\\\";a:5:{i:0;i:2;i:1;i:3;i:2;i:4;i:3;i:5;i:4;i:6;}s:4:\\\"mode\\\";s:6:\\\"remove\\\";}\', 1, NULL, \'4c0142fd0e013e0bf933c3a26d094807\')'),(1,'2017-11-30 13:46:49','AJsaveResource','DELETE FROM semaphore WHERE procid = \'localhost-19590-5a20521913ece\''),(1,'2017-11-30 13:46:49','jsonResourceGroupingGroups','DELETE FROM semaphore WHERE procid = \'localhost-19590-5a20521937d70\''),(1,'2017-11-30 13:46:54','AJaddRemGroupResource','INSERT INTO continuations (id, userid, expiretime, frommode, tomode, data, multicall, parentid, deletefromid) VALUES (\'5d0547e1c6d83ffd887f8954eeb320eb\', 1, \'2017-12-01 13:46:54\', \'AJaddRemGroupResource\', \'changeLocale\', \'a:3:{s:2:\\\"IP\\\";s:9:\\\"127.0.0.1\\\";s:7:\\\"oldmode\\\";s:21:\\\"AJaddRemGroupResource\\\";s:6:\\\"locale\\\";s:5:\\\"en_US\\\";}\', 1, NULL, \'5d0547e1c6d83ffd887f8954eeb320eb\')'),(1,'2017-11-30 13:46:54','AJaddRemGroupResource','INSERT INTO continuations (id, userid, expiretime, frommode, tomode, data, multicall, parentid, deletefromid) VALUES (\'be31cf8d5bce01f32efe721964b2ee91\', 1, \'2017-12-01 13:46:54\', \'AJaddRemGroupResource\', \'changeLocale\', \'a:3:{s:2:\\\"IP\\\";s:9:\\\"127.0.0.1\\\";s:7:\\\"oldmode\\\";s:21:\\\"AJaddRemGroupResource\\\";s:6:\\\"locale\\\";s:5:\\\"es_CR\\\";}\', 1, NULL, \'be31cf8d5bce01f32efe721964b2ee91\')'),(1,'2017-11-30 13:46:54','AJaddRemGroupResource','INSERT INTO continuations (id, userid, expiretime, frommode, tomode, data, multicall, parentid, deletefromid) VALUES (\'c23df218b35b49be5d9f2b9ca9e0da43\', 1, \'2017-12-01 13:46:54\', \'AJaddRemGroupResource\', \'changeLocale\', \'a:3:{s:2:\\\"IP\\\";s:9:\\\"127.0.0.1\\\";s:7:\\\"oldmode\\\";s:21:\\\"AJaddRemGroupResource\\\";s:6:\\\"locale\\\";s:5:\\\"es_MX\\\";}\', 1, NULL, \'c23df218b35b49be5d9f2b9ca9e0da43\')'),(1,'2017-11-30 13:46:54','AJaddRemGroupResource','INSERT INTO continuations (id, userid, expiretime, frommode, tomode, data, multicall, parentid, deletefromid) VALUES (\'a5780cc545956c7dd586dcc8d42d2441\', 1, \'2017-12-01 13:46:54\', \'AJaddRemGroupResource\', \'changeLocale\', \'a:3:{s:2:\\\"IP\\\";s:9:\\\"127.0.0.1\\\";s:7:\\\"oldmode\\\";s:21:\\\"AJaddRemGroupResource\\\";s:6:\\\"locale\\\";s:5:\\\"fr_CA\\\";}\', 1, NULL, \'a5780cc545956c7dd586dcc8d42d2441\')'),(1,'2017-11-30 13:46:54','AJaddRemGroupResource','INSERT INTO continuations (id, userid, expiretime, frommode, tomode, data, multicall, parentid, deletefromid) VALUES (\'580d8e2c9446cdd096963a462765e6b9\', 1, \'2017-12-01 13:46:54\', \'AJaddRemGroupResource\', \'changeLocale\', \'a:3:{s:2:\\\"IP\\\";s:9:\\\"127.0.0.1\\\";s:7:\\\"oldmode\\\";s:21:\\\"AJaddRemGroupResource\\\";s:6:\\\"locale\\\";s:5:\\\"ja_JP\\\";}\', 1, NULL, \'580d8e2c9446cdd096963a462765e6b9\')'),(1,'2017-11-30 13:46:54','AJaddRemGroupResource','INSERT INTO continuations (id, userid, expiretime, frommode, tomode, data, multicall, parentid, deletefromid) VALUES (\'46bbcdbd1206277e109de05b61beaa93\', 1, \'2017-12-01 13:46:54\', \'AJaddRemGroupResource\', \'changeLocale\', \'a:3:{s:2:\\\"IP\\\";s:9:\\\"127.0.0.1\\\";s:7:\\\"oldmode\\\";s:21:\\\"AJaddRemGroupResource\\\";s:6:\\\"locale\\\";s:5:\\\"pt_PT\\\";}\', 1, NULL, \'46bbcdbd1206277e109de05b61beaa93\')'),(1,'2017-11-30 13:46:54','AJaddRemGroupResource','INSERT INTO continuations (id, userid, expiretime, frommode, tomode, data, multicall, parentid, deletefromid) VALUES (\'0116d450f63545e3ac24c607cf7d7811\', 1, \'2017-12-01 13:46:54\', \'AJaddRemGroupResource\', \'changeLocale\', \'a:3:{s:2:\\\"IP\\\";s:9:\\\"127.0.0.1\\\";s:7:\\\"oldmode\\\";s:21:\\\"AJaddRemGroupResource\\\";s:6:\\\"locale\\\";s:5:\\\"zh_CN\\\";}\', 1, NULL, \'0116d450f63545e3ac24c607cf7d7811\')'),(1,'2017-11-30 13:46:54','AJaddRemGroupResource','INSERT IGNORE INTO resourcegroupmembers (resourceid, resourcegroupid) VALUES (12, 5),(13, 5),(14, 5),(15, 5),(16, 5)'),(1,'2017-11-30 13:46:54','AJaddRemGroupResource','DELETE FROM semaphore WHERE procid = \'localhost-19590-5a20521e0f61d\''),(1,'2017-11-30 13:47:01','image','DELETE FROM semaphore WHERE procid = \'localhost-19802-5a2052251e823\''),(1,'2017-11-30 13:47:04','groupMapHTML','DELETE FROM semaphore WHERE procid = \'localhost-19802-5a2052280cdf3\''),(1,'2017-11-30 13:47:05','jsonResourceGroupingGroups','DELETE FROM semaphore WHERE procid = \'localhost-19819-5a205228e25d4\''),(1,'2017-11-30 13:47:05','jsonResourceGroupingResources','DELETE FROM semaphore WHERE procid = \'localhost-19802-5a205228e6d62\''),(1,'2017-11-30 13:47:05','jsonResourceMappingGroups','DELETE FROM semaphore WHERE procid = \'localhost-20413-5a20522913385\''),(1,'2017-11-30 13:47:05','jsonResourceMappingMapToGroups','DELETE FROM semaphore WHERE procid = \'localhost-18785-5a205228e504b\''),(1,'2017-11-30 13:47:09','jsonResourceGroupingResources','DELETE FROM semaphore WHERE procid = \'localhost-18785-5a20522d1390b\''),(1,'2017-11-30 13:47:11','AJaddRemResourceGroup','INSERT INTO continuations (id, userid, expiretime, frommode, tomode, data, multicall, parentid, deletefromid) VALUES (\'6f1cf7242ffce22e30bf68377482e4c4\', 1, \'2017-12-01 13:47:11\', \'AJaddRemResourceGroup\', \'changeLocale\', \'a:3:{s:2:\\\"IP\\\";s:9:\\\"127.0.0.1\\\";s:7:\\\"oldmode\\\";s:21:\\\"AJaddRemResourceGroup\\\";s:6:\\\"locale\\\";s:5:\\\"en_US\\\";}\', 1, NULL, \'6f1cf7242ffce22e30bf68377482e4c4\')'),(1,'2017-11-30 13:47:11','AJaddRemResourceGroup','INSERT INTO continuations (id, userid, expiretime, frommode, tomode, data, multicall, parentid, deletefromid) VALUES (\'4fb5173867e51f673a80edbceb900c08\', 1, \'2017-12-01 13:47:11\', \'AJaddRemResourceGroup\', \'changeLocale\', \'a:3:{s:2:\\\"IP\\\";s:9:\\\"127.0.0.1\\\";s:7:\\\"oldmode\\\";s:21:\\\"AJaddRemResourceGroup\\\";s:6:\\\"locale\\\";s:5:\\\"es_CR\\\";}\', 1, NULL, \'4fb5173867e51f673a80edbceb900c08\')'),(1,'2017-11-30 13:47:11','AJaddRemResourceGroup','INSERT INTO continuations (id, userid, expiretime, frommode, tomode, data, multicall, parentid, deletefromid) VALUES (\'06912da08a9c778e77ddc38da61ecc48\', 1, \'2017-12-01 13:47:11\', \'AJaddRemResourceGroup\', \'changeLocale\', \'a:3:{s:2:\\\"IP\\\";s:9:\\\"127.0.0.1\\\";s:7:\\\"oldmode\\\";s:21:\\\"AJaddRemResourceGroup\\\";s:6:\\\"locale\\\";s:5:\\\"es_MX\\\";}\', 1, NULL, \'06912da08a9c778e77ddc38da61ecc48\')'),(1,'2017-11-30 13:47:11','AJaddRemResourceGroup','INSERT INTO continuations (id, userid, expiretime, frommode, tomode, data, multicall, parentid, deletefromid) VALUES (\'a17790070858a3b36785171b6b9b697b\', 1, \'2017-12-01 13:47:11\', \'AJaddRemResourceGroup\', \'changeLocale\', \'a:3:{s:2:\\\"IP\\\";s:9:\\\"127.0.0.1\\\";s:7:\\\"oldmode\\\";s:21:\\\"AJaddRemResourceGroup\\\";s:6:\\\"locale\\\";s:5:\\\"fr_CA\\\";}\', 1, NULL, \'a17790070858a3b36785171b6b9b697b\')'),(1,'2017-11-30 13:47:11','AJaddRemResourceGroup','INSERT INTO continuations (id, userid, expiretime, frommode, tomode, data, multicall, parentid, deletefromid) VALUES (\'61adb42b2e750ef8479e5ea0d912362d\', 1, \'2017-12-01 13:47:11\', \'AJaddRemResourceGroup\', \'changeLocale\', \'a:3:{s:2:\\\"IP\\\";s:9:\\\"127.0.0.1\\\";s:7:\\\"oldmode\\\";s:21:\\\"AJaddRemResourceGroup\\\";s:6:\\\"locale\\\";s:5:\\\"ja_JP\\\";}\', 1, NULL, \'61adb42b2e750ef8479e5ea0d912362d\')'),(1,'2017-11-30 13:47:11','AJaddRemResourceGroup','INSERT INTO continuations (id, userid, expiretime, frommode, tomode, data, multicall, parentid, deletefromid) VALUES (\'2579163095799e2dd6e5940eeb4be954\', 1, \'2017-12-01 13:47:11\', \'AJaddRemResourceGroup\', \'changeLocale\', \'a:3:{s:2:\\\"IP\\\";s:9:\\\"127.0.0.1\\\";s:7:\\\"oldmode\\\";s:21:\\\"AJaddRemResourceGroup\\\";s:6:\\\"locale\\\";s:5:\\\"pt_PT\\\";}\', 1, NULL, \'2579163095799e2dd6e5940eeb4be954\')'),(1,'2017-11-30 13:47:11','AJaddRemResourceGroup','INSERT INTO continuations (id, userid, expiretime, frommode, tomode, data, multicall, parentid, deletefromid) VALUES (\'a2407a8f9c8ad7a0798dee2b53f8d015\', 1, \'2017-12-01 13:47:11\', \'AJaddRemResourceGroup\', \'changeLocale\', \'a:3:{s:2:\\\"IP\\\";s:9:\\\"127.0.0.1\\\";s:7:\\\"oldmode\\\";s:21:\\\"AJaddRemResourceGroup\\\";s:6:\\\"locale\\\";s:5:\\\"zh_CN\\\";}\', 1, NULL, \'a2407a8f9c8ad7a0798dee2b53f8d015\')'),(1,'2017-11-30 13:47:11','AJaddRemResourceGroup','INSERT IGNORE INTO resourcegroupmembers (resourceid, resourcegroupid) VALUES (10, 10)'),(1,'2017-11-30 13:47:11','AJaddRemResourceGroup','DELETE FROM semaphore WHERE procid = \'localhost-18785-5a20522f029dd\''),(1,'2017-11-30 13:47:15','jsonResourceMappingMapToGroups','DELETE FROM semaphore WHERE procid = \'localhost-18785-5a2052331cf47\''),(1,'2017-11-30 13:47:18','viewRequests','DELETE FROM semaphore WHERE procid = \'localhost-18785-5a205236597b3\''),(1,'2017-11-30 13:47:21','AJupdateWaitTime','INSERT INTO continuations (id, userid, expiretime, frommode, tomode, data, multicall, parentid, deletefromid) VALUES (\'f9773bd81d22b3aa5b8b8356b4bb8e91\', 1, \'2017-12-01 13:47:21\', \'AJupdateWaitTime\', \'changeLocale\', \'a:3:{s:2:\\\"IP\\\";s:9:\\\"127.0.0.1\\\";s:7:\\\"oldmode\\\";s:16:\\\"AJupdateWaitTime\\\";s:6:\\\"locale\\\";s:5:\\\"en_US\\\";}\', 1, NULL, \'f9773bd81d22b3aa5b8b8356b4bb8e91\')'),(1,'2017-11-30 13:47:21','AJupdateWaitTime','INSERT INTO continuations (id, userid, expiretime, frommode, tomode, data, multicall, parentid, deletefromid) VALUES (\'902b0089d410c726197fce4777eb09d0\', 1, \'2017-12-01 13:47:21\', \'AJupdateWaitTime\', \'changeLocale\', \'a:3:{s:2:\\\"IP\\\";s:9:\\\"127.0.0.1\\\";s:7:\\\"oldmode\\\";s:16:\\\"AJupdateWaitTime\\\";s:6:\\\"locale\\\";s:5:\\\"es_CR\\\";}\', 1, NULL, \'902b0089d410c726197fce4777eb09d0\')'),(1,'2017-11-30 13:47:21','AJupdateWaitTime','INSERT INTO continuations (id, userid, expiretime, frommode, tomode, data, multicall, parentid, deletefromid) VALUES (\'d6ecced45c256ece0426c4ea8a0b1eb5\', 1, \'2017-12-01 13:47:21\', \'AJupdateWaitTime\', \'changeLocale\', \'a:3:{s:2:\\\"IP\\\";s:9:\\\"127.0.0.1\\\";s:7:\\\"oldmode\\\";s:16:\\\"AJupdateWaitTime\\\";s:6:\\\"locale\\\";s:5:\\\"es_MX\\\";}\', 1, NULL, \'d6ecced45c256ece0426c4ea8a0b1eb5\')'),(1,'2017-11-30 13:47:21','AJupdateWaitTime','INSERT INTO continuations (id, userid, expiretime, frommode, tomode, data, multicall, parentid, deletefromid) VALUES (\'c7fb4b7620e8fda8a15b69c5df1832b8\', 1, \'2017-12-01 13:47:21\', \'AJupdateWaitTime\', \'changeLocale\', \'a:3:{s:2:\\\"IP\\\";s:9:\\\"127.0.0.1\\\";s:7:\\\"oldmode\\\";s:16:\\\"AJupdateWaitTime\\\";s:6:\\\"locale\\\";s:5:\\\"fr_CA\\\";}\', 1, NULL, \'c7fb4b7620e8fda8a15b69c5df1832b8\')'),(1,'2017-11-30 13:47:21','AJupdateWaitTime','INSERT INTO continuations (id, userid, expiretime, frommode, tomode, data, multicall, parentid, deletefromid) VALUES (\'974db8a3dbc03ab3008bc3781b0bb5b7\', 1, \'2017-12-01 13:47:21\', \'AJupdateWaitTime\', \'changeLocale\', \'a:3:{s:2:\\\"IP\\\";s:9:\\\"127.0.0.1\\\";s:7:\\\"oldmode\\\";s:16:\\\"AJupdateWaitTime\\\";s:6:\\\"locale\\\";s:5:\\\"ja_JP\\\";}\', 1, NULL, \'974db8a3dbc03ab3008bc3781b0bb5b7\')'),(1,'2017-11-30 13:47:21','AJupdateWaitTime','INSERT INTO continuations (id, userid, expiretime, frommode, tomode, data, multicall, parentid, deletefromid) VALUES (\'4a3c936135e950e28cbf3f443fc70980\', 1, \'2017-12-01 13:47:21\', \'AJupdateWaitTime\', \'changeLocale\', \'a:3:{s:2:\\\"IP\\\";s:9:\\\"127.0.0.1\\\";s:7:\\\"oldmode\\\";s:16:\\\"AJupdateWaitTime\\\";s:6:\\\"locale\\\";s:5:\\\"pt_PT\\\";}\', 1, NULL, \'4a3c936135e950e28cbf3f443fc70980\')'),(1,'2017-11-30 13:47:21','AJupdateWaitTime','INSERT INTO continuations (id, userid, expiretime, frommode, tomode, data, multicall, parentid, deletefromid) VALUES (\'a81f59453290a9ba577c3f5be292052b\', 1, \'2017-12-01 13:47:21\', \'AJupdateWaitTime\', \'changeLocale\', \'a:3:{s:2:\\\"IP\\\";s:9:\\\"127.0.0.1\\\";s:7:\\\"oldmode\\\";s:16:\\\"AJupdateWaitTime\\\";s:6:\\\"locale\\\";s:5:\\\"zh_CN\\\";}\', 1, NULL, \'a81f59453290a9ba577c3f5be292052b\')'),(1,'2017-11-30 13:47:21','AJupdateWaitTime','INSERT INTO continuations (id, userid, expiretime, frommode, tomode, data, multicall, parentid, deletefromid) VALUES (\'ba4f114708700d5a818488a18894eb9c\', 1, \'2017-12-07 13:47:21\', \'AJupdateWaitTime\', \'AJshowRequestSuggestedTimes\', \'a:5:{s:3:\\\"now\\\";i:1;s:5:\\\"start\\\";i:1512067500;s:3:\\\"end\\\";i:1512072000;s:6:\\\"server\\\";i:0;s:7:\\\"imageid\\\";s:1:\\\"2\\\";}\', 1, NULL, \'ba4f114708700d5a818488a18894eb9c\')'),(1,'2017-11-30 13:47:21','AJupdateWaitTime','DELETE FROM semaphore WHERE procid = \'localhost-18785-5a2052396d3da\''),(1,'2017-11-30 13:47:21','AJshowRequestSuggestedTimes','INSERT INTO continuations (id, userid, expiretime, frommode, tomode, data, multicall, parentid, deletefromid) VALUES (\'ec395db55d0a0280fa6ac156eb9dace7\', 1, \'2017-12-01 13:47:21\', \'AJshowRequestSuggestedTimes\', \'changeLocale\', \'a:3:{s:2:\\\"IP\\\";s:9:\\\"127.0.0.1\\\";s:7:\\\"oldmode\\\";s:27:\\\"AJshowRequestSuggestedTimes\\\";s:6:\\\"locale\\\";s:5:\\\"en_US\\\";}\', 1, NULL, \'ec395db55d0a0280fa6ac156eb9dace7\')'),(1,'2017-11-30 13:47:21','AJshowRequestSuggestedTimes','INSERT INTO continuations (id, userid, expiretime, frommode, tomode, data, multicall, parentid, deletefromid) VALUES (\'bb3908c4474c9b5cf80b2da3eefe0808\', 1, \'2017-12-01 13:47:21\', \'AJshowRequestSuggestedTimes\', \'changeLocale\', \'a:3:{s:2:\\\"IP\\\";s:9:\\\"127.0.0.1\\\";s:7:\\\"oldmode\\\";s:27:\\\"AJshowRequestSuggestedTimes\\\";s:6:\\\"locale\\\";s:5:\\\"es_CR\\\";}\', 1, NULL, \'bb3908c4474c9b5cf80b2da3eefe0808\')'),(1,'2017-11-30 13:47:21','AJshowRequestSuggestedTimes','INSERT INTO continuations (id, userid, expiretime, frommode, tomode, data, multicall, parentid, deletefromid) VALUES (\'3016a7214b4666b5ae99741843b2a85c\', 1, \'2017-12-01 13:47:21\', \'AJshowRequestSuggestedTimes\', \'changeLocale\', \'a:3:{s:2:\\\"IP\\\";s:9:\\\"127.0.0.1\\\";s:7:\\\"oldmode\\\";s:27:\\\"AJshowRequestSuggestedTimes\\\";s:6:\\\"locale\\\";s:5:\\\"es_MX\\\";}\', 1, NULL, \'3016a7214b4666b5ae99741843b2a85c\')'),(1,'2017-11-30 13:47:21','AJshowRequestSuggestedTimes','INSERT INTO continuations (id, userid, expiretime, frommode, tomode, data, multicall, parentid, deletefromid) VALUES (\'0a32a04247c23d173b2a3fdf6ec070b8\', 1, \'2017-12-01 13:47:21\', \'AJshowRequestSuggestedTimes\', \'changeLocale\', \'a:3:{s:2:\\\"IP\\\";s:9:\\\"127.0.0.1\\\";s:7:\\\"oldmode\\\";s:27:\\\"AJshowRequestSuggestedTimes\\\";s:6:\\\"locale\\\";s:5:\\\"fr_CA\\\";}\', 1, NULL, \'0a32a04247c23d173b2a3fdf6ec070b8\')'),(1,'2017-11-30 13:47:21','AJshowRequestSuggestedTimes','INSERT INTO continuations (id, userid, expiretime, frommode, tomode, data, multicall, parentid, deletefromid) VALUES (\'8dc201f7e72e8283bd951f92b63730b6\', 1, \'2017-12-01 13:47:21\', \'AJshowRequestSuggestedTimes\', \'changeLocale\', \'a:3:{s:2:\\\"IP\\\";s:9:\\\"127.0.0.1\\\";s:7:\\\"oldmode\\\";s:27:\\\"AJshowRequestSuggestedTimes\\\";s:6:\\\"locale\\\";s:5:\\\"ja_JP\\\";}\', 1, NULL, \'8dc201f7e72e8283bd951f92b63730b6\')'),(1,'2017-11-30 13:47:21','AJshowRequestSuggestedTimes','INSERT INTO continuations (id, userid, expiretime, frommode, tomode, data, multicall, parentid, deletefromid) VALUES (\'00222421fd7bd297705d0804d0a5a6cb\', 1, \'2017-12-01 13:47:21\', \'AJshowRequestSuggestedTimes\', \'changeLocale\', \'a:3:{s:2:\\\"IP\\\";s:9:\\\"127.0.0.1\\\";s:7:\\\"oldmode\\\";s:27:\\\"AJshowRequestSuggestedTimes\\\";s:6:\\\"locale\\\";s:5:\\\"pt_PT\\\";}\', 1, NULL, \'00222421fd7bd297705d0804d0a5a6cb\')'),(1,'2017-11-30 13:47:21','AJshowRequestSuggestedTimes','INSERT INTO continuations (id, userid, expiretime, frommode, tomode, data, multicall, parentid, deletefromid) VALUES (\'0187188ee1de042b5df01670676f0457\', 1, \'2017-12-01 13:47:21\', \'AJshowRequestSuggestedTimes\', \'changeLocale\', \'a:3:{s:2:\\\"IP\\\";s:9:\\\"127.0.0.1\\\";s:7:\\\"oldmode\\\";s:27:\\\"AJshowRequestSuggestedTimes\\\";s:6:\\\"locale\\\";s:5:\\\"zh_CN\\\";}\', 1, NULL, \'0187188ee1de042b5df01670676f0457\')'),(1,'2017-11-30 13:47:21','AJshowRequestSuggestedTimes','DELETE FROM semaphore WHERE procid = \'localhost-18785-5a205239b6368\''),(1,'2017-11-30 14:33:50','main','DELETE FROM semaphore WHERE procid = \'localhost-23136-5a205d1edc310\''),(1,'2017-11-30 14:33:52','viewRequests','DELETE FROM semaphore WHERE procid = \'localhost-23136-5a205d20dc6ad\''),(1,'2017-11-30 14:33:53','AJsetTZoffset','DELETE FROM semaphore WHERE procid = \'localhost-23138-5a205d2193cb7\''),(1,'2017-11-30 14:33:53','viewRequests','INSERT IGNORE INTO imageconnectmethods SELECT DISTINCT i.id, ir.id, c.id, c.description, cm.disabled FROM image i LEFT JOIN OS o ON (o.id = i.OSid) LEFT JOIN OStype ot ON (ot.name = o.type) LEFT JOIN imagerevision ir ON (ir.imageid = i.id) LEFT JOIN connectmethodmap cm ON (cm.OStypeid = ot.id) LEFT JOIN connectmethod c ON (cm.connectmethodid = c.id) WHERE cm.autoprovisioned IS NULL HAVING c.id IS NOT NULL ORDER BY i.id, cm.disabled, c.description'),(1,'2017-11-30 14:33:53','viewRequests','INSERT IGNORE INTO imageconnectmethods SELECT DISTINCT i.id, ir.id, c.id, c.description, cm.disabled FROM image i LEFT JOIN OS o ON (o.id = i.OSid) LEFT JOIN OStype ot ON (ot.name = o.type) LEFT JOIN imagerevision ir ON (ir.imageid = i.id) LEFT JOIN connectmethodmap cm ON (cm.OSid = o.id) LEFT JOIN connectmethod c ON (cm.connectmethodid = c.id) WHERE cm.autoprovisioned IS NULL HAVING c.id IS NOT NULL ORDER BY i.id, cm.disabled, c.description'),(1,'2017-11-30 14:33:53','viewRequests','INSERT IGNORE INTO imageconnectmethods SELECT DISTINCT i.id, ir.id, c.id, c.description, cm.disabled FROM image i LEFT JOIN OS o ON (o.id = i.OSid) LEFT JOIN OStype ot ON (ot.name = o.type) LEFT JOIN imagerevision ir ON (ir.imageid = i.id) LEFT JOIN connectmethodmap cm ON (cm.imagerevisionid = ir.id) LEFT JOIN connectmethod c ON (cm.connectmethodid = c.id) WHERE cm.autoprovisioned IS NULL HAVING c.id IS NOT NULL ORDER BY i.id, cm.disabled, c.description'),(1,'2017-11-30 14:33:53','viewRequests','DELETE FROM semaphore WHERE procid = \'localhost-23150-5a205d219bc0b\''),(1,'2017-11-30 14:33:56','AJupdateWaitTime','INSERT INTO continuations (id, userid, expiretime, frommode, tomode, data, multicall, parentid, deletefromid) VALUES (\'0a68d0b092d6bb658239a5ad7c146635\', 1, \'2017-12-07 14:33:56\', \'AJupdateWaitTime\', \'AJshowRequestSuggestedTimes\', \'a:5:{s:3:\\\"now\\\";i:1;s:5:\\\"start\\\";i:1512070200;s:3:\\\"end\\\";i:1512074700;s:6:\\\"server\\\";i:0;s:7:\\\"imageid\\\";s:1:\\\"2\\\";}\', 1, NULL, \'0a68d0b092d6bb658239a5ad7c146635\')'),(1,'2017-11-30 14:33:56','AJupdateWaitTime','DELETE FROM semaphore WHERE procid = \'localhost-23150-5a205d23ea1a9\''),(1,'2017-11-30 14:33:56','AJshowRequestSuggestedTimes','DELETE FROM semaphore WHERE procid = \'localhost-23138-5a205d242bb92\''),(1,'2017-11-30 14:34:07','image','DELETE FROM semaphore WHERE procid = \'localhost-23207-5a205d2f1b74b\''),(1,'2017-11-30 14:34:09','groupMapHTML','DELETE FROM semaphore WHERE procid = \'localhost-23207-5a205d3171506\''),(1,'2017-11-30 14:34:10','jsonResourceGroupingResources','DELETE FROM semaphore WHERE procid = \'localhost-23207-5a205d3231a23\''),(1,'2017-11-30 14:34:10','jsonResourceMappingMapToGroups','DELETE FROM semaphore WHERE procid = \'localhost-23224-5a205d3234a7b\''),(1,'2017-11-30 14:34:10','jsonResourceGroupingGroups','DELETE FROM semaphore WHERE procid = \'localhost-23220-5a205d323d364\''),(1,'2017-11-30 14:34:10','jsonResourceMappingGroups','DELETE FROM semaphore WHERE procid = \'localhost-23221-5a205d323d541\''),(1,'2017-11-30 14:34:12','jsonResourceGroupingGroups','DELETE FROM semaphore WHERE procid = \'localhost-23221-5a205d342775d\''),(1,'2017-11-30 14:34:19','jsonResourceMappingMapToGroups','DELETE FROM semaphore WHERE procid = \'localhost-23267-5a205d3b55fe3\''),(1,'2017-11-30 14:34:29','computer','INSERT INTO continuations (id, userid, expiretime, frommode, tomode, data, multicall, parentid, deletefromid) VALUES (\'aeed4156ef17a70a04cc8fa0da0367c3\', 1, \'2017-12-07 14:34:29\', \'computer\', \'groupMapHTML\', \'a:1:{s:3:\\\"obj\\\";O:8:\\\"Computer\\\":13:{s:7:\\\"restype\\\";s:8:\\\"computer\\\";s:11:\\\"restypename\\\";s:8:\\\"Computer\\\";s:10:\\\"hasmapping\\\";i:0;s:7:\\\"maptype\\\";s:0:\\\"\\\";s:11:\\\"maptypename\\\";s:0:\\\"\\\";s:9:\\\"basecdata\\\";a:1:{s:3:\\\"obj\\\";r:2;}s:18:\\\"defaultGetDataArgs\\\";a:3:{s:4:\\\"sort\\\";i:0;s:14:\\\"includedeleted\\\";i:0;s:5:\\\"rscid\\\";s:0:\\\"\\\";}s:9:\\\"deletable\\\";i:1;s:13:\\\"deletetoggled\\\";i:1;s:6:\\\"errmsg\\\";N;s:9:\\\"namefield\\\";s:8:\\\"hostname\\\";s:7:\\\"addable\\\";i:1;s:8:\\\"jsondata\\\";a:0:{}}}\', 1, NULL, \'aeed4156ef17a70a04cc8fa0da0367c3\')'),(1,'2017-11-30 14:34:29','computer','DELETE FROM semaphore WHERE procid = \'localhost-23275-5a205d45101f7\''),(1,'2017-11-30 14:34:32','groupMapHTML','INSERT INTO continuations (id, userid, expiretime, frommode, tomode, data, multicall, parentid, deletefromid) VALUES (\'d2fd395f3305a1c3c894ea6e12d6de67\', 1, \'2017-12-07 14:34:32\', \'groupMapHTML\', \'AJaddRemGroupResource\', \'a:2:{s:3:\\\"obj\\\";O:8:\\\"Computer\\\":13:{s:7:\\\"restype\\\";s:8:\\\"computer\\\";s:11:\\\"restypename\\\";s:8:\\\"Computer\\\";s:10:\\\"hasmapping\\\";i:0;s:7:\\\"maptype\\\";s:0:\\\"\\\";s:11:\\\"maptypename\\\";s:0:\\\"\\\";s:9:\\\"basecdata\\\";a:1:{s:3:\\\"obj\\\";r:2;}s:18:\\\"defaultGetDataArgs\\\";a:3:{s:4:\\\"sort\\\";i:0;s:14:\\\"includedeleted\\\";i:0;s:5:\\\"rscid\\\";s:0:\\\"\\\";}s:9:\\\"deletable\\\";i:1;s:13:\\\"deletetoggled\\\";i:1;s:6:\\\"errmsg\\\";N;s:9:\\\"namefield\\\";s:8:\\\"hostname\\\";s:7:\\\"addable\\\";i:1;s:8:\\\"jsondata\\\";a:0:{}}s:4:\\\"mode\\\";s:3:\\\"add\\\";}\', 1, NULL, \'d2fd395f3305a1c3c894ea6e12d6de67\')'),(1,'2017-11-30 14:34:32','groupMapHTML','INSERT INTO continuations (id, userid, expiretime, frommode, tomode, data, multicall, parentid, deletefromid) VALUES (\'f46e009e2def07c3223d807e32681415\', 1, \'2017-12-07 14:34:32\', \'groupMapHTML\', \'AJaddRemGroupResource\', \'a:2:{s:3:\\\"obj\\\";O:8:\\\"Computer\\\":13:{s:7:\\\"restype\\\";s:8:\\\"computer\\\";s:11:\\\"restypename\\\";s:8:\\\"Computer\\\";s:10:\\\"hasmapping\\\";i:0;s:7:\\\"maptype\\\";s:0:\\\"\\\";s:11:\\\"maptypename\\\";s:0:\\\"\\\";s:9:\\\"basecdata\\\";a:1:{s:3:\\\"obj\\\";r:2;}s:18:\\\"defaultGetDataArgs\\\";a:3:{s:4:\\\"sort\\\";i:0;s:14:\\\"includedeleted\\\";i:0;s:5:\\\"rscid\\\";s:0:\\\"\\\";}s:9:\\\"deletable\\\";i:1;s:13:\\\"deletetoggled\\\";i:1;s:6:\\\"errmsg\\\";N;s:9:\\\"namefield\\\";s:8:\\\"hostname\\\";s:7:\\\"addable\\\";i:1;s:8:\\\"jsondata\\\";a:0:{}}s:4:\\\"mode\\\";s:6:\\\"remove\\\";}\', 1, NULL, \'f46e009e2def07c3223d807e32681415\')'),(1,'2017-11-30 14:34:32','groupMapHTML','INSERT INTO continuations (id, userid, expiretime, frommode, tomode, data, multicall, parentid, deletefromid) VALUES (\'ab137934c292b957dd84d3bd60706d8f\', 1, \'2017-12-07 14:34:32\', \'groupMapHTML\', \'jsonResourceGroupingGroups\', \'a:4:{s:3:\\\"obj\\\";O:8:\\\"Computer\\\":13:{s:7:\\\"restype\\\";s:8:\\\"computer\\\";s:11:\\\"restypename\\\";s:8:\\\"Computer\\\";s:10:\\\"hasmapping\\\";i:0;s:7:\\\"maptype\\\";s:0:\\\"\\\";s:11:\\\"maptypename\\\";s:0:\\\"\\\";s:9:\\\"basecdata\\\";a:1:{s:3:\\\"obj\\\";r:2;}s:18:\\\"defaultGetDataArgs\\\";a:3:{s:4:\\\"sort\\\";i:0;s:14:\\\"includedeleted\\\";i:0;s:5:\\\"rscid\\\";s:0:\\\"\\\";}s:9:\\\"deletable\\\";i:1;s:13:\\\"deletetoggled\\\";i:1;s:6:\\\"errmsg\\\";N;s:9:\\\"namefield\\\";s:8:\\\"hostname\\\";s:7:\\\"addable\\\";i:1;s:8:\\\"jsondata\\\";a:0:{}}s:5:\\\"store\\\";s:21:\\\"resourcetogroupsstore\\\";s:7:\\\"intitle\\\";s:8:\\\"ingroups\\\";s:8:\\\"outtitle\\\";s:9:\\\"outgroups\\\";}\', 1, NULL, \'ab137934c292b957dd84d3bd60706d8f\')'),(1,'2017-11-30 14:34:32','groupMapHTML','INSERT INTO continuations (id, userid, expiretime, frommode, tomode, data, multicall, parentid, deletefromid) VALUES (\'37e8bf966989805557b2c41970db0981\', 1, \'2017-12-07 14:34:32\', \'groupMapHTML\', \'AJaddRemResourceGroup\', \'a:2:{s:3:\\\"obj\\\";O:8:\\\"Computer\\\":13:{s:7:\\\"restype\\\";s:8:\\\"computer\\\";s:11:\\\"restypename\\\";s:8:\\\"Computer\\\";s:10:\\\"hasmapping\\\";i:0;s:7:\\\"maptype\\\";s:0:\\\"\\\";s:11:\\\"maptypename\\\";s:0:\\\"\\\";s:9:\\\"basecdata\\\";a:1:{s:3:\\\"obj\\\";r:2;}s:18:\\\"defaultGetDataArgs\\\";a:3:{s:4:\\\"sort\\\";i:0;s:14:\\\"includedeleted\\\";i:0;s:5:\\\"rscid\\\";s:0:\\\"\\\";}s:9:\\\"deletable\\\";i:1;s:13:\\\"deletetoggled\\\";i:1;s:6:\\\"errmsg\\\";N;s:9:\\\"namefield\\\";s:8:\\\"hostname\\\";s:7:\\\"addable\\\";i:1;s:8:\\\"jsondata\\\";a:0:{}}s:4:\\\"mode\\\";s:3:\\\"add\\\";}\', 1, NULL, \'37e8bf966989805557b2c41970db0981\')'),(1,'2017-11-30 14:34:32','groupMapHTML','INSERT INTO continuations (id, userid, expiretime, frommode, tomode, data, multicall, parentid, deletefromid) VALUES (\'3405c1cf1fef76f15cea944c28772c79\', 1, \'2017-12-07 14:34:32\', \'groupMapHTML\', \'AJaddRemResourceGroup\', \'a:2:{s:3:\\\"obj\\\";O:8:\\\"Computer\\\":13:{s:7:\\\"restype\\\";s:8:\\\"computer\\\";s:11:\\\"restypename\\\";s:8:\\\"Computer\\\";s:10:\\\"hasmapping\\\";i:0;s:7:\\\"maptype\\\";s:0:\\\"\\\";s:11:\\\"maptypename\\\";s:0:\\\"\\\";s:9:\\\"basecdata\\\";a:1:{s:3:\\\"obj\\\";r:2;}s:18:\\\"defaultGetDataArgs\\\";a:3:{s:4:\\\"sort\\\";i:0;s:14:\\\"includedeleted\\\";i:0;s:5:\\\"rscid\\\";s:0:\\\"\\\";}s:9:\\\"deletable\\\";i:1;s:13:\\\"deletetoggled\\\";i:1;s:6:\\\"errmsg\\\";N;s:9:\\\"namefield\\\";s:8:\\\"hostname\\\";s:7:\\\"addable\\\";i:1;s:8:\\\"jsondata\\\";a:0:{}}s:4:\\\"mode\\\";s:6:\\\"remove\\\";}\', 1, NULL, \'3405c1cf1fef76f15cea944c28772c79\')'),(1,'2017-11-30 14:34:32','groupMapHTML','INSERT INTO continuations (id, userid, expiretime, frommode, tomode, data, multicall, parentid, deletefromid) VALUES (\'454594484508ba730c0f5d98c94f8141\', 1, \'2017-12-07 14:34:32\', \'groupMapHTML\', \'jsonResourceGroupingResources\', \'a:4:{s:3:\\\"obj\\\";O:8:\\\"Computer\\\":13:{s:7:\\\"restype\\\";s:8:\\\"computer\\\";s:11:\\\"restypename\\\";s:8:\\\"Computer\\\";s:10:\\\"hasmapping\\\";i:0;s:7:\\\"maptype\\\";s:0:\\\"\\\";s:11:\\\"maptypename\\\";s:0:\\\"\\\";s:9:\\\"basecdata\\\";a:1:{s:3:\\\"obj\\\";r:2;}s:18:\\\"defaultGetDataArgs\\\";a:3:{s:4:\\\"sort\\\";i:0;s:14:\\\"includedeleted\\\";i:0;s:5:\\\"rscid\\\";s:0:\\\"\\\";}s:9:\\\"deletable\\\";i:1;s:13:\\\"deletetoggled\\\";i:1;s:6:\\\"errmsg\\\";N;s:9:\\\"namefield\\\";s:8:\\\"hostname\\\";s:7:\\\"addable\\\";i:1;s:8:\\\"jsondata\\\";a:0:{}}s:5:\\\"store\\\";s:21:\\\"grouptoresourcesstore\\\";s:7:\\\"intitle\\\";s:11:\\\"inresources\\\";s:8:\\\"outtitle\\\";s:12:\\\"outresources\\\";}\', 1, NULL, \'454594484508ba730c0f5d98c94f8141\')'),(1,'2017-11-30 14:34:32','groupMapHTML','DELETE FROM semaphore WHERE procid = \'localhost-23275-5a205d47df644\''),(1,'2017-11-30 14:34:32','jsonResourceGroupingGroups','DELETE FROM semaphore WHERE procid = \'localhost-23282-5a205d4887fa3\''),(1,'2017-11-30 14:34:32','jsonResourceGroupingResources','DELETE FROM semaphore WHERE procid = \'localhost-23275-5a205d48996ab\''),(1,'2017-11-30 14:34:37','jsonResourceGroupingResources','DELETE FROM semaphore WHERE procid = \'localhost-23275-5a205d4d8f726\''),(1,'2017-11-30 14:34:40','viewRequests','DELETE FROM semaphore WHERE procid = \'localhost-23275-5a205d5042351\''),(1,'2017-11-30 14:34:44','editVMInfo','INSERT INTO continuations (id, userid, expiretime, frommode, tomode, data, multicall, parentid, deletefromid) VALUES (\'978be7e0b3792ec96a21b6759de2511d\', 1, \'2017-12-01 14:34:44\', \'editVMInfo\', \'changeLocale\', \'a:3:{s:2:\\\"IP\\\";s:9:\\\"127.0.0.1\\\";s:7:\\\"oldmode\\\";s:10:\\\"editVMInfo\\\";s:6:\\\"locale\\\";s:5:\\\"en_US\\\";}\', 1, NULL, \'978be7e0b3792ec96a21b6759de2511d\')'),(1,'2017-11-30 14:34:44','editVMInfo','INSERT INTO continuations (id, userid, expiretime, frommode, tomode, data, multicall, parentid, deletefromid) VALUES (\'aabdcdb7e36cf37c11e3d236e8c75f1f\', 1, \'2017-12-01 14:34:44\', \'editVMInfo\', \'changeLocale\', \'a:3:{s:2:\\\"IP\\\";s:9:\\\"127.0.0.1\\\";s:7:\\\"oldmode\\\";s:10:\\\"editVMInfo\\\";s:6:\\\"locale\\\";s:5:\\\"es_CR\\\";}\', 1, NULL, \'aabdcdb7e36cf37c11e3d236e8c75f1f\')'),(1,'2017-11-30 14:34:44','editVMInfo','INSERT INTO continuations (id, userid, expiretime, frommode, tomode, data, multicall, parentid, deletefromid) VALUES (\'a1c38e6049d956533ec2d27fde7d9f46\', 1, \'2017-12-01 14:34:44\', \'editVMInfo\', \'changeLocale\', \'a:3:{s:2:\\\"IP\\\";s:9:\\\"127.0.0.1\\\";s:7:\\\"oldmode\\\";s:10:\\\"editVMInfo\\\";s:6:\\\"locale\\\";s:5:\\\"es_MX\\\";}\', 1, NULL, \'a1c38e6049d956533ec2d27fde7d9f46\')'),(1,'2017-11-30 14:34:44','editVMInfo','INSERT INTO continuations (id, userid, expiretime, frommode, tomode, data, multicall, parentid, deletefromid) VALUES (\'78e8dd24b134f2f5f7d8983a7058ca69\', 1, \'2017-12-01 14:34:44\', \'editVMInfo\', \'changeLocale\', \'a:3:{s:2:\\\"IP\\\";s:9:\\\"127.0.0.1\\\";s:7:\\\"oldmode\\\";s:10:\\\"editVMInfo\\\";s:6:\\\"locale\\\";s:5:\\\"fr_CA\\\";}\', 1, NULL, \'78e8dd24b134f2f5f7d8983a7058ca69\')'),(1,'2017-11-30 14:34:44','editVMInfo','INSERT INTO continuations (id, userid, expiretime, frommode, tomode, data, multicall, parentid, deletefromid) VALUES (\'efb45f2db6f916c8f9c060f21d35660e\', 1, \'2017-12-01 14:34:44\', \'editVMInfo\', \'changeLocale\', \'a:3:{s:2:\\\"IP\\\";s:9:\\\"127.0.0.1\\\";s:7:\\\"oldmode\\\";s:10:\\\"editVMInfo\\\";s:6:\\\"locale\\\";s:5:\\\"ja_JP\\\";}\', 1, NULL, \'efb45f2db6f916c8f9c060f21d35660e\')'),(1,'2017-11-30 14:34:44','editVMInfo','INSERT INTO continuations (id, userid, expiretime, frommode, tomode, data, multicall, parentid, deletefromid) VALUES (\'ac30d5edeacfca679a4b843ee1be14f1\', 1, \'2017-12-01 14:34:44\', \'editVMInfo\', \'changeLocale\', \'a:3:{s:2:\\\"IP\\\";s:9:\\\"127.0.0.1\\\";s:7:\\\"oldmode\\\";s:10:\\\"editVMInfo\\\";s:6:\\\"locale\\\";s:5:\\\"pt_PT\\\";}\', 1, NULL, \'ac30d5edeacfca679a4b843ee1be14f1\')'),(1,'2017-11-30 14:34:44','editVMInfo','INSERT INTO continuations (id, userid, expiretime, frommode, tomode, data, multicall, parentid, deletefromid) VALUES (\'1ac1000a16e74815ab6d50fda53a33f3\', 1, \'2017-12-01 14:34:44\', \'editVMInfo\', \'changeLocale\', \'a:3:{s:2:\\\"IP\\\";s:9:\\\"127.0.0.1\\\";s:7:\\\"oldmode\\\";s:10:\\\"editVMInfo\\\";s:6:\\\"locale\\\";s:5:\\\"zh_CN\\\";}\', 1, NULL, \'1ac1000a16e74815ab6d50fda53a33f3\')'),(1,'2017-11-30 14:34:44','editVMInfo','INSERT INTO continuations (id, userid, expiretime, frommode, tomode, data, multicall, parentid, deletefromid) VALUES (\'f5bfe4fa3731f1ebd225d658364134ad\', 1, \'2017-12-07 14:34:44\', \'editVMInfo\', \'vmhostdata\', \'a:0:{}\', 1, NULL, \'f5bfe4fa3731f1ebd225d658364134ad\')'),(1,'2017-11-30 14:34:44','editVMInfo','INSERT INTO continuations (id, userid, expiretime, frommode, tomode, data, multicall, parentid, deletefromid) VALUES (\'68090166650a73e7eeb77042aec027b0\', 1, \'2017-12-07 14:34:44\', \'editVMInfo\', \'AJcancelVMmove\', \'a:0:{}\', 1, NULL, \'68090166650a73e7eeb77042aec027b0\')'),(1,'2017-11-30 14:34:44','editVMInfo','INSERT INTO continuations (id, userid, expiretime, frommode, tomode, data, multicall, parentid, deletefromid) VALUES (\'d325c4fbeb88a172aacb73ff370899c6\', 1, \'2017-12-07 14:34:44\', \'editVMInfo\', \'AJvmToHost\', \'a:0:{}\', 1, NULL, \'d325c4fbeb88a172aacb73ff370899c6\')'),(1,'2017-11-30 14:34:44','editVMInfo','INSERT INTO continuations (id, userid, expiretime, frommode, tomode, data, multicall, parentid, deletefromid) VALUES (\'65fd7f054da54c559cffc502daeb21e8\', 1, \'2017-12-07 14:34:44\', \'editVMInfo\', \'AJvmFromHost\', \'a:0:{}\', 1, NULL, \'65fd7f054da54c559cffc502daeb21e8\')'),(1,'2017-11-30 14:34:44','editVMInfo','INSERT INTO continuations (id, userid, expiretime, frommode, tomode, data, multicall, parentid, deletefromid) VALUES (\'1e986ab54d0762aecec02e0f8d752536\', 1, \'2017-12-07 14:34:44\', \'editVMInfo\', \'AJprofiledata\', \'a:0:{}\', 1, NULL, \'1e986ab54d0762aecec02e0f8d752536\')'),(1,'2017-11-30 14:34:44','editVMInfo','INSERT INTO continuations (id, userid, expiretime, frommode, tomode, data, multicall, parentid, deletefromid) VALUES (\'054dbe72eb2db2c86e1a509661931c24\', 1, \'2017-12-07 14:34:44\', \'editVMInfo\', \'AJnewProfile\', \'a:0:{}\', 1, NULL, \'054dbe72eb2db2c86e1a509661931c24\')'),(1,'2017-11-30 14:34:44','editVMInfo','INSERT INTO continuations (id, userid, expiretime, frommode, tomode, data, multicall, parentid, deletefromid) VALUES (\'247020439835787be229bf07bde12215\', 1, \'2017-12-07 14:34:44\', \'editVMInfo\', \'AJdelProfile\', \'a:0:{}\', 1, NULL, \'247020439835787be229bf07bde12215\')'),(1,'2017-11-30 14:34:44','editVMInfo','INSERT INTO continuations (id, userid, expiretime, frommode, tomode, data, multicall, parentid, deletefromid) VALUES (\'c22949a947759276f989c3ec03911202\', 1, \'2017-12-07 14:34:44\', \'editVMInfo\', \'AJupdateVMprofileItem\', \'a:0:{}\', 1, NULL, \'c22949a947759276f989c3ec03911202\')'),(1,'2017-11-30 14:34:44','editVMInfo','DELETE FROM semaphore WHERE procid = \'localhost-23275-5a205d54d3d17\''),(1,'2017-11-30 14:34:50','vmhostdata','INSERT INTO continuations (id, userid, expiretime, frommode, tomode, data, multicall, parentid, deletefromid) VALUES (\'92101a52f26703e95c342bdb124e0cec\', 1, \'2017-12-01 14:34:50\', \'vmhostdata\', \'changeLocale\', \'a:3:{s:2:\\\"IP\\\";s:9:\\\"127.0.0.1\\\";s:7:\\\"oldmode\\\";s:10:\\\"vmhostdata\\\";s:6:\\\"locale\\\";s:5:\\\"en_US\\\";}\', 1, NULL, \'92101a52f26703e95c342bdb124e0cec\')'),(1,'2017-11-30 14:34:50','vmhostdata','INSERT INTO continuations (id, userid, expiretime, frommode, tomode, data, multicall, parentid, deletefromid) VALUES (\'43123d0386bf817e8ff762a463cb705a\', 1, \'2017-12-01 14:34:50\', \'vmhostdata\', \'changeLocale\', \'a:3:{s:2:\\\"IP\\\";s:9:\\\"127.0.0.1\\\";s:7:\\\"oldmode\\\";s:10:\\\"vmhostdata\\\";s:6:\\\"locale\\\";s:5:\\\"es_CR\\\";}\', 1, NULL, \'43123d0386bf817e8ff762a463cb705a\')'),(1,'2017-11-30 14:34:50','vmhostdata','INSERT INTO continuations (id, userid, expiretime, frommode, tomode, data, multicall, parentid, deletefromid) VALUES (\'0c1adc9a6bd552accc679b779d3d130c\', 1, \'2017-12-01 14:34:50\', \'vmhostdata\', \'changeLocale\', \'a:3:{s:2:\\\"IP\\\";s:9:\\\"127.0.0.1\\\";s:7:\\\"oldmode\\\";s:10:\\\"vmhostdata\\\";s:6:\\\"locale\\\";s:5:\\\"es_MX\\\";}\', 1, NULL, \'0c1adc9a6bd552accc679b779d3d130c\')'),(1,'2017-11-30 14:34:50','vmhostdata','INSERT INTO continuations (id, userid, expiretime, frommode, tomode, data, multicall, parentid, deletefromid) VALUES (\'9f07dc33d5caac68066bbbd8530b9334\', 1, \'2017-12-01 14:34:50\', \'vmhostdata\', \'changeLocale\', \'a:3:{s:2:\\\"IP\\\";s:9:\\\"127.0.0.1\\\";s:7:\\\"oldmode\\\";s:10:\\\"vmhostdata\\\";s:6:\\\"locale\\\";s:5:\\\"fr_CA\\\";}\', 1, NULL, \'9f07dc33d5caac68066bbbd8530b9334\')'),(1,'2017-11-30 14:34:50','vmhostdata','INSERT INTO continuations (id, userid, expiretime, frommode, tomode, data, multicall, parentid, deletefromid) VALUES (\'62cb3b8ac7b77a95784ec25158c428dc\', 1, \'2017-12-01 14:34:50\', \'vmhostdata\', \'changeLocale\', \'a:3:{s:2:\\\"IP\\\";s:9:\\\"127.0.0.1\\\";s:7:\\\"oldmode\\\";s:10:\\\"vmhostdata\\\";s:6:\\\"locale\\\";s:5:\\\"ja_JP\\\";}\', 1, NULL, \'62cb3b8ac7b77a95784ec25158c428dc\')'),(1,'2017-11-30 14:34:50','vmhostdata','INSERT INTO continuations (id, userid, expiretime, frommode, tomode, data, multicall, parentid, deletefromid) VALUES (\'fa59c77141ba81b3e2ae84a8dab66e51\', 1, \'2017-12-01 14:34:50\', \'vmhostdata\', \'changeLocale\', \'a:3:{s:2:\\\"IP\\\";s:9:\\\"127.0.0.1\\\";s:7:\\\"oldmode\\\";s:10:\\\"vmhostdata\\\";s:6:\\\"locale\\\";s:5:\\\"pt_PT\\\";}\', 1, NULL, \'fa59c77141ba81b3e2ae84a8dab66e51\')'),(1,'2017-11-30 14:34:50','vmhostdata','INSERT INTO continuations (id, userid, expiretime, frommode, tomode, data, multicall, parentid, deletefromid) VALUES (\'1520d730cf6c7a30fbc57277540b15b2\', 1, \'2017-12-01 14:34:50\', \'vmhostdata\', \'changeLocale\', \'a:3:{s:2:\\\"IP\\\";s:9:\\\"127.0.0.1\\\";s:7:\\\"oldmode\\\";s:10:\\\"vmhostdata\\\";s:6:\\\"locale\\\";s:5:\\\"zh_CN\\\";}\', 1, NULL, \'1520d730cf6c7a30fbc57277540b15b2\')'),(1,'2017-11-30 14:34:50','vmhostdata','INSERT INTO continuations (id, userid, expiretime, frommode, tomode, data, multicall, parentid, deletefromid) VALUES (\'0e0d9b5235bcc0650ca8d84fcf32e7ce\', 1, \'2017-11-30 15:34:50\', \'vmhostdata\', \'AJchangeVMprofile\', \'a:0:{}\', 0, NULL, \'0e0d9b5235bcc0650ca8d84fcf32e7ce\')'),(1,'2017-11-30 14:34:50','vmhostdata','DELETE FROM semaphore WHERE procid = \'localhost-23361-5a205d5ac124f\''),(1,'2017-11-30 14:35:12','computer','DELETE FROM semaphore WHERE procid = \'localhost-23358-5a205d70709ee\''),(1,'2017-11-30 14:35:16','groupMapHTML','DELETE FROM semaphore WHERE procid = \'localhost-23444-5a205d7487ffa\''),(1,'2017-11-30 14:35:17','jsonResourceGroupingGroups','DELETE FROM semaphore WHERE procid = \'localhost-23444-5a205d7530a6b\''),(1,'2017-11-30 14:35:17','jsonResourceGroupingResources','DELETE FROM semaphore WHERE procid = \'localhost-23481-5a205d7541716\''),(1,'2017-11-30 14:35:21','viewGroups','INSERT INTO continuations (id, userid, expiretime, frommode, tomode, data, multicall, parentid, deletefromid) VALUES (\'377f06b8a44a8dbf57aac218c9e2ddb5\', 1, \'2017-12-01 14:35:21\', \'viewGroups\', \'changeLocale\', \'a:3:{s:2:\\\"IP\\\";s:9:\\\"127.0.0.1\\\";s:7:\\\"oldmode\\\";s:10:\\\"viewGroups\\\";s:6:\\\"locale\\\";s:5:\\\"en_US\\\";}\', 1, NULL, \'377f06b8a44a8dbf57aac218c9e2ddb5\')'),(1,'2017-11-30 14:35:21','viewGroups','INSERT INTO continuations (id, userid, expiretime, frommode, tomode, data, multicall, parentid, deletefromid) VALUES (\'5519631c19762fc6531e3695d74705b4\', 1, \'2017-12-01 14:35:21\', \'viewGroups\', \'changeLocale\', \'a:3:{s:2:\\\"IP\\\";s:9:\\\"127.0.0.1\\\";s:7:\\\"oldmode\\\";s:10:\\\"viewGroups\\\";s:6:\\\"locale\\\";s:5:\\\"es_CR\\\";}\', 1, NULL, \'5519631c19762fc6531e3695d74705b4\')'),(1,'2017-11-30 14:35:21','viewGroups','INSERT INTO continuations (id, userid, expiretime, frommode, tomode, data, multicall, parentid, deletefromid) VALUES (\'553ea5aac22af55406b3829f22517add\', 1, \'2017-12-01 14:35:21\', \'viewGroups\', \'changeLocale\', \'a:3:{s:2:\\\"IP\\\";s:9:\\\"127.0.0.1\\\";s:7:\\\"oldmode\\\";s:10:\\\"viewGroups\\\";s:6:\\\"locale\\\";s:5:\\\"es_MX\\\";}\', 1, NULL, \'553ea5aac22af55406b3829f22517add\')'),(1,'2017-11-30 14:35:21','viewGroups','INSERT INTO continuations (id, userid, expiretime, frommode, tomode, data, multicall, parentid, deletefromid) VALUES (\'75c33dd4d820588df2efec045dfca12a\', 1, \'2017-12-01 14:35:21\', \'viewGroups\', \'changeLocale\', \'a:3:{s:2:\\\"IP\\\";s:9:\\\"127.0.0.1\\\";s:7:\\\"oldmode\\\";s:10:\\\"viewGroups\\\";s:6:\\\"locale\\\";s:5:\\\"fr_CA\\\";}\', 1, NULL, \'75c33dd4d820588df2efec045dfca12a\')'),(1,'2017-11-30 14:35:21','viewGroups','INSERT INTO continuations (id, userid, expiretime, frommode, tomode, data, multicall, parentid, deletefromid) VALUES (\'190c5c98feaaf1db1574d5a098f57f8d\', 1, \'2017-12-01 14:35:21\', \'viewGroups\', \'changeLocale\', \'a:3:{s:2:\\\"IP\\\";s:9:\\\"127.0.0.1\\\";s:7:\\\"oldmode\\\";s:10:\\\"viewGroups\\\";s:6:\\\"locale\\\";s:5:\\\"ja_JP\\\";}\', 1, NULL, \'190c5c98feaaf1db1574d5a098f57f8d\')'),(1,'2017-11-30 14:35:21','viewGroups','INSERT INTO continuations (id, userid, expiretime, frommode, tomode, data, multicall, parentid, deletefromid) VALUES (\'0030692e1f2b8d7d677ea12866adb5fd\', 1, \'2017-12-01 14:35:21\', \'viewGroups\', \'changeLocale\', \'a:3:{s:2:\\\"IP\\\";s:9:\\\"127.0.0.1\\\";s:7:\\\"oldmode\\\";s:10:\\\"viewGroups\\\";s:6:\\\"locale\\\";s:5:\\\"pt_PT\\\";}\', 1, NULL, \'0030692e1f2b8d7d677ea12866adb5fd\')'),(1,'2017-11-30 14:35:21','viewGroups','INSERT INTO continuations (id, userid, expiretime, frommode, tomode, data, multicall, parentid, deletefromid) VALUES (\'bdbe4ee733799b0eb1ee179122f2aa57\', 1, \'2017-12-01 14:35:21\', \'viewGroups\', \'changeLocale\', \'a:3:{s:2:\\\"IP\\\";s:9:\\\"127.0.0.1\\\";s:7:\\\"oldmode\\\";s:10:\\\"viewGroups\\\";s:6:\\\"locale\\\";s:5:\\\"zh_CN\\\";}\', 1, NULL, \'bdbe4ee733799b0eb1ee179122f2aa57\')'),(1,'2017-11-30 14:35:22','viewGroups','INSERT INTO continuations (id, userid, expiretime, frommode, tomode, data, multicall, parentid, deletefromid) VALUES (\'76d4aec294382550171ab6859093a16d\', 1, \'2017-12-07 14:35:22\', \'viewGroups\', \'addGroup\', \'a:1:{s:4:\\\"type\\\";s:4:\\\"user\\\";}\', 1, NULL, \'76d4aec294382550171ab6859093a16d\')'),(1,'2017-11-30 14:35:22','viewGroups','INSERT INTO continuations (id, userid, expiretime, frommode, tomode, data, multicall, parentid, deletefromid) VALUES (\'04fd24a5acb232208caf337dc2539de9\', 1, \'2017-12-07 14:35:22\', \'viewGroups\', \'editGroup\', \'a:1:{s:4:\\\"type\\\";s:4:\\\"user\\\";}\', 1, NULL, \'04fd24a5acb232208caf337dc2539de9\')'),(1,'2017-11-30 14:35:22','viewGroups','INSERT INTO continuations (id, userid, expiretime, frommode, tomode, data, multicall, parentid, deletefromid) VALUES (\'2d4042b51f4b3c010689ba9d8b21c9bf\', 1, \'2017-12-07 14:35:22\', \'viewGroups\', \'AJconfirmDeleteGroup\', \'a:1:{s:4:\\\"type\\\";s:4:\\\"user\\\";}\', 1, NULL, \'2d4042b51f4b3c010689ba9d8b21c9bf\')'),(1,'2017-11-30 14:35:22','viewGroups','INSERT INTO continuations (id, userid, expiretime, frommode, tomode, data, multicall, parentid, deletefromid) VALUES (\'19d6ed55281f4e3cfced3f24dd797bdc\', 1, \'2017-12-07 14:35:22\', \'viewGroups\', \'jsonUserGroupStore\', \'a:0:{}\', 1, NULL, \'19d6ed55281f4e3cfced3f24dd797bdc\')'),(1,'2017-11-30 14:35:22','viewGroups','INSERT INTO continuations (id, userid, expiretime, frommode, tomode, data, multicall, parentid, deletefromid) VALUES (\'8933969bee770afb616faed313fb1c22\', 1, \'2017-12-07 14:35:22\', \'viewGroups\', \'addGroup\', \'a:1:{s:4:\\\"type\\\";s:8:\\\"resource\\\";}\', 1, NULL, \'8933969bee770afb616faed313fb1c22\')'),(1,'2017-11-30 14:35:22','viewGroups','INSERT INTO continuations (id, userid, expiretime, frommode, tomode, data, multicall, parentid, deletefromid) VALUES (\'9f9c4c1a4b2b623874933a4d8e3a4225\', 1, \'2017-12-07 14:35:22\', \'viewGroups\', \'editGroup\', \'a:1:{s:4:\\\"type\\\";s:8:\\\"resource\\\";}\', 1, NULL, \'9f9c4c1a4b2b623874933a4d8e3a4225\')'),(1,'2017-11-30 14:35:22','viewGroups','INSERT INTO continuations (id, userid, expiretime, frommode, tomode, data, multicall, parentid, deletefromid) VALUES (\'8bbaea4a184768732fb3fd8075f375dc\', 1, \'2017-12-07 14:35:22\', \'viewGroups\', \'AJconfirmDeleteGroup\', \'a:1:{s:4:\\\"type\\\";s:8:\\\"resource\\\";}\', 1, NULL, \'8bbaea4a184768732fb3fd8075f375dc\')'),(1,'2017-11-30 14:35:22','viewGroups','INSERT INTO continuations (id, userid, expiretime, frommode, tomode, data, multicall, parentid, deletefromid) VALUES (\'6cf68ed05b5d69b2669926a546b25e32\', 1, \'2017-12-07 14:35:22\', \'viewGroups\', \'jsonGetGroupInfo\', \'a:0:{}\', 1, NULL, \'6cf68ed05b5d69b2669926a546b25e32\')'),(1,'2017-11-30 14:35:22','viewGroups','INSERT INTO continuations (id, userid, expiretime, frommode, tomode, data, multicall, parentid, deletefromid) VALUES (\'287ae40622df895559439cf2960459c2\', 1, \'2017-12-07 14:35:22\', \'viewGroups\', \'jsonResourceGroupStore\', \'a:0:{}\', 1, NULL, \'287ae40622df895559439cf2960459c2\')'),(1,'2017-11-30 14:35:22','viewGroups','DELETE FROM semaphore WHERE procid = \'localhost-23481-5a205d79e8780\''),(1,'2017-11-30 14:35:22','jsonResourceGroupStore','INSERT INTO continuations (id, userid, expiretime, frommode, tomode, data, multicall, parentid, deletefromid) VALUES (\'2992d76399a1a97590938b5f59237714\', 1, \'2017-12-01 14:35:22\', \'jsonResourceGroupStore\', \'changeLocale\', \'a:3:{s:2:\\\"IP\\\";s:9:\\\"127.0.0.1\\\";s:7:\\\"oldmode\\\";s:22:\\\"jsonResourceGroupStore\\\";s:6:\\\"locale\\\";s:5:\\\"en_US\\\";}\', 1, NULL, \'2992d76399a1a97590938b5f59237714\')'),(1,'2017-11-30 14:35:22','jsonResourceGroupStore','INSERT INTO continuations (id, userid, expiretime, frommode, tomode, data, multicall, parentid, deletefromid) VALUES (\'d21723c73b824ca06dd3370ccf5dc556\', 1, \'2017-12-01 14:35:22\', \'jsonResourceGroupStore\', \'changeLocale\', \'a:3:{s:2:\\\"IP\\\";s:9:\\\"127.0.0.1\\\";s:7:\\\"oldmode\\\";s:22:\\\"jsonResourceGroupStore\\\";s:6:\\\"locale\\\";s:5:\\\"es_CR\\\";}\', 1, NULL, \'d21723c73b824ca06dd3370ccf5dc556\')'),(1,'2017-11-30 14:35:22','jsonResourceGroupStore','INSERT INTO continuations (id, userid, expiretime, frommode, tomode, data, multicall, parentid, deletefromid) VALUES (\'a10156d81d237e812f589f4775215582\', 1, \'2017-12-01 14:35:22\', \'jsonResourceGroupStore\', \'changeLocale\', \'a:3:{s:2:\\\"IP\\\";s:9:\\\"127.0.0.1\\\";s:7:\\\"oldmode\\\";s:22:\\\"jsonResourceGroupStore\\\";s:6:\\\"locale\\\";s:5:\\\"es_MX\\\";}\', 1, NULL, \'a10156d81d237e812f589f4775215582\')'),(1,'2017-11-30 14:35:22','jsonResourceGroupStore','INSERT INTO continuations (id, userid, expiretime, frommode, tomode, data, multicall, parentid, deletefromid) VALUES (\'b6d84905c6f73ac034e47e7ea367f133\', 1, \'2017-12-01 14:35:22\', \'jsonResourceGroupStore\', \'changeLocale\', \'a:3:{s:2:\\\"IP\\\";s:9:\\\"127.0.0.1\\\";s:7:\\\"oldmode\\\";s:22:\\\"jsonResourceGroupStore\\\";s:6:\\\"locale\\\";s:5:\\\"fr_CA\\\";}\', 1, NULL, \'b6d84905c6f73ac034e47e7ea367f133\')'),(1,'2017-11-30 14:35:22','jsonResourceGroupStore','INSERT INTO continuations (id, userid, expiretime, frommode, tomode, data, multicall, parentid, deletefromid) VALUES (\'7a3d69ebfad00fc3f49953fcef928653\', 1, \'2017-12-01 14:35:22\', \'jsonResourceGroupStore\', \'changeLocale\', \'a:3:{s:2:\\\"IP\\\";s:9:\\\"127.0.0.1\\\";s:7:\\\"oldmode\\\";s:22:\\\"jsonResourceGroupStore\\\";s:6:\\\"locale\\\";s:5:\\\"ja_JP\\\";}\', 1, NULL, \'7a3d69ebfad00fc3f49953fcef928653\')'),(1,'2017-11-30 14:35:22','jsonResourceGroupStore','INSERT INTO continuations (id, userid, expiretime, frommode, tomode, data, multicall, parentid, deletefromid) VALUES (\'d94a1197e98db281d27a6df19c632703\', 1, \'2017-12-01 14:35:22\', \'jsonResourceGroupStore\', \'changeLocale\', \'a:3:{s:2:\\\"IP\\\";s:9:\\\"127.0.0.1\\\";s:7:\\\"oldmode\\\";s:22:\\\"jsonResourceGroupStore\\\";s:6:\\\"locale\\\";s:5:\\\"pt_PT\\\";}\', 1, NULL, \'d94a1197e98db281d27a6df19c632703\')'),(1,'2017-11-30 14:35:22','jsonResourceGroupStore','INSERT INTO continuations (id, userid, expiretime, frommode, tomode, data, multicall, parentid, deletefromid) VALUES (\'8c51dcc87ad1ea07d481a68a07ce59e7\', 1, \'2017-12-01 14:35:22\', \'jsonResourceGroupStore\', \'changeLocale\', \'a:3:{s:2:\\\"IP\\\";s:9:\\\"127.0.0.1\\\";s:7:\\\"oldmode\\\";s:22:\\\"jsonResourceGroupStore\\\";s:6:\\\"locale\\\";s:5:\\\"zh_CN\\\";}\', 1, NULL, \'8c51dcc87ad1ea07d481a68a07ce59e7\')'),(1,'2017-11-30 14:35:22','jsonResourceGroupStore','DELETE FROM semaphore WHERE procid = \'localhost-23481-5a205d7ab8896\''),(1,'2017-11-30 14:35:22','jsonUserGroupStore','INSERT INTO continuations (id, userid, expiretime, frommode, tomode, data, multicall, parentid, deletefromid) VALUES (\'7ed2c9aebc57364161e54a060f18171c\', 1, \'2017-12-01 14:35:22\', \'jsonUserGroupStore\', \'changeLocale\', \'a:3:{s:2:\\\"IP\\\";s:9:\\\"127.0.0.1\\\";s:7:\\\"oldmode\\\";s:18:\\\"jsonUserGroupStore\\\";s:6:\\\"locale\\\";s:5:\\\"en_US\\\";}\', 1, NULL, \'7ed2c9aebc57364161e54a060f18171c\')'),(1,'2017-11-30 14:35:22','jsonUserGroupStore','INSERT INTO continuations (id, userid, expiretime, frommode, tomode, data, multicall, parentid, deletefromid) VALUES (\'0607388bfc41aa1df572292d4008c664\', 1, \'2017-12-01 14:35:22\', \'jsonUserGroupStore\', \'changeLocale\', \'a:3:{s:2:\\\"IP\\\";s:9:\\\"127.0.0.1\\\";s:7:\\\"oldmode\\\";s:18:\\\"jsonUserGroupStore\\\";s:6:\\\"locale\\\";s:5:\\\"es_CR\\\";}\', 1, NULL, \'0607388bfc41aa1df572292d4008c664\')'),(1,'2017-11-30 14:35:22','jsonUserGroupStore','INSERT INTO continuations (id, userid, expiretime, frommode, tomode, data, multicall, parentid, deletefromid) VALUES (\'88bf467c5456a5691d856b9c96b06c8b\', 1, \'2017-12-01 14:35:22\', \'jsonUserGroupStore\', \'changeLocale\', \'a:3:{s:2:\\\"IP\\\";s:9:\\\"127.0.0.1\\\";s:7:\\\"oldmode\\\";s:18:\\\"jsonUserGroupStore\\\";s:6:\\\"locale\\\";s:5:\\\"es_MX\\\";}\', 1, NULL, \'88bf467c5456a5691d856b9c96b06c8b\')'),(1,'2017-11-30 14:35:22','jsonUserGroupStore','INSERT INTO continuations (id, userid, expiretime, frommode, tomode, data, multicall, parentid, deletefromid) VALUES (\'9efd88ec39919f9256a99f48045a7d2a\', 1, \'2017-12-01 14:35:22\', \'jsonUserGroupStore\', \'changeLocale\', \'a:3:{s:2:\\\"IP\\\";s:9:\\\"127.0.0.1\\\";s:7:\\\"oldmode\\\";s:18:\\\"jsonUserGroupStore\\\";s:6:\\\"locale\\\";s:5:\\\"fr_CA\\\";}\', 1, NULL, \'9efd88ec39919f9256a99f48045a7d2a\')'),(1,'2017-11-30 14:35:22','jsonUserGroupStore','INSERT INTO continuations (id, userid, expiretime, frommode, tomode, data, multicall, parentid, deletefromid) VALUES (\'e17f5fd698a4d667e9cacd4072ed984a\', 1, \'2017-12-01 14:35:22\', \'jsonUserGroupStore\', \'changeLocale\', \'a:3:{s:2:\\\"IP\\\";s:9:\\\"127.0.0.1\\\";s:7:\\\"oldmode\\\";s:18:\\\"jsonUserGroupStore\\\";s:6:\\\"locale\\\";s:5:\\\"ja_JP\\\";}\', 1, NULL, \'e17f5fd698a4d667e9cacd4072ed984a\')'),(1,'2017-11-30 14:35:22','jsonUserGroupStore','INSERT INTO continuations (id, userid, expiretime, frommode, tomode, data, multicall, parentid, deletefromid) VALUES (\'79de168353f50f4ed336429685d2ecd0\', 1, \'2017-12-01 14:35:22\', \'jsonUserGroupStore\', \'changeLocale\', \'a:3:{s:2:\\\"IP\\\";s:9:\\\"127.0.0.1\\\";s:7:\\\"oldmode\\\";s:18:\\\"jsonUserGroupStore\\\";s:6:\\\"locale\\\";s:5:\\\"pt_PT\\\";}\', 1, NULL, \'79de168353f50f4ed336429685d2ecd0\')'),(1,'2017-11-30 14:35:22','jsonUserGroupStore','INSERT INTO continuations (id, userid, expiretime, frommode, tomode, data, multicall, parentid, deletefromid) VALUES (\'1e48b6c5892a662dcb53e5412597af8f\', 1, \'2017-12-01 14:35:22\', \'jsonUserGroupStore\', \'changeLocale\', \'a:3:{s:2:\\\"IP\\\";s:9:\\\"127.0.0.1\\\";s:7:\\\"oldmode\\\";s:18:\\\"jsonUserGroupStore\\\";s:6:\\\"locale\\\";s:5:\\\"zh_CN\\\";}\', 1, NULL, \'1e48b6c5892a662dcb53e5412597af8f\')'),(1,'2017-11-30 14:35:22','jsonUserGroupStore','DELETE FROM semaphore WHERE procid = \'localhost-23482-5a205d7ad51c6\''),(1,'2017-11-30 14:35:25','computer','DELETE FROM semaphore WHERE procid = \'localhost-23482-5a205d7ceb361\''),(1,'2017-11-30 14:35:27','viewResources','DELETE FROM semaphore WHERE procid = \'localhost-23482-5a205d7f071ea\''),(1,'2017-11-30 14:35:28','jsonResourceStore','DELETE FROM semaphore WHERE procid = \'localhost-23482-5a205d802b062\''),(1,'2017-11-30 14:35:31','AJeditResource','INSERT INTO continuations (id, userid, expiretime, frommode, tomode, data, multicall, parentid, deletefromid) VALUES (\'e1978664a2eac64837e8a16f5dbc06ee\', 1, \'2017-12-01 14:35:31\', \'AJeditResource\', \'changeLocale\', \'a:3:{s:2:\\\"IP\\\";s:9:\\\"127.0.0.1\\\";s:7:\\\"oldmode\\\";s:14:\\\"AJeditResource\\\";s:6:\\\"locale\\\";s:5:\\\"en_US\\\";}\', 1, NULL, \'e1978664a2eac64837e8a16f5dbc06ee\')'),(1,'2017-11-30 14:35:31','AJeditResource','INSERT INTO continuations (id, userid, expiretime, frommode, tomode, data, multicall, parentid, deletefromid) VALUES (\'2b032714c4445b05dce1074b3bf69adc\', 1, \'2017-12-01 14:35:31\', \'AJeditResource\', \'changeLocale\', \'a:3:{s:2:\\\"IP\\\";s:9:\\\"127.0.0.1\\\";s:7:\\\"oldmode\\\";s:14:\\\"AJeditResource\\\";s:6:\\\"locale\\\";s:5:\\\"es_CR\\\";}\', 1, NULL, \'2b032714c4445b05dce1074b3bf69adc\')'),(1,'2017-11-30 14:35:31','AJeditResource','INSERT INTO continuations (id, userid, expiretime, frommode, tomode, data, multicall, parentid, deletefromid) VALUES (\'72d02e3e54e046df177a80524e47d098\', 1, \'2017-12-01 14:35:31\', \'AJeditResource\', \'changeLocale\', \'a:3:{s:2:\\\"IP\\\";s:9:\\\"127.0.0.1\\\";s:7:\\\"oldmode\\\";s:14:\\\"AJeditResource\\\";s:6:\\\"locale\\\";s:5:\\\"es_MX\\\";}\', 1, NULL, \'72d02e3e54e046df177a80524e47d098\')'),(1,'2017-11-30 14:35:31','AJeditResource','INSERT INTO continuations (id, userid, expiretime, frommode, tomode, data, multicall, parentid, deletefromid) VALUES (\'f8e636ee86d4d00035e1b6852eaee79e\', 1, \'2017-12-01 14:35:31\', \'AJeditResource\', \'changeLocale\', \'a:3:{s:2:\\\"IP\\\";s:9:\\\"127.0.0.1\\\";s:7:\\\"oldmode\\\";s:14:\\\"AJeditResource\\\";s:6:\\\"locale\\\";s:5:\\\"fr_CA\\\";}\', 1, NULL, \'f8e636ee86d4d00035e1b6852eaee79e\')'),(1,'2017-11-30 14:35:31','AJeditResource','INSERT INTO continuations (id, userid, expiretime, frommode, tomode, data, multicall, parentid, deletefromid) VALUES (\'74aa8486c94f1f4e9a0b84d35e825bd2\', 1, \'2017-12-01 14:35:31\', \'AJeditResource\', \'changeLocale\', \'a:3:{s:2:\\\"IP\\\";s:9:\\\"127.0.0.1\\\";s:7:\\\"oldmode\\\";s:14:\\\"AJeditResource\\\";s:6:\\\"locale\\\";s:5:\\\"ja_JP\\\";}\', 1, NULL, \'74aa8486c94f1f4e9a0b84d35e825bd2\')'),(1,'2017-11-30 14:35:31','AJeditResource','INSERT INTO continuations (id, userid, expiretime, frommode, tomode, data, multicall, parentid, deletefromid) VALUES (\'9f49d63168fcf895fe79ecec0f5154d7\', 1, \'2017-12-01 14:35:31\', \'AJeditResource\', \'changeLocale\', \'a:3:{s:2:\\\"IP\\\";s:9:\\\"127.0.0.1\\\";s:7:\\\"oldmode\\\";s:14:\\\"AJeditResource\\\";s:6:\\\"locale\\\";s:5:\\\"pt_PT\\\";}\', 1, NULL, \'9f49d63168fcf895fe79ecec0f5154d7\')'),(1,'2017-11-30 14:35:31','AJeditResource','INSERT INTO continuations (id, userid, expiretime, frommode, tomode, data, multicall, parentid, deletefromid) VALUES (\'73a00dccd32de6dafc3a9e4a7f523224\', 1, \'2017-12-01 14:35:31\', \'AJeditResource\', \'changeLocale\', \'a:3:{s:2:\\\"IP\\\";s:9:\\\"127.0.0.1\\\";s:7:\\\"oldmode\\\";s:14:\\\"AJeditResource\\\";s:6:\\\"locale\\\";s:5:\\\"zh_CN\\\";}\', 1, NULL, \'73a00dccd32de6dafc3a9e4a7f523224\')'),(1,'2017-11-30 14:35:31','AJeditResource','INSERT INTO continuations (id, userid, expiretime, frommode, tomode, data, multicall, parentid, deletefromid) VALUES (\'bdb3485327fd0ef9ae940cef5e84c3b8\', 1, \'2017-12-07 14:35:31\', \'AJeditResource\', \'AJsaveResource\', \'a:3:{s:3:\\\"obj\\\";O:8:\\\"Computer\\\":13:{s:7:\\\"restype\\\";s:8:\\\"computer\\\";s:11:\\\"restypename\\\";s:8:\\\"Computer\\\";s:10:\\\"hasmapping\\\";i:0;s:7:\\\"maptype\\\";s:0:\\\"\\\";s:11:\\\"maptypename\\\";s:0:\\\"\\\";s:9:\\\"basecdata\\\";a:1:{s:3:\\\"obj\\\";r:2;}s:18:\\\"defaultGetDataArgs\\\";a:3:{s:4:\\\"sort\\\";i:0;s:14:\\\"includedeleted\\\";i:0;s:5:\\\"rscid\\\";s:0:\\\"\\\";}s:9:\\\"deletable\\\";i:1;s:13:\\\"deletetoggled\\\";i:1;s:6:\\\"errmsg\\\";N;s:9:\\\"namefield\\\";s:8:\\\"hostname\\\";s:7:\\\"addable\\\";i:1;s:8:\\\"jsondata\\\";a:1:{s:10:\\\"showcancel\\\";i:0;}}s:5:\\\"rscid\\\";s:1:\\\"1\\\";s:7:\\\"olddata\\\";a:44:{s:2:\\\"id\\\";s:1:\\\"1\\\";s:5:\\\"state\\\";s:11:\\\"vmhostinuse\\\";s:7:\\\"stateid\\\";s:2:\\\"20\\\";s:5:\\\"owner\\\";s:11:\\\"admin@Local\\\";s:7:\\\"ownerid\\\";s:1:\\\"1\\\";s:8:\\\"platform\\\";s:4:\\\"i386\\\";s:10:\\\"platformid\\\";s:1:\\\"1\\\";s:8:\\\"schedule\\\";s:8:\\\"VCL 24x7\\\";s:10:\\\"scheduleid\\\";s:1:\\\"1\\\";s:10:\\\"currentimg\\\";s:8:\\\"No Image\\\";s:12:\\\"currentimgid\\\";s:1:\\\"1\\\";s:15:\\\"imagerevisionid\\\";s:1:\\\"1\\\";s:13:\\\"imagerevision\\\";s:1:\\\"0\\\";s:7:\\\"nextimg\\\";s:8:\\\"No Image\\\";s:9:\\\"nextimgid\\\";s:1:\\\"1\\\";s:3:\\\"ram\\\";s:5:\\\"64000\\\";s:10:\\\"procnumber\\\";s:2:\\\"20\\\";s:9:\\\"procspeed\\\";s:4:\\\"3000\\\";s:7:\\\"network\\\";s:4:\\\"1000\\\";s:8:\\\"hostname\\\";s:5:\\\"Host1\\\";s:9:\\\"IPaddress\\\";s:10:\\\"10.10.10.1\\\";s:16:\\\"privateIPaddress\\\";s:10:\\\"10.10.11.1\\\";s:14:\\\"eth0macaddress\\\";s:17:\\\"20:22:78:33:01:02\\\";s:14:\\\"eth1macaddress\\\";s:17:\\\"20:22:78:33:01:01\\\";s:4:\\\"type\\\";s:5:\\\"blade\\\";s:7:\\\"deleted\\\";s:1:\\\"0\\\";s:10:\\\"resourceid\\\";s:2:\\\"11\\\";s:5:\\\"notes\\\";N;s:8:\\\"vmhostid\\\";N;s:6:\\\"vmhost\\\";N;s:16:\\\"vmhostcomputerid\\\";N;s:8:\\\"location\\\";s:0:\\\"\\\";s:14:\\\"provisioningid\\\";s:2:\\\"10\\\";s:12:\\\"provisioning\\\";s:4:\\\"None\\\";s:11:\\\"vmprofileid\\\";s:1:\\\"5\\\";s:18:\\\"predictivemoduleid\\\";s:2:\\\"31\\\";s:16:\\\"predictivemodule\\\";s:34:\\\"Unload/power off after reservation\\\";s:9:\\\"nathostid\\\";N;s:16:\\\"nathostenabledid\\\";N;s:18:\\\"natpublicIPaddress\\\";s:0:\\\"\\\";s:20:\\\"natinternalIPaddress\\\";s:0:\\\"\\\";s:10:\\\"natenabled\\\";i:0;s:7:\\\"nathost\\\";s:0:\\\"\\\";s:14:\\\"nathostenabled\\\";i:0;}}\', 1, NULL, \'bdb3485327fd0ef9ae940cef5e84c3b8\')'),(1,'2017-11-30 14:35:31','AJeditResource','DELETE FROM semaphore WHERE procid = \'localhost-23482-5a205d831059f\''),(1,'2017-11-30 14:35:36','AJsaveResource','UPDATE vmhost SET vmprofileid = 1 WHERE computerid = 1 AND vmprofileid = 5'),(1,'2017-11-30 14:35:36','AJsaveResource','DELETE FROM semaphore WHERE procid = \'localhost-23520-5a205d884b683\''),(1,'2017-11-30 14:35:38','AJeditResource','INSERT INTO continuations (id, userid, expiretime, frommode, tomode, data, multicall, parentid, deletefromid) VALUES (\'4c68b6b0a7ddf775736193c2e2e52596\', 1, \'2017-12-07 14:35:38\', \'AJeditResource\', \'AJsaveResource\', \'a:3:{s:3:\\\"obj\\\";O:8:\\\"Computer\\\":13:{s:7:\\\"restype\\\";s:8:\\\"computer\\\";s:11:\\\"restypename\\\";s:8:\\\"Computer\\\";s:10:\\\"hasmapping\\\";i:0;s:7:\\\"maptype\\\";s:0:\\\"\\\";s:11:\\\"maptypename\\\";s:0:\\\"\\\";s:9:\\\"basecdata\\\";a:1:{s:3:\\\"obj\\\";r:2;}s:18:\\\"defaultGetDataArgs\\\";a:3:{s:4:\\\"sort\\\";i:0;s:14:\\\"includedeleted\\\";i:0;s:5:\\\"rscid\\\";s:0:\\\"\\\";}s:9:\\\"deletable\\\";i:1;s:13:\\\"deletetoggled\\\";i:1;s:6:\\\"errmsg\\\";N;s:9:\\\"namefield\\\";s:8:\\\"hostname\\\";s:7:\\\"addable\\\";i:1;s:8:\\\"jsondata\\\";a:1:{s:10:\\\"showcancel\\\";i:0;}}s:5:\\\"rscid\\\";s:1:\\\"2\\\";s:7:\\\"olddata\\\";a:44:{s:2:\\\"id\\\";s:1:\\\"2\\\";s:5:\\\"state\\\";s:11:\\\"maintenance\\\";s:7:\\\"stateid\\\";s:2:\\\"10\\\";s:5:\\\"owner\\\";s:11:\\\"admin@Local\\\";s:7:\\\"ownerid\\\";s:1:\\\"1\\\";s:8:\\\"platform\\\";s:4:\\\"i386\\\";s:10:\\\"platformid\\\";s:1:\\\"1\\\";s:8:\\\"schedule\\\";s:8:\\\"VCL 24x7\\\";s:10:\\\"scheduleid\\\";s:1:\\\"1\\\";s:10:\\\"currentimg\\\";s:8:\\\"No Image\\\";s:12:\\\"currentimgid\\\";s:1:\\\"1\\\";s:15:\\\"imagerevisionid\\\";s:1:\\\"1\\\";s:13:\\\"imagerevision\\\";s:1:\\\"0\\\";s:7:\\\"nextimg\\\";s:8:\\\"No Image\\\";s:9:\\\"nextimgid\\\";s:1:\\\"1\\\";s:3:\\\"ram\\\";s:4:\\\"4096\\\";s:10:\\\"procnumber\\\";s:1:\\\"4\\\";s:9:\\\"procspeed\\\";s:4:\\\"3000\\\";s:7:\\\"network\\\";s:4:\\\"1000\\\";s:8:\\\"hostname\\\";s:13:\\\"TestComputer1\\\";s:9:\\\"IPaddress\\\";s:11:\\\"10.10.11.11\\\";s:16:\\\"privateIPaddress\\\";s:10:\\\"10.10.22.1\\\";s:14:\\\"eth0macaddress\\\";s:17:\\\"20:22:78:33:02:01\\\";s:14:\\\"eth1macaddress\\\";s:17:\\\"20:22:78:33:02:02\\\";s:4:\\\"type\\\";s:14:\\\"virtualmachine\\\";s:7:\\\"deleted\\\";s:1:\\\"0\\\";s:10:\\\"resourceid\\\";s:2:\\\"12\\\";s:5:\\\"notes\\\";N;s:8:\\\"vmhostid\\\";N;s:6:\\\"vmhost\\\";N;s:16:\\\"vmhostcomputerid\\\";N;s:8:\\\"location\\\";s:0:\\\"\\\";s:14:\\\"provisioningid\\\";s:1:\\\"9\\\";s:12:\\\"provisioning\\\";s:26:\\\"Libvirt Virtualization API\\\";s:11:\\\"vmprofileid\\\";N;s:18:\\\"predictivemoduleid\\\";s:2:\\\"31\\\";s:16:\\\"predictivemodule\\\";s:34:\\\"Unload/power off after reservation\\\";s:9:\\\"nathostid\\\";N;s:16:\\\"nathostenabledid\\\";N;s:18:\\\"natpublicIPaddress\\\";s:0:\\\"\\\";s:20:\\\"natinternalIPaddress\\\";s:0:\\\"\\\";s:10:\\\"natenabled\\\";i:0;s:7:\\\"nathost\\\";s:0:\\\"\\\";s:14:\\\"nathostenabled\\\";i:0;}}\', 1, NULL, \'4c68b6b0a7ddf775736193c2e2e52596\')'),(1,'2017-11-30 14:35:38','AJeditResource','DELETE FROM semaphore WHERE procid = \'localhost-23520-5a205d8a5c75e\''),(1,'2017-11-30 14:35:46','AJsaveResource','UPDATE computer SET `provisioningid` = \'7\' WHERE id = 2'),(1,'2017-11-30 14:35:46','AJsaveResource','DELETE FROM semaphore WHERE procid = \'localhost-23522-5a205d922486f\''),(1,'2017-11-30 14:35:47','AJeditResource','INSERT INTO continuations (id, userid, expiretime, frommode, tomode, data, multicall, parentid, deletefromid) VALUES (\'a5d25d2334b5efbc9da6e126b5b562d2\', 1, \'2017-12-07 14:35:47\', \'AJeditResource\', \'AJsaveResource\', \'a:3:{s:3:\\\"obj\\\";O:8:\\\"Computer\\\":13:{s:7:\\\"restype\\\";s:8:\\\"computer\\\";s:11:\\\"restypename\\\";s:8:\\\"Computer\\\";s:10:\\\"hasmapping\\\";i:0;s:7:\\\"maptype\\\";s:0:\\\"\\\";s:11:\\\"maptypename\\\";s:0:\\\"\\\";s:9:\\\"basecdata\\\";a:1:{s:3:\\\"obj\\\";r:2;}s:18:\\\"defaultGetDataArgs\\\";a:3:{s:4:\\\"sort\\\";i:0;s:14:\\\"includedeleted\\\";i:0;s:5:\\\"rscid\\\";s:0:\\\"\\\";}s:9:\\\"deletable\\\";i:1;s:13:\\\"deletetoggled\\\";i:1;s:6:\\\"errmsg\\\";N;s:9:\\\"namefield\\\";s:8:\\\"hostname\\\";s:7:\\\"addable\\\";i:1;s:8:\\\"jsondata\\\";a:1:{s:10:\\\"showcancel\\\";i:0;}}s:5:\\\"rscid\\\";s:1:\\\"3\\\";s:7:\\\"olddata\\\";a:44:{s:2:\\\"id\\\";s:1:\\\"3\\\";s:5:\\\"state\\\";s:11:\\\"maintenance\\\";s:7:\\\"stateid\\\";s:2:\\\"10\\\";s:5:\\\"owner\\\";s:11:\\\"admin@Local\\\";s:7:\\\"ownerid\\\";s:1:\\\"1\\\";s:8:\\\"platform\\\";s:4:\\\"i386\\\";s:10:\\\"platformid\\\";s:1:\\\"1\\\";s:8:\\\"schedule\\\";s:8:\\\"VCL 24x7\\\";s:10:\\\"scheduleid\\\";s:1:\\\"1\\\";s:10:\\\"currentimg\\\";s:8:\\\"No Image\\\";s:12:\\\"currentimgid\\\";s:1:\\\"1\\\";s:15:\\\"imagerevisionid\\\";s:1:\\\"1\\\";s:13:\\\"imagerevision\\\";s:1:\\\"0\\\";s:7:\\\"nextimg\\\";s:8:\\\"No Image\\\";s:9:\\\"nextimgid\\\";s:1:\\\"1\\\";s:3:\\\"ram\\\";s:4:\\\"4096\\\";s:10:\\\"procnumber\\\";s:1:\\\"4\\\";s:9:\\\"procspeed\\\";s:4:\\\"3000\\\";s:7:\\\"network\\\";s:4:\\\"1000\\\";s:8:\\\"hostname\\\";s:13:\\\"TestComputer2\\\";s:9:\\\"IPaddress\\\";s:11:\\\"10.10.11.12\\\";s:16:\\\"privateIPaddress\\\";s:10:\\\"10.10.22.2\\\";s:14:\\\"eth0macaddress\\\";s:17:\\\"20:22:78:33:02:03\\\";s:14:\\\"eth1macaddress\\\";s:17:\\\"20:22:78:33:02:04\\\";s:4:\\\"type\\\";s:14:\\\"virtualmachine\\\";s:7:\\\"deleted\\\";s:1:\\\"0\\\";s:10:\\\"resourceid\\\";s:2:\\\"13\\\";s:5:\\\"notes\\\";N;s:8:\\\"vmhostid\\\";N;s:6:\\\"vmhost\\\";N;s:16:\\\"vmhostcomputerid\\\";N;s:8:\\\"location\\\";s:0:\\\"\\\";s:14:\\\"provisioningid\\\";s:1:\\\"9\\\";s:12:\\\"provisioning\\\";s:26:\\\"Libvirt Virtualization API\\\";s:11:\\\"vmprofileid\\\";N;s:18:\\\"predictivemoduleid\\\";s:2:\\\"31\\\";s:16:\\\"predictivemodule\\\";s:34:\\\"Unload/power off after reservation\\\";s:9:\\\"nathostid\\\";N;s:16:\\\"nathostenabledid\\\";N;s:18:\\\"natpublicIPaddress\\\";s:0:\\\"\\\";s:20:\\\"natinternalIPaddress\\\";s:0:\\\"\\\";s:10:\\\"natenabled\\\";i:0;s:7:\\\"nathost\\\";s:0:\\\"\\\";s:14:\\\"nathostenabled\\\";i:0;}}\', 1, NULL, \'a5d25d2334b5efbc9da6e126b5b562d2\')'),(1,'2017-11-30 14:35:47','AJeditResource','DELETE FROM semaphore WHERE procid = \'localhost-23522-5a205d93a9b63\''),(1,'2017-11-30 14:35:52','AJsaveResource','UPDATE computer SET `provisioningid` = \'7\' WHERE id = 3'),(1,'2017-11-30 14:35:52','AJsaveResource','DELETE FROM semaphore WHERE procid = \'localhost-23522-5a205d982874d\''),(1,'2017-11-30 14:35:53','AJeditResource','INSERT INTO continuations (id, userid, expiretime, frommode, tomode, data, multicall, parentid, deletefromid) VALUES (\'ec813703c00cadbc29059e951f2c9e69\', 1, \'2017-12-07 14:35:53\', \'AJeditResource\', \'AJsaveResource\', \'a:3:{s:3:\\\"obj\\\";O:8:\\\"Computer\\\":13:{s:7:\\\"restype\\\";s:8:\\\"computer\\\";s:11:\\\"restypename\\\";s:8:\\\"Computer\\\";s:10:\\\"hasmapping\\\";i:0;s:7:\\\"maptype\\\";s:0:\\\"\\\";s:11:\\\"maptypename\\\";s:0:\\\"\\\";s:9:\\\"basecdata\\\";a:1:{s:3:\\\"obj\\\";r:2;}s:18:\\\"defaultGetDataArgs\\\";a:3:{s:4:\\\"sort\\\";i:0;s:14:\\\"includedeleted\\\";i:0;s:5:\\\"rscid\\\";s:0:\\\"\\\";}s:9:\\\"deletable\\\";i:1;s:13:\\\"deletetoggled\\\";i:1;s:6:\\\"errmsg\\\";N;s:9:\\\"namefield\\\";s:8:\\\"hostname\\\";s:7:\\\"addable\\\";i:1;s:8:\\\"jsondata\\\";a:1:{s:10:\\\"showcancel\\\";i:0;}}s:5:\\\"rscid\\\";s:1:\\\"4\\\";s:7:\\\"olddata\\\";a:44:{s:2:\\\"id\\\";s:1:\\\"4\\\";s:5:\\\"state\\\";s:11:\\\"maintenance\\\";s:7:\\\"stateid\\\";s:2:\\\"10\\\";s:5:\\\"owner\\\";s:11:\\\"admin@Local\\\";s:7:\\\"ownerid\\\";s:1:\\\"1\\\";s:8:\\\"platform\\\";s:4:\\\"i386\\\";s:10:\\\"platformid\\\";s:1:\\\"1\\\";s:8:\\\"schedule\\\";s:8:\\\"VCL 24x7\\\";s:10:\\\"scheduleid\\\";s:1:\\\"1\\\";s:10:\\\"currentimg\\\";s:8:\\\"No Image\\\";s:12:\\\"currentimgid\\\";s:1:\\\"1\\\";s:15:\\\"imagerevisionid\\\";s:1:\\\"1\\\";s:13:\\\"imagerevision\\\";s:1:\\\"0\\\";s:7:\\\"nextimg\\\";s:8:\\\"No Image\\\";s:9:\\\"nextimgid\\\";s:1:\\\"1\\\";s:3:\\\"ram\\\";s:4:\\\"4096\\\";s:10:\\\"procnumber\\\";s:1:\\\"4\\\";s:9:\\\"procspeed\\\";s:4:\\\"3000\\\";s:7:\\\"network\\\";s:4:\\\"1000\\\";s:8:\\\"hostname\\\";s:13:\\\"TestComputer3\\\";s:9:\\\"IPaddress\\\";s:11:\\\"10.10.11.13\\\";s:16:\\\"privateIPaddress\\\";s:10:\\\"10.10.22.3\\\";s:14:\\\"eth0macaddress\\\";s:17:\\\"20:22:78:33:02:05\\\";s:14:\\\"eth1macaddress\\\";s:17:\\\"20:22:78:33:02:06\\\";s:4:\\\"type\\\";s:14:\\\"virtualmachine\\\";s:7:\\\"deleted\\\";s:1:\\\"0\\\";s:10:\\\"resourceid\\\";s:2:\\\"14\\\";s:5:\\\"notes\\\";N;s:8:\\\"vmhostid\\\";N;s:6:\\\"vmhost\\\";N;s:16:\\\"vmhostcomputerid\\\";N;s:8:\\\"location\\\";s:0:\\\"\\\";s:14:\\\"provisioningid\\\";s:1:\\\"9\\\";s:12:\\\"provisioning\\\";s:26:\\\"Libvirt Virtualization API\\\";s:11:\\\"vmprofileid\\\";N;s:18:\\\"predictivemoduleid\\\";s:2:\\\"31\\\";s:16:\\\"predictivemodule\\\";s:34:\\\"Unload/power off after reservation\\\";s:9:\\\"nathostid\\\";N;s:16:\\\"nathostenabledid\\\";N;s:18:\\\"natpublicIPaddress\\\";s:0:\\\"\\\";s:20:\\\"natinternalIPaddress\\\";s:0:\\\"\\\";s:10:\\\"natenabled\\\";i:0;s:7:\\\"nathost\\\";s:0:\\\"\\\";s:14:\\\"nathostenabled\\\";i:0;}}\', 1, NULL, \'ec813703c00cadbc29059e951f2c9e69\')'),(1,'2017-11-30 14:35:53','AJeditResource','DELETE FROM semaphore WHERE procid = \'localhost-23522-5a205d99acd67\''),(1,'2017-11-30 14:36:01','AJsaveResource','UPDATE computer SET `provisioningid` = \'7\' WHERE id = 4'),(1,'2017-11-30 14:36:01','AJsaveResource','DELETE FROM semaphore WHERE procid = \'localhost-23558-5a205da1b70c8\''),(1,'2017-11-30 14:36:02','AJeditResource','INSERT INTO continuations (id, userid, expiretime, frommode, tomode, data, multicall, parentid, deletefromid) VALUES (\'432ec41e6b33dba881212a7d294c2e4c\', 1, \'2017-12-07 14:36:02\', \'AJeditResource\', \'AJsaveResource\', \'a:3:{s:3:\\\"obj\\\";O:8:\\\"Computer\\\":13:{s:7:\\\"restype\\\";s:8:\\\"computer\\\";s:11:\\\"restypename\\\";s:8:\\\"Computer\\\";s:10:\\\"hasmapping\\\";i:0;s:7:\\\"maptype\\\";s:0:\\\"\\\";s:11:\\\"maptypename\\\";s:0:\\\"\\\";s:9:\\\"basecdata\\\";a:1:{s:3:\\\"obj\\\";r:2;}s:18:\\\"defaultGetDataArgs\\\";a:3:{s:4:\\\"sort\\\";i:0;s:14:\\\"includedeleted\\\";i:0;s:5:\\\"rscid\\\";s:0:\\\"\\\";}s:9:\\\"deletable\\\";i:1;s:13:\\\"deletetoggled\\\";i:1;s:6:\\\"errmsg\\\";N;s:9:\\\"namefield\\\";s:8:\\\"hostname\\\";s:7:\\\"addable\\\";i:1;s:8:\\\"jsondata\\\";a:1:{s:10:\\\"showcancel\\\";i:0;}}s:5:\\\"rscid\\\";s:1:\\\"5\\\";s:7:\\\"olddata\\\";a:44:{s:2:\\\"id\\\";s:1:\\\"5\\\";s:5:\\\"state\\\";s:11:\\\"maintenance\\\";s:7:\\\"stateid\\\";s:2:\\\"10\\\";s:5:\\\"owner\\\";s:11:\\\"admin@Local\\\";s:7:\\\"ownerid\\\";s:1:\\\"1\\\";s:8:\\\"platform\\\";s:4:\\\"i386\\\";s:10:\\\"platformid\\\";s:1:\\\"1\\\";s:8:\\\"schedule\\\";s:8:\\\"VCL 24x7\\\";s:10:\\\"scheduleid\\\";s:1:\\\"1\\\";s:10:\\\"currentimg\\\";s:8:\\\"No Image\\\";s:12:\\\"currentimgid\\\";s:1:\\\"1\\\";s:15:\\\"imagerevisionid\\\";s:1:\\\"1\\\";s:13:\\\"imagerevision\\\";s:1:\\\"0\\\";s:7:\\\"nextimg\\\";s:8:\\\"No Image\\\";s:9:\\\"nextimgid\\\";s:1:\\\"1\\\";s:3:\\\"ram\\\";s:4:\\\"4096\\\";s:10:\\\"procnumber\\\";s:1:\\\"4\\\";s:9:\\\"procspeed\\\";s:4:\\\"3000\\\";s:7:\\\"network\\\";s:4:\\\"1000\\\";s:8:\\\"hostname\\\";s:13:\\\"TestComputer4\\\";s:9:\\\"IPaddress\\\";s:11:\\\"10.10.11.14\\\";s:16:\\\"privateIPaddress\\\";s:10:\\\"10.10.22.4\\\";s:14:\\\"eth0macaddress\\\";s:17:\\\"20:22:78:33:02:07\\\";s:14:\\\"eth1macaddress\\\";s:17:\\\"20:22:78:33:02:08\\\";s:4:\\\"type\\\";s:14:\\\"virtualmachine\\\";s:7:\\\"deleted\\\";s:1:\\\"0\\\";s:10:\\\"resourceid\\\";s:2:\\\"15\\\";s:5:\\\"notes\\\";N;s:8:\\\"vmhostid\\\";N;s:6:\\\"vmhost\\\";N;s:16:\\\"vmhostcomputerid\\\";N;s:8:\\\"location\\\";s:0:\\\"\\\";s:14:\\\"provisioningid\\\";s:1:\\\"9\\\";s:12:\\\"provisioning\\\";s:26:\\\"Libvirt Virtualization API\\\";s:11:\\\"vmprofileid\\\";N;s:18:\\\"predictivemoduleid\\\";s:2:\\\"31\\\";s:16:\\\"predictivemodule\\\";s:34:\\\"Unload/power off after reservation\\\";s:9:\\\"nathostid\\\";N;s:16:\\\"nathostenabledid\\\";N;s:18:\\\"natpublicIPaddress\\\";s:0:\\\"\\\";s:20:\\\"natinternalIPaddress\\\";s:0:\\\"\\\";s:10:\\\"natenabled\\\";i:0;s:7:\\\"nathost\\\";s:0:\\\"\\\";s:14:\\\"nathostenabled\\\";i:0;}}\', 1, NULL, \'432ec41e6b33dba881212a7d294c2e4c\')'),(1,'2017-11-30 14:36:02','AJeditResource','DELETE FROM semaphore WHERE procid = \'localhost-23558-5a205da2de42c\''),(1,'2017-11-30 14:36:07','AJsaveResource','UPDATE computer SET `provisioningid` = \'7\' WHERE id = 5'),(1,'2017-11-30 14:36:07','AJsaveResource','DELETE FROM semaphore WHERE procid = \'localhost-23558-5a205da745a72\''),(1,'2017-11-30 14:36:09','AJeditResource','INSERT INTO continuations (id, userid, expiretime, frommode, tomode, data, multicall, parentid, deletefromid) VALUES (\'d1b0651b7085c75105a6f21fa9161012\', 1, \'2017-12-07 14:36:09\', \'AJeditResource\', \'AJsaveResource\', \'a:3:{s:3:\\\"obj\\\";O:8:\\\"Computer\\\":13:{s:7:\\\"restype\\\";s:8:\\\"computer\\\";s:11:\\\"restypename\\\";s:8:\\\"Computer\\\";s:10:\\\"hasmapping\\\";i:0;s:7:\\\"maptype\\\";s:0:\\\"\\\";s:11:\\\"maptypename\\\";s:0:\\\"\\\";s:9:\\\"basecdata\\\";a:1:{s:3:\\\"obj\\\";r:2;}s:18:\\\"defaultGetDataArgs\\\";a:3:{s:4:\\\"sort\\\";i:0;s:14:\\\"includedeleted\\\";i:0;s:5:\\\"rscid\\\";s:0:\\\"\\\";}s:9:\\\"deletable\\\";i:1;s:13:\\\"deletetoggled\\\";i:1;s:6:\\\"errmsg\\\";N;s:9:\\\"namefield\\\";s:8:\\\"hostname\\\";s:7:\\\"addable\\\";i:1;s:8:\\\"jsondata\\\";a:1:{s:10:\\\"showcancel\\\";i:0;}}s:5:\\\"rscid\\\";s:1:\\\"6\\\";s:7:\\\"olddata\\\";a:44:{s:2:\\\"id\\\";s:1:\\\"6\\\";s:5:\\\"state\\\";s:11:\\\"maintenance\\\";s:7:\\\"stateid\\\";s:2:\\\"10\\\";s:5:\\\"owner\\\";s:11:\\\"admin@Local\\\";s:7:\\\"ownerid\\\";s:1:\\\"1\\\";s:8:\\\"platform\\\";s:4:\\\"i386\\\";s:10:\\\"platformid\\\";s:1:\\\"1\\\";s:8:\\\"schedule\\\";s:8:\\\"VCL 24x7\\\";s:10:\\\"scheduleid\\\";s:1:\\\"1\\\";s:10:\\\"currentimg\\\";s:8:\\\"No Image\\\";s:12:\\\"currentimgid\\\";s:1:\\\"1\\\";s:15:\\\"imagerevisionid\\\";s:1:\\\"1\\\";s:13:\\\"imagerevision\\\";s:1:\\\"0\\\";s:7:\\\"nextimg\\\";s:8:\\\"No Image\\\";s:9:\\\"nextimgid\\\";s:1:\\\"1\\\";s:3:\\\"ram\\\";s:4:\\\"4096\\\";s:10:\\\"procnumber\\\";s:1:\\\"4\\\";s:9:\\\"procspeed\\\";s:4:\\\"3000\\\";s:7:\\\"network\\\";s:4:\\\"1000\\\";s:8:\\\"hostname\\\";s:13:\\\"TestComputer5\\\";s:9:\\\"IPaddress\\\";s:11:\\\"10.10.11.15\\\";s:16:\\\"privateIPaddress\\\";s:10:\\\"10.10.22.5\\\";s:14:\\\"eth0macaddress\\\";s:17:\\\"20:22:78:33:02:09\\\";s:14:\\\"eth1macaddress\\\";s:17:\\\"20:22:78:33:02:0a\\\";s:4:\\\"type\\\";s:14:\\\"virtualmachine\\\";s:7:\\\"deleted\\\";s:1:\\\"0\\\";s:10:\\\"resourceid\\\";s:2:\\\"16\\\";s:5:\\\"notes\\\";N;s:8:\\\"vmhostid\\\";N;s:6:\\\"vmhost\\\";N;s:16:\\\"vmhostcomputerid\\\";N;s:8:\\\"location\\\";s:0:\\\"\\\";s:14:\\\"provisioningid\\\";s:1:\\\"9\\\";s:12:\\\"provisioning\\\";s:26:\\\"Libvirt Virtualization API\\\";s:11:\\\"vmprofileid\\\";N;s:18:\\\"predictivemoduleid\\\";s:2:\\\"31\\\";s:16:\\\"predictivemodule\\\";s:34:\\\"Unload/power off after reservation\\\";s:9:\\\"nathostid\\\";N;s:16:\\\"nathostenabledid\\\";N;s:18:\\\"natpublicIPaddress\\\";s:0:\\\"\\\";s:20:\\\"natinternalIPaddress\\\";s:0:\\\"\\\";s:10:\\\"natenabled\\\";i:0;s:7:\\\"nathost\\\";s:0:\\\"\\\";s:14:\\\"nathostenabled\\\";i:0;}}\', 1, NULL, \'d1b0651b7085c75105a6f21fa9161012\')'),(1,'2017-11-30 14:36:09','AJeditResource','DELETE FROM semaphore WHERE procid = \'localhost-23558-5a205da9b728c\''),(1,'2017-11-30 14:36:13','AJsaveResource','UPDATE computer SET `provisioningid` = \'7\' WHERE id = 6'),(1,'2017-11-30 14:36:13','AJsaveResource','DELETE FROM semaphore WHERE procid = \'localhost-23558-5a205dad89ee6\''),(1,'2017-11-30 14:36:17','editVMInfo','DELETE FROM semaphore WHERE procid = \'localhost-23558-5a205db0e2f8b\''),(1,'2017-11-30 14:36:19','vmhostdata','DELETE FROM semaphore WHERE procid = \'localhost-23642-5a205db3aacf4\''),(1,'2017-11-30 14:36:25','AJvmToHost','INSERT INTO continuations (id, userid, expiretime, frommode, tomode, data, multicall, parentid, deletefromid) VALUES (\'c058e37c7fd11f5cc25aa9aaef692d47\', 1, \'2017-12-01 14:36:25\', \'AJvmToHost\', \'changeLocale\', \'a:3:{s:2:\\\"IP\\\";s:9:\\\"127.0.0.1\\\";s:7:\\\"oldmode\\\";s:10:\\\"AJvmToHost\\\";s:6:\\\"locale\\\";s:5:\\\"en_US\\\";}\', 1, NULL, \'c058e37c7fd11f5cc25aa9aaef692d47\')'),(1,'2017-11-30 14:36:25','AJvmToHost','INSERT INTO continuations (id, userid, expiretime, frommode, tomode, data, multicall, parentid, deletefromid) VALUES (\'80ca97ff36637bc4d703d4a339d43a04\', 1, \'2017-12-01 14:36:25\', \'AJvmToHost\', \'changeLocale\', \'a:3:{s:2:\\\"IP\\\";s:9:\\\"127.0.0.1\\\";s:7:\\\"oldmode\\\";s:10:\\\"AJvmToHost\\\";s:6:\\\"locale\\\";s:5:\\\"es_CR\\\";}\', 1, NULL, \'80ca97ff36637bc4d703d4a339d43a04\')'),(1,'2017-11-30 14:36:25','AJvmToHost','INSERT INTO continuations (id, userid, expiretime, frommode, tomode, data, multicall, parentid, deletefromid) VALUES (\'70f6d3a726ff5b6259ccab5479495533\', 1, \'2017-12-01 14:36:25\', \'AJvmToHost\', \'changeLocale\', \'a:3:{s:2:\\\"IP\\\";s:9:\\\"127.0.0.1\\\";s:7:\\\"oldmode\\\";s:10:\\\"AJvmToHost\\\";s:6:\\\"locale\\\";s:5:\\\"es_MX\\\";}\', 1, NULL, \'70f6d3a726ff5b6259ccab5479495533\')'),(1,'2017-11-30 14:36:25','AJvmToHost','INSERT INTO continuations (id, userid, expiretime, frommode, tomode, data, multicall, parentid, deletefromid) VALUES (\'d0a68a7f6b9bd612934dc01cfe7bff81\', 1, \'2017-12-01 14:36:25\', \'AJvmToHost\', \'changeLocale\', \'a:3:{s:2:\\\"IP\\\";s:9:\\\"127.0.0.1\\\";s:7:\\\"oldmode\\\";s:10:\\\"AJvmToHost\\\";s:6:\\\"locale\\\";s:5:\\\"fr_CA\\\";}\', 1, NULL, \'d0a68a7f6b9bd612934dc01cfe7bff81\')'),(1,'2017-11-30 14:36:25','AJvmToHost','INSERT INTO continuations (id, userid, expiretime, frommode, tomode, data, multicall, parentid, deletefromid) VALUES (\'8c111f4b4f9bbb3d2f4d00ffe003c4c4\', 1, \'2017-12-01 14:36:25\', \'AJvmToHost\', \'changeLocale\', \'a:3:{s:2:\\\"IP\\\";s:9:\\\"127.0.0.1\\\";s:7:\\\"oldmode\\\";s:10:\\\"AJvmToHost\\\";s:6:\\\"locale\\\";s:5:\\\"ja_JP\\\";}\', 1, NULL, \'8c111f4b4f9bbb3d2f4d00ffe003c4c4\')'),(1,'2017-11-30 14:36:25','AJvmToHost','INSERT INTO continuations (id, userid, expiretime, frommode, tomode, data, multicall, parentid, deletefromid) VALUES (\'cbd854906bedc89c0b41ce2e012830fd\', 1, \'2017-12-01 14:36:25\', \'AJvmToHost\', \'changeLocale\', \'a:3:{s:2:\\\"IP\\\";s:9:\\\"127.0.0.1\\\";s:7:\\\"oldmode\\\";s:10:\\\"AJvmToHost\\\";s:6:\\\"locale\\\";s:5:\\\"pt_PT\\\";}\', 1, NULL, \'cbd854906bedc89c0b41ce2e012830fd\')'),(1,'2017-11-30 14:36:25','AJvmToHost','INSERT INTO continuations (id, userid, expiretime, frommode, tomode, data, multicall, parentid, deletefromid) VALUES (\'8e331c9df25724f2caa37319730c2e1e\', 1, \'2017-12-01 14:36:25\', \'AJvmToHost\', \'changeLocale\', \'a:3:{s:2:\\\"IP\\\";s:9:\\\"127.0.0.1\\\";s:7:\\\"oldmode\\\";s:10:\\\"AJvmToHost\\\";s:6:\\\"locale\\\";s:5:\\\"zh_CN\\\";}\', 1, NULL, \'8e331c9df25724f2caa37319730c2e1e\')'),(1,'2017-11-30 14:36:25','AJvmToHost','UPDATE computer SET vmhostid = 1, stateid = 2 WHERE id = 6'),(1,'2017-11-30 14:36:25','AJvmToHost','UPDATE computer SET vmhostid = 1, stateid = 2 WHERE id = 5'),(1,'2017-11-30 14:36:25','AJvmToHost','UPDATE computer SET vmhostid = 1, stateid = 2 WHERE id = 4'),(1,'2017-11-30 14:36:25','AJvmToHost','UPDATE computer SET vmhostid = 1, stateid = 2 WHERE id = 3'),(1,'2017-11-30 14:36:25','AJvmToHost','UPDATE computer SET vmhostid = 1, stateid = 2 WHERE id = 2'),(1,'2017-11-30 14:36:25','AJvmToHost','DELETE FROM semaphore WHERE procid = \'localhost-23642-5a205db929d2c\''),(1,'2017-11-30 14:36:27','viewRequests','DELETE FROM semaphore WHERE procid = \'localhost-23642-5a205dbad93a6\''),(1,'2017-11-30 14:36:28','viewRequests','DELETE FROM semaphore WHERE procid = \'localhost-23642-5a205dbc3ec85\''),(1,'2017-11-30 14:36:30','AJupdateWaitTime','INSERT INTO VMhostCheck SELECT c.RAM, SUM(i.minram), v.id FROM vmhost v LEFT JOIN computer c ON (v.computerid = c.id) LEFT JOIN computer c2 ON (v.id = c2.vmhostid) LEFT JOIN image i ON (c2.currentimageid = i.id) WHERE c.stateid = 20 GROUP BY v.id'),(1,'2017-11-30 14:36:30','AJupdateWaitTime','DELETE FROM semaphore WHERE procid = \'localhost-23642-5a205dbe1f748\''),(1,'2017-11-30 14:36:43','AJnewRequest','INSERT INTO continuations (id, userid, expiretime, frommode, tomode, data, multicall, parentid, deletefromid) VALUES (\'f3bca5387feb0e39da89ca8f4f31e0ad\', 1, \'2017-12-01 14:36:43\', \'AJnewRequest\', \'changeLocale\', \'a:3:{s:2:\\\"IP\\\";s:9:\\\"127.0.0.1\\\";s:7:\\\"oldmode\\\";s:12:\\\"AJnewRequest\\\";s:6:\\\"locale\\\";s:5:\\\"en_US\\\";}\', 1, NULL, \'f3bca5387feb0e39da89ca8f4f31e0ad\')'),(1,'2017-11-30 14:36:43','AJnewRequest','INSERT INTO continuations (id, userid, expiretime, frommode, tomode, data, multicall, parentid, deletefromid) VALUES (\'ad7e5ac8a146c019d2c786881f76868b\', 1, \'2017-12-01 14:36:43\', \'AJnewRequest\', \'changeLocale\', \'a:3:{s:2:\\\"IP\\\";s:9:\\\"127.0.0.1\\\";s:7:\\\"oldmode\\\";s:12:\\\"AJnewRequest\\\";s:6:\\\"locale\\\";s:5:\\\"es_CR\\\";}\', 1, NULL, \'ad7e5ac8a146c019d2c786881f76868b\')'),(1,'2017-11-30 14:36:43','AJnewRequest','INSERT INTO continuations (id, userid, expiretime, frommode, tomode, data, multicall, parentid, deletefromid) VALUES (\'7c7a16ef0bc05cb5b7ed6b592df53357\', 1, \'2017-12-01 14:36:43\', \'AJnewRequest\', \'changeLocale\', \'a:3:{s:2:\\\"IP\\\";s:9:\\\"127.0.0.1\\\";s:7:\\\"oldmode\\\";s:12:\\\"AJnewRequest\\\";s:6:\\\"locale\\\";s:5:\\\"es_MX\\\";}\', 1, NULL, \'7c7a16ef0bc05cb5b7ed6b592df53357\')'),(1,'2017-11-30 14:36:43','AJnewRequest','INSERT INTO continuations (id, userid, expiretime, frommode, tomode, data, multicall, parentid, deletefromid) VALUES (\'e34eb7f871092cbf71e65cd7ab53973b\', 1, \'2017-12-01 14:36:43\', \'AJnewRequest\', \'changeLocale\', \'a:3:{s:2:\\\"IP\\\";s:9:\\\"127.0.0.1\\\";s:7:\\\"oldmode\\\";s:12:\\\"AJnewRequest\\\";s:6:\\\"locale\\\";s:5:\\\"fr_CA\\\";}\', 1, NULL, \'e34eb7f871092cbf71e65cd7ab53973b\')'),(1,'2017-11-30 14:36:43','AJnewRequest','INSERT INTO continuations (id, userid, expiretime, frommode, tomode, data, multicall, parentid, deletefromid) VALUES (\'b285a97d1a429df560e4816a673af498\', 1, \'2017-12-01 14:36:43\', \'AJnewRequest\', \'changeLocale\', \'a:3:{s:2:\\\"IP\\\";s:9:\\\"127.0.0.1\\\";s:7:\\\"oldmode\\\";s:12:\\\"AJnewRequest\\\";s:6:\\\"locale\\\";s:5:\\\"ja_JP\\\";}\', 1, NULL, \'b285a97d1a429df560e4816a673af498\')'),(1,'2017-11-30 14:36:43','AJnewRequest','INSERT INTO continuations (id, userid, expiretime, frommode, tomode, data, multicall, parentid, deletefromid) VALUES (\'c06aed07f26cd4d433db4756807867d1\', 1, \'2017-12-01 14:36:43\', \'AJnewRequest\', \'changeLocale\', \'a:3:{s:2:\\\"IP\\\";s:9:\\\"127.0.0.1\\\";s:7:\\\"oldmode\\\";s:12:\\\"AJnewRequest\\\";s:6:\\\"locale\\\";s:5:\\\"pt_PT\\\";}\', 1, NULL, \'c06aed07f26cd4d433db4756807867d1\')'),(1,'2017-11-30 14:36:43','AJnewRequest','INSERT INTO continuations (id, userid, expiretime, frommode, tomode, data, multicall, parentid, deletefromid) VALUES (\'c566152c11c52cc6fd9495f344d539d9\', 1, \'2017-12-01 14:36:43\', \'AJnewRequest\', \'changeLocale\', \'a:3:{s:2:\\\"IP\\\";s:9:\\\"127.0.0.1\\\";s:7:\\\"oldmode\\\";s:12:\\\"AJnewRequest\\\";s:6:\\\"locale\\\";s:5:\\\"zh_CN\\\";}\', 1, NULL, \'c566152c11c52cc6fd9495f344d539d9\')'),(1,'2017-11-30 14:36:43','AJnewRequest','INSERT INTO VMhostCheck SELECT c.RAM, SUM(i.minram), v.id FROM vmhost v LEFT JOIN computer c ON (v.computerid = c.id) LEFT JOIN computer c2 ON (v.id = c2.vmhostid) LEFT JOIN image i ON (c2.currentimageid = i.id) WHERE c.stateid = 20 GROUP BY v.id'),(1,'2017-11-30 14:36:43','AJnewRequest','INSERT INTO semaphore SELECT c.id, 2, 2, 1, NOW() + INTERVAL 45 SECOND, \'localhost-23749-5a205dcb05947\' FROM computer c LEFT JOIN semaphore s ON (c.id = s.computerid) WHERE c.id = 2 AND (s.expires IS NULL OR s.expires < NOW()) LIMIT 1'),(1,'2017-11-30 14:36:43','AJnewRequest','INSERT INTO log (userid, nowfuture, start, initialend, finalend, wasavailable, ending, imageid) VALUES (1, \'now\', \'2017-11-30 14:36:43\', \'2017-11-30 15:45:00\', \'2017-11-30 15:45:00\', 1, \'none\', 2)'),(1,'2017-11-30 14:36:43','AJnewRequest','INSERT INTO request (stateid, userid, laststateid, logid, forimaging, start, end, daterequested, checkuser) VALUES (13, 1, 13, 1, 0, \'2017-11-30 14:30:00\', \'2017-11-30 15:45:00\', NOW(), 1)'),(1,'2017-11-30 14:36:43','AJnewRequest','UPDATE log SET requestid = 1 WHERE id = 1'),(1,'2017-11-30 14:36:43','AJnewRequest','INSERT INTO sublog (logid, imageid, imagerevisionid, computerid, managementnodeid, predictivemoduleid, hostcomputerid) VALUES (1, 2, 2, 2, 1, 31, 1)'),(1,'2017-11-30 14:36:43','AJnewRequest','INSERT INTO reservation (requestid, computerid, imageid, imagerevisionid, managementnodeid) SELECT 1, computerid, imageid, imagerevisionid, managementnodeid FROM semaphore WHERE expires > NOW() AND procid = \'localhost-23749-5a205dcb05947\''),(1,'2017-11-30 14:36:43','AJnewRequest','INSERT INTO changelog (logid, start, end, timestamp) VALUES (1, \'2017-11-30 14:36:43\', \'2017-11-30 15:45:00\', NOW())'),(1,'2017-11-30 14:36:43','AJnewRequest','DELETE FROM semaphore WHERE procid = \'localhost-23749-5a205dcb05947\''),(1,'2017-11-30 14:36:43','AJnewRequest','DELETE FROM semaphore WHERE procid = \'localhost-23749-5a205dcb05947\''),(1,'2017-11-30 14:36:43','AJviewRequests','INSERT INTO continuations (id, userid, expiretime, frommode, tomode, data, multicall, parentid, deletefromid) VALUES (\'fbbea773528918058cd4d95c63ae5940\', 1, \'2017-12-01 14:36:43\', \'AJviewRequests\', \'changeLocale\', \'a:3:{s:2:\\\"IP\\\";s:9:\\\"127.0.0.1\\\";s:7:\\\"oldmode\\\";s:14:\\\"AJviewRequests\\\";s:6:\\\"locale\\\";s:5:\\\"en_US\\\";}\', 1, NULL, \'fbbea773528918058cd4d95c63ae5940\')'),(1,'2017-11-30 14:36:43','AJviewRequests','INSERT INTO continuations (id, userid, expiretime, frommode, tomode, data, multicall, parentid, deletefromid) VALUES (\'350e50b4ebbb378b2e3934ce12cff29d\', 1, \'2017-12-01 14:36:43\', \'AJviewRequests\', \'changeLocale\', \'a:3:{s:2:\\\"IP\\\";s:9:\\\"127.0.0.1\\\";s:7:\\\"oldmode\\\";s:14:\\\"AJviewRequests\\\";s:6:\\\"locale\\\";s:5:\\\"es_CR\\\";}\', 1, NULL, \'350e50b4ebbb378b2e3934ce12cff29d\')'),(1,'2017-11-30 14:36:43','AJviewRequests','INSERT INTO continuations (id, userid, expiretime, frommode, tomode, data, multicall, parentid, deletefromid) VALUES (\'f860b5c4202089c5c401b5cf17f62837\', 1, \'2017-12-01 14:36:43\', \'AJviewRequests\', \'changeLocale\', \'a:3:{s:2:\\\"IP\\\";s:9:\\\"127.0.0.1\\\";s:7:\\\"oldmode\\\";s:14:\\\"AJviewRequests\\\";s:6:\\\"locale\\\";s:5:\\\"es_MX\\\";}\', 1, NULL, \'f860b5c4202089c5c401b5cf17f62837\')'),(1,'2017-11-30 14:36:43','AJviewRequests','INSERT INTO continuations (id, userid, expiretime, frommode, tomode, data, multicall, parentid, deletefromid) VALUES (\'9f470e39d51536bb93216dc1bd19d6e2\', 1, \'2017-12-01 14:36:43\', \'AJviewRequests\', \'changeLocale\', \'a:3:{s:2:\\\"IP\\\";s:9:\\\"127.0.0.1\\\";s:7:\\\"oldmode\\\";s:14:\\\"AJviewRequests\\\";s:6:\\\"locale\\\";s:5:\\\"fr_CA\\\";}\', 1, NULL, \'9f470e39d51536bb93216dc1bd19d6e2\')'),(1,'2017-11-30 14:36:43','AJviewRequests','INSERT INTO continuations (id, userid, expiretime, frommode, tomode, data, multicall, parentid, deletefromid) VALUES (\'994afb5462c7a5dc6f0f2b67e1d0b77a\', 1, \'2017-12-01 14:36:43\', \'AJviewRequests\', \'changeLocale\', \'a:3:{s:2:\\\"IP\\\";s:9:\\\"127.0.0.1\\\";s:7:\\\"oldmode\\\";s:14:\\\"AJviewRequests\\\";s:6:\\\"locale\\\";s:5:\\\"ja_JP\\\";}\', 1, NULL, \'994afb5462c7a5dc6f0f2b67e1d0b77a\')'),(1,'2017-11-30 14:36:43','AJviewRequests','INSERT INTO continuations (id, userid, expiretime, frommode, tomode, data, multicall, parentid, deletefromid) VALUES (\'7826e4b7c8cd661d809bc1a4fe27a04e\', 1, \'2017-12-01 14:36:43\', \'AJviewRequests\', \'changeLocale\', \'a:3:{s:2:\\\"IP\\\";s:9:\\\"127.0.0.1\\\";s:7:\\\"oldmode\\\";s:14:\\\"AJviewRequests\\\";s:6:\\\"locale\\\";s:5:\\\"pt_PT\\\";}\', 1, NULL, \'7826e4b7c8cd661d809bc1a4fe27a04e\')'),(1,'2017-11-30 14:36:43','AJviewRequests','INSERT INTO continuations (id, userid, expiretime, frommode, tomode, data, multicall, parentid, deletefromid) VALUES (\'35783e4f444253faf0bc9225c393f388\', 1, \'2017-12-01 14:36:43\', \'AJviewRequests\', \'changeLocale\', \'a:3:{s:2:\\\"IP\\\";s:9:\\\"127.0.0.1\\\";s:7:\\\"oldmode\\\";s:14:\\\"AJviewRequests\\\";s:6:\\\"locale\\\";s:5:\\\"zh_CN\\\";}\', 1, NULL, \'35783e4f444253faf0bc9225c393f388\')'),(1,'2017-11-30 14:36:43','AJviewRequests','INSERT INTO continuations (id, userid, expiretime, frommode, tomode, data, multicall, parentid, deletefromid) VALUES (\'f297daa14678ad84edcfc631e34f840a\', 1, \'2017-12-01 14:36:43\', \'AJviewRequests\', \'AJconfirmDeleteRequest\', \'a:2:{s:9:\\\"requestid\\\";s:1:\\\"1\\\";s:10:\\\"notbyowner\\\";i:0;}\', 1, NULL, \'f297daa14678ad84edcfc631e34f840a\')'),(1,'2017-11-30 14:36:43','AJviewRequests','INSERT INTO continuations (id, userid, expiretime, frommode, tomode, data, multicall, parentid, deletefromid) VALUES (\'27e8124c761ade8ee7d526be1832291f\', 1, \'2017-12-01 14:36:43\', \'AJviewRequests\', \'AJeditRequest\', \'a:1:{s:9:\\\"requestid\\\";s:1:\\\"1\\\";}\', 1, NULL, \'27e8124c761ade8ee7d526be1832291f\')'),(1,'2017-11-30 14:36:43','AJviewRequests','INSERT INTO continuations (id, userid, expiretime, frommode, tomode, data, multicall, parentid, deletefromid) VALUES (\'22f5cf62d59d50c5582e36eacbec16fc\', 1, \'2017-12-01 14:36:43\', \'AJviewRequests\', \'AJstartImage\', \'a:1:{s:9:\\\"requestid\\\";s:1:\\\"1\\\";}\', 1, NULL, \'22f5cf62d59d50c5582e36eacbec16fc\')'),(1,'2017-11-30 14:36:43','AJviewRequests','INSERT INTO continuations (id, userid, expiretime, frommode, tomode, data, multicall, parentid, deletefromid) VALUES (\'da4009273c8071aff1e7f5b4d52be74f\', 1, \'2017-12-01 14:36:43\', \'AJviewRequests\', \'AJviewRequests\', \'a:0:{}\', 1, NULL, \'da4009273c8071aff1e7f5b4d52be74f\')'),(1,'2017-11-30 14:36:43','AJviewRequests','INSERT INTO continuations (id, userid, expiretime, frommode, tomode, data, multicall, parentid, deletefromid) VALUES (\'2d4f7982a8fe3567205da183262a2ae9\', 1, \'2017-12-07 14:36:43\', \'AJviewRequests\', \'AJpreviewClickThrough\', \'a:0:{}\', 1, NULL, \'2d4f7982a8fe3567205da183262a2ae9\')'),(1,'2017-11-30 14:36:43','AJviewRequests','DELETE FROM semaphore WHERE procid = \'localhost-23749-5a205dcb1f926\''),(1,'2017-11-30 14:37:03','AJviewRequests','DELETE FROM semaphore WHERE procid = \'localhost-23757-5a205ddf4b4cd\''),(1,'2017-11-30 14:37:22','viewRequests','INSERT INTO continuations (id, userid, expiretime, frommode, tomode, data, multicall, parentid, deletefromid) VALUES (\'d4296aa9c06461cdc7f5f44403bbeadf\', 1, \'2017-12-01 14:37:22\', \'viewRequests\', \'AJconfirmRemoveRequest\', \'a:1:{s:9:\\\"requestid\\\";s:1:\\\"1\\\";}\', 1, NULL, \'d4296aa9c06461cdc7f5f44403bbeadf\')'),(1,'2017-11-30 14:37:22','viewRequests','DELETE FROM semaphore WHERE procid = \'localhost-23760-5a205df222547\''),(1,'2017-12-05 09:41:49','main','DELETE FROM semaphore WHERE procid = \'localhost-21435-5a26b02cbd6b8\''),(1,'2017-12-05 09:41:51','viewRequests','INSERT IGNORE INTO imageconnectmethods SELECT DISTINCT i.id, ir.id, c.id, c.description, cm.disabled FROM image i LEFT JOIN OS o ON (o.id = i.OSid) LEFT JOIN OStype ot ON (ot.name = o.type) LEFT JOIN imagerevision ir ON (ir.imageid = i.id) LEFT JOIN connectmethodmap cm ON (cm.OStypeid = ot.id) LEFT JOIN connectmethod c ON (cm.connectmethodid = c.id) WHERE cm.autoprovisioned IS NULL HAVING c.id IS NOT NULL ORDER BY i.id, cm.disabled, c.description'),(1,'2017-12-05 09:41:51','viewRequests','INSERT IGNORE INTO imageconnectmethods SELECT DISTINCT i.id, ir.id, c.id, c.description, cm.disabled FROM image i LEFT JOIN OS o ON (o.id = i.OSid) LEFT JOIN OStype ot ON (ot.name = o.type) LEFT JOIN imagerevision ir ON (ir.imageid = i.id) LEFT JOIN connectmethodmap cm ON (cm.OSid = o.id) LEFT JOIN connectmethod c ON (cm.connectmethodid = c.id) WHERE cm.autoprovisioned IS NULL HAVING c.id IS NOT NULL ORDER BY i.id, cm.disabled, c.description'),(1,'2017-12-05 09:41:51','viewRequests','INSERT IGNORE INTO imageconnectmethods SELECT DISTINCT i.id, ir.id, c.id, c.description, cm.disabled FROM image i LEFT JOIN OS o ON (o.id = i.OSid) LEFT JOIN OStype ot ON (ot.name = o.type) LEFT JOIN imagerevision ir ON (ir.imageid = i.id) LEFT JOIN connectmethodmap cm ON (cm.imagerevisionid = ir.id) LEFT JOIN connectmethod c ON (cm.connectmethodid = c.id) WHERE cm.autoprovisioned IS NULL HAVING c.id IS NOT NULL ORDER BY i.id, cm.disabled, c.description'),(1,'2017-12-05 09:41:51','viewRequests','DELETE FROM semaphore WHERE procid = \'localhost-21435-5a26b02eec973\''),(1,'2017-12-05 09:41:58','AJupdateWaitTime','INSERT INTO VMhostCheck SELECT c.RAM, SUM(i.minram), v.id FROM vmhost v LEFT JOIN computer c ON (v.computerid = c.id) LEFT JOIN computer c2 ON (v.id = c2.vmhostid) LEFT JOIN image i ON (c2.currentimageid = i.id) WHERE c.stateid = 20 GROUP BY v.id'),(1,'2017-12-05 09:41:58','AJupdateWaitTime','DELETE FROM semaphore WHERE procid = \'localhost-11006-5a26b0364be49\''),(1,'2017-12-05 09:42:35','viewRequests','DELETE FROM semaphore WHERE procid = \'localhost-10931-5a26b05b5de77\''),(1,'2017-12-05 09:42:38','AJupdateWaitTime','INSERT INTO VMhostCheck SELECT c.RAM, SUM(i.minram), v.id FROM vmhost v LEFT JOIN computer c ON (v.computerid = c.id) LEFT JOIN computer c2 ON (v.id = c2.vmhostid) LEFT JOIN image i ON (c2.currentimageid = i.id) WHERE c.stateid = 20 GROUP BY v.id'),(1,'2017-12-05 09:42:38','AJupdateWaitTime','DELETE FROM semaphore WHERE procid = \'localhost-10931-5a26b05e0fc96\''),(1,'2017-12-05 09:56:28','AJnewRequest','INSERT INTO VMhostCheck SELECT c.RAM, SUM(i.minram), v.id FROM vmhost v LEFT JOIN computer c ON (v.computerid = c.id) LEFT JOIN computer c2 ON (v.id = c2.vmhostid) LEFT JOIN image i ON (c2.currentimageid = i.id) WHERE c.stateid = 20 GROUP BY v.id'),(1,'2017-12-05 09:56:28','AJnewRequest','INSERT INTO semaphore SELECT c.id, 2, 2, 1, NOW() + INTERVAL 45 SECOND, \'localhost-21433-5a26b0602dcae\' FROM computer c LEFT JOIN semaphore s ON (c.id = s.computerid) WHERE c.id = 3 AND (s.expires IS NULL OR s.expires < NOW()) LIMIT 1'),(1,'2017-12-05 09:56:28','AJnewRequest','INSERT INTO log (userid, nowfuture, start, initialend, finalend, wasavailable, ending, imageid) VALUES (1, \'now\', \'2017-12-05 09:56:28\', \'2017-12-05 10:45:00\', \'2017-12-05 10:45:00\', 1, \'none\', 2)'),(1,'2017-12-05 09:56:28','AJnewRequest','INSERT INTO request (stateid, userid, laststateid, logid, forimaging, start, end, daterequested, checkuser) VALUES (13, 1, 13, 2, 0, \'2017-12-05 09:45:00\', \'2017-12-05 10:45:00\', NOW(), 1)'),(1,'2017-12-05 09:56:28','AJnewRequest','UPDATE log SET requestid = 2 WHERE id = 2'),(1,'2017-12-05 09:56:28','AJnewRequest','INSERT INTO sublog (logid, imageid, imagerevisionid, computerid, managementnodeid, predictivemoduleid, hostcomputerid) VALUES (2, 2, 2, 3, 1, 31, 1)'),(1,'2017-12-05 09:56:28','AJnewRequest','INSERT INTO reservation (requestid, computerid, imageid, imagerevisionid, managementnodeid) SELECT 2, computerid, imageid, imagerevisionid, managementnodeid FROM semaphore WHERE expires > NOW() AND procid = \'localhost-21433-5a26b0602dcae\''),(1,'2017-12-05 09:56:28','AJnewRequest','INSERT INTO changelog (logid, start, end, timestamp) VALUES (2, \'2017-12-05 09:56:28\', \'2017-12-05 10:45:00\', NOW())'),(1,'2017-12-05 09:56:28','AJnewRequest','DELETE FROM semaphore WHERE procid = \'localhost-21433-5a26b0602dcae\''),(1,'2017-12-05 09:56:28','AJnewRequest','DELETE FROM semaphore WHERE procid = \'localhost-21433-5a26b0602dcae\''),(1,'2017-12-05 09:56:37','viewRequests','INSERT INTO continuations (id, userid, expiretime, frommode, tomode, data, multicall, parentid, deletefromid) VALUES (\'fb09f857845d1bd52ad5d1f00f3f53b6\', 1, \'2017-12-06 09:56:37\', \'viewRequests\', \'AJconfirmRemoveRequest\', \'a:1:{s:9:\\\"requestid\\\";s:1:\\\"2\\\";}\', 1, NULL, \'fb09f857845d1bd52ad5d1f00f3f53b6\')'),(1,'2017-12-05 09:56:37','viewRequests','DELETE FROM semaphore WHERE procid = \'localhost-11005-5a26b3a557d28\''),(1,'2017-12-05 09:56:42','AJconfirmRemoveRequest','INSERT INTO continuations (id, userid, expiretime, frommode, tomode, data, multicall, parentid, deletefromid) VALUES (\'058d12fbb990452da12c22ad14d5b210\', 1, \'2017-12-06 09:56:42\', \'AJconfirmRemoveRequest\', \'changeLocale\', \'a:3:{s:2:\\\"IP\\\";s:9:\\\"127.0.0.1\\\";s:7:\\\"oldmode\\\";s:22:\\\"AJconfirmRemoveRequest\\\";s:6:\\\"locale\\\";s:5:\\\"en_US\\\";}\', 1, NULL, \'058d12fbb990452da12c22ad14d5b210\')'),(1,'2017-12-05 09:56:42','AJconfirmRemoveRequest','INSERT INTO continuations (id, userid, expiretime, frommode, tomode, data, multicall, parentid, deletefromid) VALUES (\'1d2f9a735ce76f9a8a7f3b5a1a914812\', 1, \'2017-12-06 09:56:42\', \'AJconfirmRemoveRequest\', \'changeLocale\', \'a:3:{s:2:\\\"IP\\\";s:9:\\\"127.0.0.1\\\";s:7:\\\"oldmode\\\";s:22:\\\"AJconfirmRemoveRequest\\\";s:6:\\\"locale\\\";s:5:\\\"es_CR\\\";}\', 1, NULL, \'1d2f9a735ce76f9a8a7f3b5a1a914812\')'),(1,'2017-12-05 09:56:42','AJconfirmRemoveRequest','INSERT INTO continuations (id, userid, expiretime, frommode, tomode, data, multicall, parentid, deletefromid) VALUES (\'7dd0cab615378afba0224a82f5ed12b3\', 1, \'2017-12-06 09:56:42\', \'AJconfirmRemoveRequest\', \'changeLocale\', \'a:3:{s:2:\\\"IP\\\";s:9:\\\"127.0.0.1\\\";s:7:\\\"oldmode\\\";s:22:\\\"AJconfirmRemoveRequest\\\";s:6:\\\"locale\\\";s:5:\\\"es_MX\\\";}\', 1, NULL, \'7dd0cab615378afba0224a82f5ed12b3\')'),(1,'2017-12-05 09:56:42','AJconfirmRemoveRequest','INSERT INTO continuations (id, userid, expiretime, frommode, tomode, data, multicall, parentid, deletefromid) VALUES (\'c870828e03ac25979a957c2a50b8de87\', 1, \'2017-12-06 09:56:42\', \'AJconfirmRemoveRequest\', \'changeLocale\', \'a:3:{s:2:\\\"IP\\\";s:9:\\\"127.0.0.1\\\";s:7:\\\"oldmode\\\";s:22:\\\"AJconfirmRemoveRequest\\\";s:6:\\\"locale\\\";s:5:\\\"fr_CA\\\";}\', 1, NULL, \'c870828e03ac25979a957c2a50b8de87\')'),(1,'2017-12-05 09:56:42','AJconfirmRemoveRequest','INSERT INTO continuations (id, userid, expiretime, frommode, tomode, data, multicall, parentid, deletefromid) VALUES (\'94fc7647abc1a25c220e46704539a90e\', 1, \'2017-12-06 09:56:42\', \'AJconfirmRemoveRequest\', \'changeLocale\', \'a:3:{s:2:\\\"IP\\\";s:9:\\\"127.0.0.1\\\";s:7:\\\"oldmode\\\";s:22:\\\"AJconfirmRemoveRequest\\\";s:6:\\\"locale\\\";s:5:\\\"ja_JP\\\";}\', 1, NULL, \'94fc7647abc1a25c220e46704539a90e\')'),(1,'2017-12-05 09:56:42','AJconfirmRemoveRequest','INSERT INTO continuations (id, userid, expiretime, frommode, tomode, data, multicall, parentid, deletefromid) VALUES (\'8315e9323dd74212c395f0e955f9b2c7\', 1, \'2017-12-06 09:56:42\', \'AJconfirmRemoveRequest\', \'changeLocale\', \'a:3:{s:2:\\\"IP\\\";s:9:\\\"127.0.0.1\\\";s:7:\\\"oldmode\\\";s:22:\\\"AJconfirmRemoveRequest\\\";s:6:\\\"locale\\\";s:5:\\\"pt_PT\\\";}\', 1, NULL, \'8315e9323dd74212c395f0e955f9b2c7\')'),(1,'2017-12-05 09:56:42','AJconfirmRemoveRequest','INSERT INTO continuations (id, userid, expiretime, frommode, tomode, data, multicall, parentid, deletefromid) VALUES (\'2fb8097ce7a47698f7127375ad0980fc\', 1, \'2017-12-06 09:56:42\', \'AJconfirmRemoveRequest\', \'changeLocale\', \'a:3:{s:2:\\\"IP\\\";s:9:\\\"127.0.0.1\\\";s:7:\\\"oldmode\\\";s:22:\\\"AJconfirmRemoveRequest\\\";s:6:\\\"locale\\\";s:5:\\\"zh_CN\\\";}\', 1, NULL, \'2fb8097ce7a47698f7127375ad0980fc\')'),(1,'2017-12-05 09:56:42','AJconfirmRemoveRequest','INSERT INTO continuations (id, userid, expiretime, frommode, tomode, data, multicall, parentid, deletefromid) VALUES (\'2c72943f76bd76785dfecebafab07f0b\', 1, \'2017-12-06 09:56:42\', \'AJconfirmRemoveRequest\', \'AJsubmitRemoveRequest\', \'a:1:{s:9:\\\"requestid\\\";s:1:\\\"2\\\";}\', 0, \'fb09f857845d1bd52ad5d1f00f3f53b6\', \'fb09f857845d1bd52ad5d1f00f3f53b6\')'),(1,'2017-12-05 09:56:42','AJconfirmRemoveRequest','DELETE FROM semaphore WHERE procid = \'localhost-11005-5a26b3aa7e204\''),(1,'2017-12-05 09:56:44','AJsubmitRemoveRequest','INSERT INTO continuations (id, userid, expiretime, frommode, tomode, data, multicall, parentid, deletefromid) VALUES (\'e5feb138578f57585987075779d5b760\', 1, \'2017-12-06 09:56:44\', \'AJsubmitRemoveRequest\', \'changeLocale\', \'a:3:{s:2:\\\"IP\\\";s:9:\\\"127.0.0.1\\\";s:7:\\\"oldmode\\\";s:21:\\\"AJsubmitRemoveRequest\\\";s:6:\\\"locale\\\";s:5:\\\"en_US\\\";}\', 1, NULL, \'e5feb138578f57585987075779d5b760\')'),(1,'2017-12-05 09:56:44','AJsubmitRemoveRequest','INSERT INTO continuations (id, userid, expiretime, frommode, tomode, data, multicall, parentid, deletefromid) VALUES (\'1269688f774f4bd385fba1f40310a212\', 1, \'2017-12-06 09:56:44\', \'AJsubmitRemoveRequest\', \'changeLocale\', \'a:3:{s:2:\\\"IP\\\";s:9:\\\"127.0.0.1\\\";s:7:\\\"oldmode\\\";s:21:\\\"AJsubmitRemoveRequest\\\";s:6:\\\"locale\\\";s:5:\\\"es_CR\\\";}\', 1, NULL, \'1269688f774f4bd385fba1f40310a212\')'),(1,'2017-12-05 09:56:44','AJsubmitRemoveRequest','INSERT INTO continuations (id, userid, expiretime, frommode, tomode, data, multicall, parentid, deletefromid) VALUES (\'71df9f7b2a5be23c23ce9f30b99107e7\', 1, \'2017-12-06 09:56:44\', \'AJsubmitRemoveRequest\', \'changeLocale\', \'a:3:{s:2:\\\"IP\\\";s:9:\\\"127.0.0.1\\\";s:7:\\\"oldmode\\\";s:21:\\\"AJsubmitRemoveRequest\\\";s:6:\\\"locale\\\";s:5:\\\"es_MX\\\";}\', 1, NULL, \'71df9f7b2a5be23c23ce9f30b99107e7\')'),(1,'2017-12-05 09:56:44','AJsubmitRemoveRequest','INSERT INTO continuations (id, userid, expiretime, frommode, tomode, data, multicall, parentid, deletefromid) VALUES (\'4a8738480c564e9b51ce1316d69f3638\', 1, \'2017-12-06 09:56:44\', \'AJsubmitRemoveRequest\', \'changeLocale\', \'a:3:{s:2:\\\"IP\\\";s:9:\\\"127.0.0.1\\\";s:7:\\\"oldmode\\\";s:21:\\\"AJsubmitRemoveRequest\\\";s:6:\\\"locale\\\";s:5:\\\"fr_CA\\\";}\', 1, NULL, \'4a8738480c564e9b51ce1316d69f3638\')'),(1,'2017-12-05 09:56:44','AJsubmitRemoveRequest','INSERT INTO continuations (id, userid, expiretime, frommode, tomode, data, multicall, parentid, deletefromid) VALUES (\'41f123185287e43dd22fe69a6df4d1ee\', 1, \'2017-12-06 09:56:44\', \'AJsubmitRemoveRequest\', \'changeLocale\', \'a:3:{s:2:\\\"IP\\\";s:9:\\\"127.0.0.1\\\";s:7:\\\"oldmode\\\";s:21:\\\"AJsubmitRemoveRequest\\\";s:6:\\\"locale\\\";s:5:\\\"ja_JP\\\";}\', 1, NULL, \'41f123185287e43dd22fe69a6df4d1ee\')'),(1,'2017-12-05 09:56:44','AJsubmitRemoveRequest','INSERT INTO continuations (id, userid, expiretime, frommode, tomode, data, multicall, parentid, deletefromid) VALUES (\'9f8b5215965fcb26cabb60cd1c0dabe9\', 1, \'2017-12-06 09:56:44\', \'AJsubmitRemoveRequest\', \'changeLocale\', \'a:3:{s:2:\\\"IP\\\";s:9:\\\"127.0.0.1\\\";s:7:\\\"oldmode\\\";s:21:\\\"AJsubmitRemoveRequest\\\";s:6:\\\"locale\\\";s:5:\\\"pt_PT\\\";}\', 1, NULL, \'9f8b5215965fcb26cabb60cd1c0dabe9\')'),(1,'2017-12-05 09:56:44','AJsubmitRemoveRequest','INSERT INTO continuations (id, userid, expiretime, frommode, tomode, data, multicall, parentid, deletefromid) VALUES (\'03b47cdfcf293a600947a5f26486af9e\', 1, \'2017-12-06 09:56:44\', \'AJsubmitRemoveRequest\', \'changeLocale\', \'a:3:{s:2:\\\"IP\\\";s:9:\\\"127.0.0.1\\\";s:7:\\\"oldmode\\\";s:21:\\\"AJsubmitRemoveRequest\\\";s:6:\\\"locale\\\";s:5:\\\"zh_CN\\\";}\', 1, NULL, \'03b47cdfcf293a600947a5f26486af9e\')'),(1,'2017-12-05 09:56:44','AJviewRequests','DELETE FROM request WHERE id = 2'),(1,'2017-12-05 09:56:44','AJviewRequests','DELETE FROM reservation WHERE requestid = 2'),(1,'2017-12-05 09:56:44','AJviewRequests','DELETE FROM semaphore WHERE procid = \'localhost-11005-5a26b3ac72b5d\''),(1,'2017-12-05 09:56:46','AJupdateWaitTime','INSERT INTO VMhostCheck SELECT c.RAM, SUM(i.minram), v.id FROM vmhost v LEFT JOIN computer c ON (v.computerid = c.id) LEFT JOIN computer c2 ON (v.id = c2.vmhostid) LEFT JOIN image i ON (c2.currentimageid = i.id) WHERE c.stateid = 20 GROUP BY v.id'),(1,'2017-12-05 09:56:46','AJupdateWaitTime','DELETE FROM semaphore WHERE procid = \'localhost-11005-5a26b3ae75749\''),(1,'2017-12-05 10:13:02','AJnewRequest','INSERT IGNORE INTO imageconnectmethods SELECT DISTINCT i.id, ir.id, c.id, c.description, cm.disabled FROM image i LEFT JOIN OS o ON (o.id = i.OSid) LEFT JOIN OStype ot ON (ot.name = o.type) LEFT JOIN imagerevision ir ON (ir.imageid = i.id) LEFT JOIN connectmethodmap cm ON (cm.OStypeid = ot.id) LEFT JOIN connectmethod c ON (cm.connectmethodid = c.id) WHERE cm.autoprovisioned IS NULL HAVING c.id IS NOT NULL ORDER BY i.id, cm.disabled, c.description'),(1,'2017-12-05 10:13:02','AJnewRequest','INSERT IGNORE INTO imageconnectmethods SELECT DISTINCT i.id, ir.id, c.id, c.description, cm.disabled FROM image i LEFT JOIN OS o ON (o.id = i.OSid) LEFT JOIN OStype ot ON (ot.name = o.type) LEFT JOIN imagerevision ir ON (ir.imageid = i.id) LEFT JOIN connectmethodmap cm ON (cm.OSid = o.id) LEFT JOIN connectmethod c ON (cm.connectmethodid = c.id) WHERE cm.autoprovisioned IS NULL HAVING c.id IS NOT NULL ORDER BY i.id, cm.disabled, c.description'),(1,'2017-12-05 10:13:02','AJnewRequest','INSERT IGNORE INTO imageconnectmethods SELECT DISTINCT i.id, ir.id, c.id, c.description, cm.disabled FROM image i LEFT JOIN OS o ON (o.id = i.OSid) LEFT JOIN OStype ot ON (ot.name = o.type) LEFT JOIN imagerevision ir ON (ir.imageid = i.id) LEFT JOIN connectmethodmap cm ON (cm.imagerevisionid = ir.id) LEFT JOIN connectmethod c ON (cm.connectmethodid = c.id) WHERE cm.autoprovisioned IS NULL HAVING c.id IS NOT NULL ORDER BY i.id, cm.disabled, c.description'),(1,'2017-12-05 10:13:02','AJnewRequest','INSERT INTO VMhostCheck SELECT c.RAM, SUM(i.minram), v.id FROM vmhost v LEFT JOIN computer c ON (v.computerid = c.id) LEFT JOIN computer c2 ON (v.id = c2.vmhostid) LEFT JOIN image i ON (c2.currentimageid = i.id) WHERE c.stateid = 20 GROUP BY v.id'),(1,'2017-12-05 10:13:02','AJnewRequest','INSERT INTO semaphore SELECT c.id, 2, 2, 1, NOW() + INTERVAL 45 SECOND, \'localhost-12053-5a26b3f266804\' FROM computer c LEFT JOIN semaphore s ON (c.id = s.computerid) WHERE c.id = 5 AND (s.expires IS NULL OR s.expires < NOW()) LIMIT 1'),(1,'2017-12-05 10:13:02','AJnewRequest','INSERT INTO log (userid, nowfuture, start, initialend, finalend, wasavailable, ending, imageid) VALUES (1, \'now\', \'2017-12-05 10:13:02\', \'2017-12-05 11:15:00\', \'2017-12-05 11:15:00\', 1, \'none\', 2)'),(1,'2017-12-05 10:13:02','AJnewRequest','INSERT INTO request (stateid, userid, laststateid, logid, forimaging, start, end, daterequested, checkuser) VALUES (13, 1, 13, 3, 0, \'2017-12-05 10:00:00\', \'2017-12-05 11:15:00\', NOW(), 1)'),(1,'2017-12-05 10:13:02','AJnewRequest','UPDATE log SET requestid = 3 WHERE id = 3'),(1,'2017-12-05 10:13:02','AJnewRequest','INSERT INTO sublog (logid, imageid, imagerevisionid, computerid, managementnodeid, predictivemoduleid, hostcomputerid) VALUES (3, 2, 2, 5, 1, 31, 1)'),(1,'2017-12-05 10:13:02','AJnewRequest','INSERT INTO reservation (requestid, computerid, imageid, imagerevisionid, managementnodeid) SELECT 3, computerid, imageid, imagerevisionid, managementnodeid FROM semaphore WHERE expires > NOW() AND procid = \'localhost-12053-5a26b3f266804\''),(1,'2017-12-05 10:13:02','AJnewRequest','INSERT INTO changelog (logid, start, end, timestamp) VALUES (3, \'2017-12-05 10:13:02\', \'2017-12-05 11:15:00\', NOW())'),(1,'2017-12-05 10:13:02','AJnewRequest','DELETE FROM semaphore WHERE procid = \'localhost-12053-5a26b3f266804\''),(1,'2017-12-05 10:13:02','AJnewRequest','DELETE FROM semaphore WHERE procid = \'localhost-12053-5a26b3f266804\''),(1,'2017-12-05 10:23:46','viewRequests','INSERT IGNORE INTO imageconnectmethods SELECT DISTINCT i.id, ir.id, c.id, c.description, cm.disabled FROM image i LEFT JOIN OS o ON (o.id = i.OSid) LEFT JOIN OStype ot ON (ot.name = o.type) LEFT JOIN imagerevision ir ON (ir.imageid = i.id) LEFT JOIN connectmethodmap cm ON (cm.OStypeid = ot.id) LEFT JOIN connectmethod c ON (cm.connectmethodid = c.id) WHERE cm.autoprovisioned IS NULL HAVING c.id IS NOT NULL ORDER BY i.id, cm.disabled, c.description'),(1,'2017-12-05 10:23:46','viewRequests','INSERT IGNORE INTO imageconnectmethods SELECT DISTINCT i.id, ir.id, c.id, c.description, cm.disabled FROM image i LEFT JOIN OS o ON (o.id = i.OSid) LEFT JOIN OStype ot ON (ot.name = o.type) LEFT JOIN imagerevision ir ON (ir.imageid = i.id) LEFT JOIN connectmethodmap cm ON (cm.OSid = o.id) LEFT JOIN connectmethod c ON (cm.connectmethodid = c.id) WHERE cm.autoprovisioned IS NULL HAVING c.id IS NOT NULL ORDER BY i.id, cm.disabled, c.description'),(1,'2017-12-05 10:23:46','viewRequests','INSERT IGNORE INTO imageconnectmethods SELECT DISTINCT i.id, ir.id, c.id, c.description, cm.disabled FROM image i LEFT JOIN OS o ON (o.id = i.OSid) LEFT JOIN OStype ot ON (ot.name = o.type) LEFT JOIN imagerevision ir ON (ir.imageid = i.id) LEFT JOIN connectmethodmap cm ON (cm.imagerevisionid = ir.id) LEFT JOIN connectmethod c ON (cm.connectmethodid = c.id) WHERE cm.autoprovisioned IS NULL HAVING c.id IS NOT NULL ORDER BY i.id, cm.disabled, c.description'),(1,'2017-12-05 10:23:46','viewRequests','INSERT INTO continuations (id, userid, expiretime, frommode, tomode, data, multicall, parentid, deletefromid) VALUES (\'ed73770924122c4c483c331af1cf99e8\', 1, \'2017-12-06 10:23:46\', \'viewRequests\', \'AJconfirmRemoveRequest\', \'a:1:{s:9:\\\"requestid\\\";s:1:\\\"3\\\";}\', 1, NULL, \'ed73770924122c4c483c331af1cf99e8\')'),(1,'2017-12-05 10:23:46','viewRequests','DELETE FROM semaphore WHERE procid = \'localhost-13155-5a26ba0239f6d\''),(1,'2017-12-05 10:23:49','AJconfirmRemoveRequest','INSERT INTO continuations (id, userid, expiretime, frommode, tomode, data, multicall, parentid, deletefromid) VALUES (\'1796fa5c3521f838279274fc06be737d\', 1, \'2017-12-06 10:23:49\', \'AJconfirmRemoveRequest\', \'AJsubmitRemoveRequest\', \'a:1:{s:9:\\\"requestid\\\";s:1:\\\"3\\\";}\', 0, \'ed73770924122c4c483c331af1cf99e8\', \'ed73770924122c4c483c331af1cf99e8\')'),(1,'2017-12-05 10:23:49','AJconfirmRemoveRequest','DELETE FROM semaphore WHERE procid = \'localhost-13155-5a26ba051083c\''),(1,'2017-12-05 10:23:50','AJviewRequests','DELETE FROM request WHERE id = 3'),(1,'2017-12-05 10:23:50','AJviewRequests','DELETE FROM reservation WHERE requestid = 3'),(1,'2017-12-05 10:23:50','AJviewRequests','DELETE FROM semaphore WHERE procid = \'localhost-13155-5a26ba069e545\''),(1,'2017-12-05 10:23:52','AJupdateWaitTime','INSERT INTO VMhostCheck SELECT c.RAM, SUM(i.minram), v.id FROM vmhost v LEFT JOIN computer c ON (v.computerid = c.id) LEFT JOIN computer c2 ON (v.id = c2.vmhostid) LEFT JOIN image i ON (c2.currentimageid = i.id) WHERE c.stateid = 20 GROUP BY v.id'),(1,'2017-12-05 10:23:52','AJupdateWaitTime','DELETE FROM semaphore WHERE procid = \'localhost-13155-5a26ba080e4de\''),(1,'2017-12-05 10:23:53','AJnewRequest','INSERT INTO VMhostCheck SELECT c.RAM, SUM(i.minram), v.id FROM vmhost v LEFT JOIN computer c ON (v.computerid = c.id) LEFT JOIN computer c2 ON (v.id = c2.vmhostid) LEFT JOIN image i ON (c2.currentimageid = i.id) WHERE c.stateid = 20 GROUP BY v.id'),(1,'2017-12-05 10:23:53','AJnewRequest','INSERT INTO semaphore SELECT c.id, 2, 2, 1, NOW() + INTERVAL 45 SECOND, \'localhost-13155-5a26ba09bd6cd\' FROM computer c LEFT JOIN semaphore s ON (c.id = s.computerid) WHERE c.id = 4 AND (s.expires IS NULL OR s.expires < NOW()) LIMIT 1'),(1,'2017-12-05 10:23:53','AJnewRequest','INSERT INTO log (userid, nowfuture, start, initialend, finalend, wasavailable, ending, imageid) VALUES (1, \'now\', \'2017-12-05 10:23:53\', \'2017-12-05 11:30:00\', \'2017-12-05 11:30:00\', 1, \'none\', 2)'),(1,'2017-12-05 10:23:53','AJnewRequest','INSERT INTO request (stateid, userid, laststateid, logid, forimaging, start, end, daterequested, checkuser) VALUES (13, 1, 13, 4, 0, \'2017-12-05 10:15:00\', \'2017-12-05 11:30:00\', NOW(), 1)'),(1,'2017-12-05 10:23:53','AJnewRequest','UPDATE log SET requestid = 4 WHERE id = 4'),(1,'2017-12-05 10:23:53','AJnewRequest','INSERT INTO sublog (logid, imageid, imagerevisionid, computerid, managementnodeid, predictivemoduleid, hostcomputerid) VALUES (4, 2, 2, 4, 1, 31, 1)'),(1,'2017-12-05 10:23:53','AJnewRequest','INSERT INTO reservation (requestid, computerid, imageid, imagerevisionid, managementnodeid) SELECT 4, computerid, imageid, imagerevisionid, managementnodeid FROM semaphore WHERE expires > NOW() AND procid = \'localhost-13155-5a26ba09bd6cd\''),(1,'2017-12-05 10:23:53','AJnewRequest','INSERT INTO changelog (logid, start, end, timestamp) VALUES (4, \'2017-12-05 10:23:53\', \'2017-12-05 11:30:00\', NOW())'),(1,'2017-12-05 10:23:53','AJnewRequest','DELETE FROM semaphore WHERE procid = \'localhost-13155-5a26ba09bd6cd\''),(1,'2017-12-05 10:23:53','AJnewRequest','DELETE FROM semaphore WHERE procid = \'localhost-13155-5a26ba09bd6cd\''),(1,'2017-12-05 10:23:53','AJviewRequests','INSERT INTO continuations (id, userid, expiretime, frommode, tomode, data, multicall, parentid, deletefromid) VALUES (\'8185fbb655e76efdcb696288ef68c2c7\', 1, \'2017-12-06 10:23:53\', \'AJviewRequests\', \'AJconfirmDeleteRequest\', \'a:2:{s:9:\\\"requestid\\\";s:1:\\\"4\\\";s:10:\\\"notbyowner\\\";i:0;}\', 1, NULL, \'8185fbb655e76efdcb696288ef68c2c7\')'),(1,'2017-12-05 10:23:53','AJviewRequests','INSERT INTO continuations (id, userid, expiretime, frommode, tomode, data, multicall, parentid, deletefromid) VALUES (\'4f854829224658fe46564aef942db315\', 1, \'2017-12-06 10:23:53\', \'AJviewRequests\', \'AJeditRequest\', \'a:1:{s:9:\\\"requestid\\\";s:1:\\\"4\\\";}\', 1, NULL, \'4f854829224658fe46564aef942db315\')'),(1,'2017-12-05 10:23:53','AJviewRequests','INSERT INTO continuations (id, userid, expiretime, frommode, tomode, data, multicall, parentid, deletefromid) VALUES (\'370896a117cacf57466bad62cf4cc1fe\', 1, \'2017-12-06 10:23:53\', \'AJviewRequests\', \'AJstartImage\', \'a:1:{s:9:\\\"requestid\\\";s:1:\\\"4\\\";}\', 1, NULL, \'370896a117cacf57466bad62cf4cc1fe\')'),(1,'2017-12-05 10:23:53','AJviewRequests','DELETE FROM semaphore WHERE procid = \'localhost-13155-5a26ba09e1f7d\''),(1,'2017-12-05 10:24:25','viewRequests','INSERT INTO continuations (id, userid, expiretime, frommode, tomode, data, multicall, parentid, deletefromid) VALUES (\'58e5be8807140ddef9f29d0a9bbb8d81\', 1, \'2017-12-06 10:24:25\', \'viewRequests\', \'AJconfirmRemoveRequest\', \'a:1:{s:9:\\\"requestid\\\";s:1:\\\"4\\\";}\', 1, NULL, \'58e5be8807140ddef9f29d0a9bbb8d81\')'),(1,'2017-12-05 10:24:25','viewRequests','DELETE FROM semaphore WHERE procid = \'localhost-13847-5a26ba2990dc1\''),(1,'2017-12-05 10:24:28','AJconfirmRemoveRequest','INSERT INTO continuations (id, userid, expiretime, frommode, tomode, data, multicall, parentid, deletefromid) VALUES (\'4bb4653144f2f171109d4c354ec6b86b\', 1, \'2017-12-06 10:24:28\', \'AJconfirmRemoveRequest\', \'AJsubmitRemoveRequest\', \'a:1:{s:9:\\\"requestid\\\";s:1:\\\"4\\\";}\', 0, \'58e5be8807140ddef9f29d0a9bbb8d81\', \'58e5be8807140ddef9f29d0a9bbb8d81\')'),(1,'2017-12-05 10:24:28','AJconfirmRemoveRequest','DELETE FROM semaphore WHERE procid = \'localhost-13847-5a26ba2c5466d\''),(1,'2017-12-05 10:24:30','AJviewRequests','DELETE FROM request WHERE id = 4'),(1,'2017-12-05 10:24:30','AJviewRequests','DELETE FROM reservation WHERE requestid = 4'),(1,'2017-12-05 10:24:30','AJviewRequests','DELETE FROM semaphore WHERE procid = \'localhost-13847-5a26ba2defbfb\''),(1,'2017-12-05 10:24:32','AJupdateWaitTime','INSERT INTO VMhostCheck SELECT c.RAM, SUM(i.minram), v.id FROM vmhost v LEFT JOIN computer c ON (v.computerid = c.id) LEFT JOIN computer c2 ON (v.id = c2.vmhostid) LEFT JOIN image i ON (c2.currentimageid = i.id) WHERE c.stateid = 20 GROUP BY v.id'),(1,'2017-12-05 10:24:32','AJupdateWaitTime','DELETE FROM semaphore WHERE procid = \'localhost-13847-5a26ba30561da\''),(1,'2017-12-05 10:25:48','AJnewRequest','INSERT INTO VMhostCheck SELECT c.RAM, SUM(i.minram), v.id FROM vmhost v LEFT JOIN computer c ON (v.computerid = c.id) LEFT JOIN computer c2 ON (v.id = c2.vmhostid) LEFT JOIN image i ON (c2.currentimageid = i.id) WHERE c.stateid = 20 GROUP BY v.id'),(1,'2017-12-05 10:25:48','AJnewRequest','INSERT INTO semaphore SELECT c.id, 2, 2, 1, NOW() + INTERVAL 45 SECOND, \'localhost-13847-5a26ba31e5ab4\' FROM computer c LEFT JOIN semaphore s ON (c.id = s.computerid) WHERE c.id = 6 AND (s.expires IS NULL OR s.expires < NOW()) LIMIT 1'),(1,'2017-12-05 10:25:48','AJnewRequest','INSERT INTO log (userid, nowfuture, start, initialend, finalend, wasavailable, ending, imageid) VALUES (1, \'now\', \'2017-12-05 10:25:48\', \'2017-12-05 11:30:00\', \'2017-12-05 11:30:00\', 1, \'none\', 2)'),(1,'2017-12-05 10:25:48','AJnewRequest','INSERT INTO request (stateid, userid, laststateid, logid, forimaging, start, end, daterequested, checkuser) VALUES (13, 1, 13, 5, 0, \'2017-12-05 10:15:00\', \'2017-12-05 11:30:00\', NOW(), 1)'),(1,'2017-12-05 10:25:48','AJnewRequest','UPDATE log SET requestid = 5 WHERE id = 5'),(1,'2017-12-05 10:25:48','AJnewRequest','INSERT INTO sublog (logid, imageid, imagerevisionid, computerid, managementnodeid, predictivemoduleid, hostcomputerid) VALUES (5, 2, 2, 6, 1, 31, 1)'),(1,'2017-12-05 10:25:48','AJnewRequest','INSERT INTO reservation (requestid, computerid, imageid, imagerevisionid, managementnodeid) SELECT 5, computerid, imageid, imagerevisionid, managementnodeid FROM semaphore WHERE expires > NOW() AND procid = \'localhost-13847-5a26ba31e5ab4\''),(1,'2017-12-05 10:25:48','AJnewRequest','INSERT INTO changelog (logid, start, end, timestamp) VALUES (5, \'2017-12-05 10:25:48\', \'2017-12-05 11:30:00\', NOW())'),(1,'2017-12-05 10:25:48','AJnewRequest','DELETE FROM semaphore WHERE procid = \'localhost-13847-5a26ba31e5ab4\''),(1,'2017-12-05 10:25:48','AJnewRequest','DELETE FROM semaphore WHERE procid = \'localhost-13847-5a26ba31e5ab4\''),(1,'2017-12-05 10:25:53','viewRequests','INSERT INTO continuations (id, userid, expiretime, frommode, tomode, data, multicall, parentid, deletefromid) VALUES (\'d21b47fe6e473eb1aa0132281b2e66e5\', 1, \'2017-12-06 10:25:53\', \'viewRequests\', \'AJconfirmRemoveRequest\', \'a:1:{s:9:\\\"requestid\\\";s:1:\\\"5\\\";}\', 1, NULL, \'d21b47fe6e473eb1aa0132281b2e66e5\')'),(1,'2017-12-05 10:25:53','viewRequests','DELETE FROM semaphore WHERE procid = \'localhost-13847-5a26ba8133299\''),(1,'2017-12-05 10:26:07','AJconfirmRemoveRequest','INSERT INTO continuations (id, userid, expiretime, frommode, tomode, data, multicall, parentid, deletefromid) VALUES (\'e799df873257781f47e300983bdb0341\', 1, \'2017-12-06 10:26:07\', \'AJconfirmRemoveRequest\', \'AJsubmitRemoveRequest\', \'a:1:{s:9:\\\"requestid\\\";s:1:\\\"5\\\";}\', 0, \'d21b47fe6e473eb1aa0132281b2e66e5\', \'d21b47fe6e473eb1aa0132281b2e66e5\')'),(1,'2017-12-05 10:26:07','AJconfirmRemoveRequest','DELETE FROM semaphore WHERE procid = \'localhost-13155-5a26ba8fc6bf7\''),(1,'2017-12-05 10:26:09','AJviewRequests','DELETE FROM request WHERE id = 5'),(1,'2017-12-05 10:26:09','AJviewRequests','DELETE FROM reservation WHERE requestid = 5'),(1,'2017-12-05 10:26:09','AJviewRequests','DELETE FROM semaphore WHERE procid = \'localhost-13155-5a26ba912fd65\''),(1,'2017-12-05 10:26:11','AJupdateWaitTime','INSERT INTO continuations (id, userid, expiretime, frommode, tomode, data, multicall, parentid, deletefromid) VALUES (\'37238cc19af2ff9dc57b5d3940cef4f3\', 1, \'2017-12-12 10:26:11\', \'AJupdateWaitTime\', \'AJshowRequestSuggestedTimes\', \'a:5:{s:3:\\\"now\\\";i:1;s:5:\\\"start\\\";i:1512486900;s:3:\\\"end\\\";i:1512491400;s:6:\\\"server\\\";i:0;s:7:\\\"imageid\\\";s:1:\\\"2\\\";}\', 1, NULL, \'37238cc19af2ff9dc57b5d3940cef4f3\')'),(1,'2017-12-05 10:26:11','AJupdateWaitTime','DELETE FROM semaphore WHERE procid = \'localhost-13155-5a26ba933ff29\''),(1,'2017-12-05 10:26:11','AJshowRequestSuggestedTimes','DELETE FROM semaphore WHERE procid = \'localhost-13155-5a26ba937cff6\''),(1,'2017-12-05 10:26:16','AJshowRequestSuggestedTimes','DELETE FROM semaphore WHERE procid = \'localhost-13155-5a26ba980570d\''),(1,'2017-12-05 10:26:19','AJshowRequestSuggestedTimes','DELETE FROM semaphore WHERE procid = \'localhost-13155-5a26ba9b265ab\''),(1,'2017-12-05 10:26:24','viewRequests','DELETE FROM semaphore WHERE procid = \'localhost-13155-5a26baa012bdd\''),(1,'2017-12-05 10:26:27','viewRequests','DELETE FROM semaphore WHERE procid = \'localhost-13155-5a26baa3419b0\''),(1,'2017-12-05 10:26:29','AJupdateWaitTime','DELETE FROM semaphore WHERE procid = \'localhost-13155-5a26baa5858a2\''),(1,'2017-12-05 10:26:29','AJshowRequestSuggestedTimes','DELETE FROM semaphore WHERE procid = \'localhost-13155-5a26baa5c2b1b\''),(1,'2017-12-05 10:33:28','viewRequests','DELETE FROM semaphore WHERE procid = \'localhost-14973-5a26bc4844bff\''),(1,'2017-12-05 10:33:29','AJupdateWaitTime','INSERT INTO VMhostCheck SELECT c.RAM, SUM(i.minram), v.id FROM vmhost v LEFT JOIN computer c ON (v.computerid = c.id) LEFT JOIN computer c2 ON (v.id = c2.vmhostid) LEFT JOIN image i ON (c2.currentimageid = i.id) WHERE c.stateid = 20 GROUP BY v.id'),(1,'2017-12-05 10:33:29','AJupdateWaitTime','DELETE FROM semaphore WHERE procid = \'localhost-14973-5a26bc49d49e7\''),(1,'2017-12-05 10:46:52','AJupdateWaitTime','INSERT IGNORE INTO imageconnectmethods SELECT DISTINCT i.id, ir.id, c.id, c.description, cm.disabled FROM image i LEFT JOIN OS o ON (o.id = i.OSid) LEFT JOIN OStype ot ON (ot.name = o.type) LEFT JOIN imagerevision ir ON (ir.imageid = i.id) LEFT JOIN connectmethodmap cm ON (cm.OStypeid = ot.id) LEFT JOIN connectmethod c ON (cm.connectmethodid = c.id) WHERE cm.autoprovisioned IS NULL HAVING c.id IS NOT NULL ORDER BY i.id, cm.disabled, c.description'),(1,'2017-12-05 10:46:52','AJupdateWaitTime','INSERT IGNORE INTO imageconnectmethods SELECT DISTINCT i.id, ir.id, c.id, c.description, cm.disabled FROM image i LEFT JOIN OS o ON (o.id = i.OSid) LEFT JOIN OStype ot ON (ot.name = o.type) LEFT JOIN imagerevision ir ON (ir.imageid = i.id) LEFT JOIN connectmethodmap cm ON (cm.OSid = o.id) LEFT JOIN connectmethod c ON (cm.connectmethodid = c.id) WHERE cm.autoprovisioned IS NULL HAVING c.id IS NOT NULL ORDER BY i.id, cm.disabled, c.description'),(1,'2017-12-05 10:46:52','AJupdateWaitTime','INSERT IGNORE INTO imageconnectmethods SELECT DISTINCT i.id, ir.id, c.id, c.description, cm.disabled FROM image i LEFT JOIN OS o ON (o.id = i.OSid) LEFT JOIN OStype ot ON (ot.name = o.type) LEFT JOIN imagerevision ir ON (ir.imageid = i.id) LEFT JOIN connectmethodmap cm ON (cm.imagerevisionid = ir.id) LEFT JOIN connectmethod c ON (cm.connectmethodid = c.id) WHERE cm.autoprovisioned IS NULL HAVING c.id IS NOT NULL ORDER BY i.id, cm.disabled, c.description'),(1,'2017-12-05 10:46:52','AJupdateWaitTime','INSERT INTO VMhostCheck SELECT c.RAM, SUM(i.minram), v.id FROM vmhost v LEFT JOIN computer c ON (v.computerid = c.id) LEFT JOIN computer c2 ON (v.id = c2.vmhostid) LEFT JOIN image i ON (c2.currentimageid = i.id) WHERE c.stateid = 20 GROUP BY v.id'),(1,'2017-12-05 10:46:52','AJupdateWaitTime','DELETE FROM semaphore WHERE procid = \'localhost-14983-5a26bf6c793ef\''),(1,'2017-12-05 10:55:52','AJnewRequest','INSERT INTO VMhostCheck SELECT c.RAM, SUM(i.minram), v.id FROM vmhost v LEFT JOIN computer c ON (v.computerid = c.id) LEFT JOIN computer c2 ON (v.id = c2.vmhostid) LEFT JOIN image i ON (c2.currentimageid = i.id) WHERE c.stateid = 20 GROUP BY v.id'),(1,'2017-12-05 10:55:52','AJnewRequest','INSERT INTO semaphore SELECT c.id, 2, 2, 1, NOW() + INTERVAL 45 SECOND, \'localhost-14983-5a26bf6eab4ea\' FROM computer c LEFT JOIN semaphore s ON (c.id = s.computerid) WHERE c.id = 3 AND (s.expires IS NULL OR s.expires < NOW()) LIMIT 1'),(1,'2017-12-05 10:55:52','AJnewRequest','INSERT INTO log (userid, nowfuture, start, initialend, finalend, wasavailable, ending, imageid) VALUES (1, \'now\', \'2017-12-05 10:55:52\', \'2017-12-05 12:00:00\', \'2017-12-05 12:00:00\', 1, \'none\', 2)'),(1,'2017-12-05 10:55:52','AJnewRequest','INSERT INTO request (stateid, userid, laststateid, logid, forimaging, start, end, daterequested, checkuser) VALUES (13, 1, 13, 6, 0, \'2017-12-05 10:45:00\', \'2017-12-05 12:00:00\', NOW(), 1)'),(1,'2017-12-05 10:55:52','AJnewRequest','UPDATE log SET requestid = 6 WHERE id = 6'),(1,'2017-12-05 10:55:52','AJnewRequest','INSERT INTO sublog (logid, imageid, imagerevisionid, computerid, managementnodeid, predictivemoduleid, hostcomputerid) VALUES (6, 2, 2, 3, 1, 31, 1)'),(1,'2017-12-05 10:55:52','AJnewRequest','INSERT INTO reservation (requestid, computerid, imageid, imagerevisionid, managementnodeid) SELECT 6, computerid, imageid, imagerevisionid, managementnodeid FROM semaphore WHERE expires > NOW() AND procid = \'localhost-14983-5a26bf6eab4ea\''),(1,'2017-12-05 10:55:52','AJnewRequest','INSERT INTO changelog (logid, start, end, timestamp) VALUES (6, \'2017-12-05 10:55:52\', \'2017-12-05 12:00:00\', NOW())'),(1,'2017-12-05 10:55:52','AJnewRequest','DELETE FROM semaphore WHERE procid = \'localhost-14983-5a26bf6eab4ea\''),(1,'2017-12-05 10:55:52','AJnewRequest','DELETE FROM semaphore WHERE procid = \'localhost-14983-5a26bf6eab4ea\''),(1,'2017-12-08 11:08:56','main','DELETE FROM semaphore WHERE procid = \'localhost-22048-5a2ab9183d8af\''),(1,'2017-12-08 11:09:01','viewRequests','INSERT IGNORE INTO imageconnectmethods SELECT DISTINCT i.id, ir.id, c.id, c.description, cm.disabled FROM image i LEFT JOIN OS o ON (o.id = i.OSid) LEFT JOIN OStype ot ON (ot.name = o.type) LEFT JOIN imagerevision ir ON (ir.imageid = i.id) LEFT JOIN connectmethodmap cm ON (cm.OStypeid = ot.id) LEFT JOIN connectmethod c ON (cm.connectmethodid = c.id) WHERE cm.autoprovisioned IS NULL HAVING c.id IS NOT NULL ORDER BY i.id, cm.disabled, c.description'),(1,'2017-12-08 11:09:01','viewRequests','INSERT IGNORE INTO imageconnectmethods SELECT DISTINCT i.id, ir.id, c.id, c.description, cm.disabled FROM image i LEFT JOIN OS o ON (o.id = i.OSid) LEFT JOIN OStype ot ON (ot.name = o.type) LEFT JOIN imagerevision ir ON (ir.imageid = i.id) LEFT JOIN connectmethodmap cm ON (cm.OSid = o.id) LEFT JOIN connectmethod c ON (cm.connectmethodid = c.id) WHERE cm.autoprovisioned IS NULL HAVING c.id IS NOT NULL ORDER BY i.id, cm.disabled, c.description'),(1,'2017-12-08 11:09:01','viewRequests','INSERT IGNORE INTO imageconnectmethods SELECT DISTINCT i.id, ir.id, c.id, c.description, cm.disabled FROM image i LEFT JOIN OS o ON (o.id = i.OSid) LEFT JOIN OStype ot ON (ot.name = o.type) LEFT JOIN imagerevision ir ON (ir.imageid = i.id) LEFT JOIN connectmethodmap cm ON (cm.imagerevisionid = ir.id) LEFT JOIN connectmethod c ON (cm.connectmethodid = c.id) WHERE cm.autoprovisioned IS NULL HAVING c.id IS NOT NULL ORDER BY i.id, cm.disabled, c.description'),(1,'2017-12-08 11:09:01','viewRequests','DELETE FROM semaphore WHERE procid = \'localhost-22048-5a2ab91d238d7\''),(1,'2017-12-08 11:09:04','AJupdateWaitTime','INSERT INTO VMhostCheck SELECT c.RAM, SUM(i.minram), v.id FROM vmhost v LEFT JOIN computer c ON (v.computerid = c.id) LEFT JOIN computer c2 ON (v.id = c2.vmhostid) LEFT JOIN image i ON (c2.currentimageid = i.id) WHERE c.stateid = 20 GROUP BY v.id'),(1,'2017-12-08 11:09:04','AJupdateWaitTime','DELETE FROM semaphore WHERE procid = \'localhost-22048-5a2ab920a6073\''),(1,'2017-12-08 11:10:49','AJnewRequest','INSERT INTO VMhostCheck SELECT c.RAM, SUM(i.minram), v.id FROM vmhost v LEFT JOIN computer c ON (v.computerid = c.id) LEFT JOIN computer c2 ON (v.id = c2.vmhostid) LEFT JOIN image i ON (c2.currentimageid = i.id) WHERE c.stateid = 20 GROUP BY v.id'),(1,'2017-12-08 11:10:49','AJnewRequest','INSERT INTO semaphore SELECT c.id, 2, 2, 1, NOW() + INTERVAL 45 SECOND, \'localhost-22116-5a2ab92447238\' FROM computer c LEFT JOIN semaphore s ON (c.id = s.computerid) WHERE c.id = 5 AND (s.expires IS NULL OR s.expires < NOW()) LIMIT 1'),(1,'2017-12-08 11:10:49','AJnewRequest','INSERT INTO log (userid, nowfuture, start, initialend, finalend, wasavailable, ending, imageid) VALUES (1, \'now\', \'2017-12-08 11:10:49\', \'2017-12-08 12:15:00\', \'2017-12-08 12:15:00\', 1, \'none\', 2)'),(1,'2017-12-08 11:10:49','AJnewRequest','INSERT INTO request (stateid, userid, laststateid, logid, forimaging, start, end, daterequested, checkuser) VALUES (13, 1, 13, 7, 0, \'2017-12-08 11:00:00\', \'2017-12-08 12:15:00\', NOW(), 1)'),(1,'2017-12-08 11:10:49','AJnewRequest','UPDATE log SET requestid = 7 WHERE id = 7'),(1,'2017-12-08 11:10:49','AJnewRequest','INSERT INTO sublog (logid, imageid, imagerevisionid, computerid, managementnodeid, predictivemoduleid, hostcomputerid) VALUES (7, 2, 2, 5, 1, 31, 1)'),(1,'2017-12-08 11:10:49','AJnewRequest','INSERT INTO reservation (requestid, computerid, imageid, imagerevisionid, managementnodeid) SELECT 7, computerid, imageid, imagerevisionid, managementnodeid FROM semaphore WHERE expires > NOW() AND procid = \'localhost-22116-5a2ab92447238\''),(1,'2017-12-08 11:10:49','AJnewRequest','INSERT INTO changelog (logid, start, end, timestamp) VALUES (7, \'2017-12-08 11:10:49\', \'2017-12-08 12:15:00\', NOW())'),(1,'2017-12-08 11:10:49','AJnewRequest','DELETE FROM semaphore WHERE procid = \'localhost-22116-5a2ab92447238\''),(1,'2017-12-08 11:10:49','AJnewRequest','DELETE FROM semaphore WHERE procid = \'localhost-22116-5a2ab92447238\''),(1,'2017-12-08 11:11:10','viewRequests','INSERT INTO continuations (id, userid, expiretime, frommode, tomode, data, multicall, parentid, deletefromid) VALUES (\'af6d9f87c5822351d95ad4ab6b270be5\', 1, \'2017-12-09 11:11:10\', \'viewRequests\', \'AJconfirmRemoveRequest\', \'a:1:{s:9:\\\"requestid\\\";s:1:\\\"7\\\";}\', 1, NULL, \'af6d9f87c5822351d95ad4ab6b270be5\')'),(1,'2017-12-08 11:11:10','viewRequests','DELETE FROM semaphore WHERE procid = \'localhost-22122-5a2ab99e3020d\''),(1,'2017-12-08 11:11:13','AJupdateWaitTime','INSERT INTO VMhostCheck SELECT c.RAM, SUM(i.minram), v.id FROM vmhost v LEFT JOIN computer c ON (v.computerid = c.id) LEFT JOIN computer c2 ON (v.id = c2.vmhostid) LEFT JOIN image i ON (c2.currentimageid = i.id) WHERE c.stateid = 20 GROUP BY v.id'),(1,'2017-12-08 11:11:13','AJupdateWaitTime','DELETE FROM semaphore WHERE procid = \'localhost-22122-5a2ab9a1a6b9d\''),(1,'2017-12-08 11:12:28','viewRequests','DELETE FROM semaphore WHERE procid = \'localhost-22134-5a2ab9ecaa3b1\''),(1,'2017-12-08 11:12:31','AJupdateWaitTime','INSERT INTO VMhostCheck SELECT c.RAM, SUM(i.minram), v.id FROM vmhost v LEFT JOIN computer c ON (v.computerid = c.id) LEFT JOIN computer c2 ON (v.id = c2.vmhostid) LEFT JOIN image i ON (c2.currentimageid = i.id) WHERE c.stateid = 20 GROUP BY v.id'),(1,'2017-12-08 11:12:31','AJupdateWaitTime','DELETE FROM semaphore WHERE procid = \'localhost-22134-5a2ab9ef0118d\''),(1,'2017-12-08 11:13:58','AJnewRequest','INSERT INTO VMhostCheck SELECT c.RAM, SUM(i.minram), v.id FROM vmhost v LEFT JOIN computer c ON (v.computerid = c.id) LEFT JOIN computer c2 ON (v.id = c2.vmhostid) LEFT JOIN image i ON (c2.currentimageid = i.id) WHERE c.stateid = 20 GROUP BY v.id'),(1,'2017-12-08 11:13:58','AJnewRequest','INSERT INTO semaphore SELECT c.id, 2, 2, 1, NOW() + INTERVAL 45 SECOND, \'localhost-22134-5a2ab9f15224d\' FROM computer c LEFT JOIN semaphore s ON (c.id = s.computerid) WHERE c.id = 2 AND (s.expires IS NULL OR s.expires < NOW()) LIMIT 1'),(1,'2017-12-08 11:13:58','AJnewRequest','INSERT INTO log (userid, nowfuture, start, initialend, finalend, wasavailable, ending, imageid) VALUES (1, \'now\', \'2017-12-08 11:13:58\', \'2017-12-08 12:15:00\', \'2017-12-08 12:15:00\', 1, \'none\', 2)'),(1,'2017-12-08 11:13:58','AJnewRequest','INSERT INTO request (stateid, userid, laststateid, logid, forimaging, start, end, daterequested, checkuser) VALUES (13, 1, 13, 8, 0, \'2017-12-08 11:00:00\', \'2017-12-08 12:15:00\', NOW(), 1)'),(1,'2017-12-08 11:13:58','AJnewRequest','UPDATE log SET requestid = 8 WHERE id = 8'),(1,'2017-12-08 11:13:58','AJnewRequest','INSERT INTO sublog (logid, imageid, imagerevisionid, computerid, managementnodeid, predictivemoduleid, hostcomputerid) VALUES (8, 2, 2, 2, 1, 31, 1)'),(1,'2017-12-08 11:13:58','AJnewRequest','INSERT INTO reservation (requestid, computerid, imageid, imagerevisionid, managementnodeid) SELECT 8, computerid, imageid, imagerevisionid, managementnodeid FROM semaphore WHERE expires > NOW() AND procid = \'localhost-22134-5a2ab9f15224d\''),(1,'2017-12-08 11:13:58','AJnewRequest','INSERT INTO changelog (logid, start, end, timestamp) VALUES (8, \'2017-12-08 11:13:58\', \'2017-12-08 12:15:00\', NOW())'),(1,'2017-12-08 11:13:58','AJnewRequest','DELETE FROM semaphore WHERE procid = \'localhost-22134-5a2ab9f15224d\''),(1,'2017-12-08 11:13:58','AJnewRequest','DELETE FROM semaphore WHERE procid = \'localhost-22134-5a2ab9f15224d\''),(1,'2017-12-08 11:24:05','api','INSERT IGNORE INTO imageconnectmethods SELECT DISTINCT i.id, ir.id, c.id, c.description, cm.disabled FROM image i LEFT JOIN OS o ON (o.id = i.OSid) LEFT JOIN OStype ot ON (ot.name = o.type) LEFT JOIN imagerevision ir ON (ir.imageid = i.id) LEFT JOIN connectmethodmap cm ON (cm.OStypeid = ot.id) LEFT JOIN connectmethod c ON (cm.connectmethodid = c.id) WHERE cm.autoprovisioned IS NULL HAVING c.id IS NOT NULL ORDER BY i.id, cm.disabled, c.description'),(1,'2017-12-08 11:24:05','api','INSERT IGNORE INTO imageconnectmethods SELECT DISTINCT i.id, ir.id, c.id, c.description, cm.disabled FROM image i LEFT JOIN OS o ON (o.id = i.OSid) LEFT JOIN OStype ot ON (ot.name = o.type) LEFT JOIN imagerevision ir ON (ir.imageid = i.id) LEFT JOIN connectmethodmap cm ON (cm.OSid = o.id) LEFT JOIN connectmethod c ON (cm.connectmethodid = c.id) WHERE cm.autoprovisioned IS NULL HAVING c.id IS NOT NULL ORDER BY i.id, cm.disabled, c.description'),(1,'2017-12-08 11:24:05','api','INSERT IGNORE INTO imageconnectmethods SELECT DISTINCT i.id, ir.id, c.id, c.description, cm.disabled FROM image i LEFT JOIN OS o ON (o.id = i.OSid) LEFT JOIN OStype ot ON (ot.name = o.type) LEFT JOIN imagerevision ir ON (ir.imageid = i.id) LEFT JOIN connectmethodmap cm ON (cm.imagerevisionid = ir.id) LEFT JOIN connectmethod c ON (cm.connectmethodid = c.id) WHERE cm.autoprovisioned IS NULL HAVING c.id IS NOT NULL ORDER BY i.id, cm.disabled, c.description'),(1,'2017-12-08 13:32:53','api','INSERT IGNORE INTO imageconnectmethods SELECT DISTINCT i.id, ir.id, c.id, c.description, cm.disabled FROM image i LEFT JOIN OS o ON (o.id = i.OSid) LEFT JOIN OStype ot ON (ot.name = o.type) LEFT JOIN imagerevision ir ON (ir.imageid = i.id) LEFT JOIN connectmethodmap cm ON (cm.OStypeid = ot.id) LEFT JOIN connectmethod c ON (cm.connectmethodid = c.id) WHERE cm.autoprovisioned IS NULL HAVING c.id IS NOT NULL ORDER BY i.id, cm.disabled, c.description'),(1,'2017-12-08 13:32:53','api','INSERT IGNORE INTO imageconnectmethods SELECT DISTINCT i.id, ir.id, c.id, c.description, cm.disabled FROM image i LEFT JOIN OS o ON (o.id = i.OSid) LEFT JOIN OStype ot ON (ot.name = o.type) LEFT JOIN imagerevision ir ON (ir.imageid = i.id) LEFT JOIN connectmethodmap cm ON (cm.OSid = o.id) LEFT JOIN connectmethod c ON (cm.connectmethodid = c.id) WHERE cm.autoprovisioned IS NULL HAVING c.id IS NOT NULL ORDER BY i.id, cm.disabled, c.description'),(1,'2017-12-08 13:32:53','api','INSERT IGNORE INTO imageconnectmethods SELECT DISTINCT i.id, ir.id, c.id, c.description, cm.disabled FROM image i LEFT JOIN OS o ON (o.id = i.OSid) LEFT JOIN OStype ot ON (ot.name = o.type) LEFT JOIN imagerevision ir ON (ir.imageid = i.id) LEFT JOIN connectmethodmap cm ON (cm.imagerevisionid = ir.id) LEFT JOIN connectmethod c ON (cm.connectmethodid = c.id) WHERE cm.autoprovisioned IS NULL HAVING c.id IS NOT NULL ORDER BY i.id, cm.disabled, c.description'),(1,'2017-12-08 13:34:17','api','INSERT IGNORE INTO imageconnectmethods SELECT DISTINCT i.id, ir.id, c.id, c.description, cm.disabled FROM image i LEFT JOIN OS o ON (o.id = i.OSid) LEFT JOIN OStype ot ON (ot.name = o.type) LEFT JOIN imagerevision ir ON (ir.imageid = i.id) LEFT JOIN connectmethodmap cm ON (cm.OStypeid = ot.id) LEFT JOIN connectmethod c ON (cm.connectmethodid = c.id) WHERE cm.autoprovisioned IS NULL HAVING c.id IS NOT NULL ORDER BY i.id, cm.disabled, c.description'),(1,'2017-12-08 13:34:17','api','INSERT IGNORE INTO imageconnectmethods SELECT DISTINCT i.id, ir.id, c.id, c.description, cm.disabled FROM image i LEFT JOIN OS o ON (o.id = i.OSid) LEFT JOIN OStype ot ON (ot.name = o.type) LEFT JOIN imagerevision ir ON (ir.imageid = i.id) LEFT JOIN connectmethodmap cm ON (cm.OSid = o.id) LEFT JOIN connectmethod c ON (cm.connectmethodid = c.id) WHERE cm.autoprovisioned IS NULL HAVING c.id IS NOT NULL ORDER BY i.id, cm.disabled, c.description'),(1,'2017-12-08 13:34:17','api','INSERT IGNORE INTO imageconnectmethods SELECT DISTINCT i.id, ir.id, c.id, c.description, cm.disabled FROM image i LEFT JOIN OS o ON (o.id = i.OSid) LEFT JOIN OStype ot ON (ot.name = o.type) LEFT JOIN imagerevision ir ON (ir.imageid = i.id) LEFT JOIN connectmethodmap cm ON (cm.imagerevisionid = ir.id) LEFT JOIN connectmethod c ON (cm.connectmethodid = c.id) WHERE cm.autoprovisioned IS NULL HAVING c.id IS NOT NULL ORDER BY i.id, cm.disabled, c.description'),(1,'2017-12-08 13:34:35','api','INSERT IGNORE INTO imageconnectmethods SELECT DISTINCT i.id, ir.id, c.id, c.description, cm.disabled FROM image i LEFT JOIN OS o ON (o.id = i.OSid) LEFT JOIN OStype ot ON (ot.name = o.type) LEFT JOIN imagerevision ir ON (ir.imageid = i.id) LEFT JOIN connectmethodmap cm ON (cm.OStypeid = ot.id) LEFT JOIN connectmethod c ON (cm.connectmethodid = c.id) WHERE cm.autoprovisioned IS NULL HAVING c.id IS NOT NULL ORDER BY i.id, cm.disabled, c.description'),(1,'2017-12-08 13:34:35','api','INSERT IGNORE INTO imageconnectmethods SELECT DISTINCT i.id, ir.id, c.id, c.description, cm.disabled FROM image i LEFT JOIN OS o ON (o.id = i.OSid) LEFT JOIN OStype ot ON (ot.name = o.type) LEFT JOIN imagerevision ir ON (ir.imageid = i.id) LEFT JOIN connectmethodmap cm ON (cm.OSid = o.id) LEFT JOIN connectmethod c ON (cm.connectmethodid = c.id) WHERE cm.autoprovisioned IS NULL HAVING c.id IS NOT NULL ORDER BY i.id, cm.disabled, c.description'),(1,'2017-12-08 13:34:35','api','INSERT IGNORE INTO imageconnectmethods SELECT DISTINCT i.id, ir.id, c.id, c.description, cm.disabled FROM image i LEFT JOIN OS o ON (o.id = i.OSid) LEFT JOIN OStype ot ON (ot.name = o.type) LEFT JOIN imagerevision ir ON (ir.imageid = i.id) LEFT JOIN connectmethodmap cm ON (cm.imagerevisionid = ir.id) LEFT JOIN connectmethod c ON (cm.connectmethodid = c.id) WHERE cm.autoprovisioned IS NULL HAVING c.id IS NOT NULL ORDER BY i.id, cm.disabled, c.description'),(1,'2017-12-08 13:34:53','api','INSERT IGNORE INTO imageconnectmethods SELECT DISTINCT i.id, ir.id, c.id, c.description, cm.disabled FROM image i LEFT JOIN OS o ON (o.id = i.OSid) LEFT JOIN OStype ot ON (ot.name = o.type) LEFT JOIN imagerevision ir ON (ir.imageid = i.id) LEFT JOIN connectmethodmap cm ON (cm.OStypeid = ot.id) LEFT JOIN connectmethod c ON (cm.connectmethodid = c.id) WHERE cm.autoprovisioned IS NULL HAVING c.id IS NOT NULL ORDER BY i.id, cm.disabled, c.description'),(1,'2017-12-08 13:34:53','api','INSERT IGNORE INTO imageconnectmethods SELECT DISTINCT i.id, ir.id, c.id, c.description, cm.disabled FROM image i LEFT JOIN OS o ON (o.id = i.OSid) LEFT JOIN OStype ot ON (ot.name = o.type) LEFT JOIN imagerevision ir ON (ir.imageid = i.id) LEFT JOIN connectmethodmap cm ON (cm.OSid = o.id) LEFT JOIN connectmethod c ON (cm.connectmethodid = c.id) WHERE cm.autoprovisioned IS NULL HAVING c.id IS NOT NULL ORDER BY i.id, cm.disabled, c.description'),(1,'2017-12-08 13:34:53','api','INSERT IGNORE INTO imageconnectmethods SELECT DISTINCT i.id, ir.id, c.id, c.description, cm.disabled FROM image i LEFT JOIN OS o ON (o.id = i.OSid) LEFT JOIN OStype ot ON (ot.name = o.type) LEFT JOIN imagerevision ir ON (ir.imageid = i.id) LEFT JOIN connectmethodmap cm ON (cm.imagerevisionid = ir.id) LEFT JOIN connectmethod c ON (cm.connectmethodid = c.id) WHERE cm.autoprovisioned IS NULL HAVING c.id IS NOT NULL ORDER BY i.id, cm.disabled, c.description'),(1,'2017-12-12 12:35:34','api','INSERT IGNORE INTO imageconnectmethods SELECT DISTINCT i.id, ir.id, c.id, c.description, cm.disabled FROM image i LEFT JOIN OS o ON (o.id = i.OSid) LEFT JOIN OStype ot ON (ot.name = o.type) LEFT JOIN imagerevision ir ON (ir.imageid = i.id) LEFT JOIN connectmethodmap cm ON (cm.OStypeid = ot.id) LEFT JOIN connectmethod c ON (cm.connectmethodid = c.id) WHERE cm.autoprovisioned IS NULL HAVING c.id IS NOT NULL ORDER BY i.id, cm.disabled, c.description'),(1,'2017-12-12 12:35:34','api','INSERT IGNORE INTO imageconnectmethods SELECT DISTINCT i.id, ir.id, c.id, c.description, cm.disabled FROM image i LEFT JOIN OS o ON (o.id = i.OSid) LEFT JOIN OStype ot ON (ot.name = o.type) LEFT JOIN imagerevision ir ON (ir.imageid = i.id) LEFT JOIN connectmethodmap cm ON (cm.OSid = o.id) LEFT JOIN connectmethod c ON (cm.connectmethodid = c.id) WHERE cm.autoprovisioned IS NULL HAVING c.id IS NOT NULL ORDER BY i.id, cm.disabled, c.description'),(1,'2017-12-12 12:35:34','api','INSERT IGNORE INTO imageconnectmethods SELECT DISTINCT i.id, ir.id, c.id, c.description, cm.disabled FROM image i LEFT JOIN OS o ON (o.id = i.OSid) LEFT JOIN OStype ot ON (ot.name = o.type) LEFT JOIN imagerevision ir ON (ir.imageid = i.id) LEFT JOIN connectmethodmap cm ON (cm.imagerevisionid = ir.id) LEFT JOIN connectmethod c ON (cm.connectmethodid = c.id) WHERE cm.autoprovisioned IS NULL HAVING c.id IS NOT NULL ORDER BY i.id, cm.disabled, c.description'),(1,'2017-12-12 12:37:25','api','INSERT IGNORE INTO imageconnectmethods SELECT DISTINCT i.id, ir.id, c.id, c.description, cm.disabled FROM image i LEFT JOIN OS o ON (o.id = i.OSid) LEFT JOIN OStype ot ON (ot.name = o.type) LEFT JOIN imagerevision ir ON (ir.imageid = i.id) LEFT JOIN connectmethodmap cm ON (cm.OStypeid = ot.id) LEFT JOIN connectmethod c ON (cm.connectmethodid = c.id) WHERE cm.autoprovisioned IS NULL HAVING c.id IS NOT NULL ORDER BY i.id, cm.disabled, c.description'),(1,'2017-12-12 12:37:25','api','INSERT IGNORE INTO imageconnectmethods SELECT DISTINCT i.id, ir.id, c.id, c.description, cm.disabled FROM image i LEFT JOIN OS o ON (o.id = i.OSid) LEFT JOIN OStype ot ON (ot.name = o.type) LEFT JOIN imagerevision ir ON (ir.imageid = i.id) LEFT JOIN connectmethodmap cm ON (cm.OSid = o.id) LEFT JOIN connectmethod c ON (cm.connectmethodid = c.id) WHERE cm.autoprovisioned IS NULL HAVING c.id IS NOT NULL ORDER BY i.id, cm.disabled, c.description'),(1,'2017-12-12 12:37:25','api','INSERT IGNORE INTO imageconnectmethods SELECT DISTINCT i.id, ir.id, c.id, c.description, cm.disabled FROM image i LEFT JOIN OS o ON (o.id = i.OSid) LEFT JOIN OStype ot ON (ot.name = o.type) LEFT JOIN imagerevision ir ON (ir.imageid = i.id) LEFT JOIN connectmethodmap cm ON (cm.imagerevisionid = ir.id) LEFT JOIN connectmethod c ON (cm.connectmethodid = c.id) WHERE cm.autoprovisioned IS NULL HAVING c.id IS NOT NULL ORDER BY i.id, cm.disabled, c.description'),(1,'2017-12-12 12:38:29','api','INSERT IGNORE INTO imageconnectmethods SELECT DISTINCT i.id, ir.id, c.id, c.description, cm.disabled FROM image i LEFT JOIN OS o ON (o.id = i.OSid) LEFT JOIN OStype ot ON (ot.name = o.type) LEFT JOIN imagerevision ir ON (ir.imageid = i.id) LEFT JOIN connectmethodmap cm ON (cm.OStypeid = ot.id) LEFT JOIN connectmethod c ON (cm.connectmethodid = c.id) WHERE cm.autoprovisioned IS NULL HAVING c.id IS NOT NULL ORDER BY i.id, cm.disabled, c.description'),(1,'2017-12-12 12:38:29','api','INSERT IGNORE INTO imageconnectmethods SELECT DISTINCT i.id, ir.id, c.id, c.description, cm.disabled FROM image i LEFT JOIN OS o ON (o.id = i.OSid) LEFT JOIN OStype ot ON (ot.name = o.type) LEFT JOIN imagerevision ir ON (ir.imageid = i.id) LEFT JOIN connectmethodmap cm ON (cm.OSid = o.id) LEFT JOIN connectmethod c ON (cm.connectmethodid = c.id) WHERE cm.autoprovisioned IS NULL HAVING c.id IS NOT NULL ORDER BY i.id, cm.disabled, c.description'),(1,'2017-12-12 12:38:29','api','INSERT IGNORE INTO imageconnectmethods SELECT DISTINCT i.id, ir.id, c.id, c.description, cm.disabled FROM image i LEFT JOIN OS o ON (o.id = i.OSid) LEFT JOIN OStype ot ON (ot.name = o.type) LEFT JOIN imagerevision ir ON (ir.imageid = i.id) LEFT JOIN connectmethodmap cm ON (cm.imagerevisionid = ir.id) LEFT JOIN connectmethod c ON (cm.connectmethodid = c.id) WHERE cm.autoprovisioned IS NULL HAVING c.id IS NOT NULL ORDER BY i.id, cm.disabled, c.description'),(1,'2017-12-12 12:42:03','api','INSERT IGNORE INTO imageconnectmethods SELECT DISTINCT i.id, ir.id, c.id, c.description, cm.disabled FROM image i LEFT JOIN OS o ON (o.id = i.OSid) LEFT JOIN OStype ot ON (ot.name = o.type) LEFT JOIN imagerevision ir ON (ir.imageid = i.id) LEFT JOIN connectmethodmap cm ON (cm.OStypeid = ot.id) LEFT JOIN connectmethod c ON (cm.connectmethodid = c.id) WHERE cm.autoprovisioned IS NULL HAVING c.id IS NOT NULL ORDER BY i.id, cm.disabled, c.description'),(1,'2017-12-12 12:42:03','api','INSERT IGNORE INTO imageconnectmethods SELECT DISTINCT i.id, ir.id, c.id, c.description, cm.disabled FROM image i LEFT JOIN OS o ON (o.id = i.OSid) LEFT JOIN OStype ot ON (ot.name = o.type) LEFT JOIN imagerevision ir ON (ir.imageid = i.id) LEFT JOIN connectmethodmap cm ON (cm.OSid = o.id) LEFT JOIN connectmethod c ON (cm.connectmethodid = c.id) WHERE cm.autoprovisioned IS NULL HAVING c.id IS NOT NULL ORDER BY i.id, cm.disabled, c.description'),(1,'2017-12-12 12:42:03','api','INSERT IGNORE INTO imageconnectmethods SELECT DISTINCT i.id, ir.id, c.id, c.description, cm.disabled FROM image i LEFT JOIN OS o ON (o.id = i.OSid) LEFT JOIN OStype ot ON (ot.name = o.type) LEFT JOIN imagerevision ir ON (ir.imageid = i.id) LEFT JOIN connectmethodmap cm ON (cm.imagerevisionid = ir.id) LEFT JOIN connectmethod c ON (cm.connectmethodid = c.id) WHERE cm.autoprovisioned IS NULL HAVING c.id IS NOT NULL ORDER BY i.id, cm.disabled, c.description'),(1,'2017-12-12 12:44:50','api','INSERT IGNORE INTO imageconnectmethods SELECT DISTINCT i.id, ir.id, c.id, c.description, cm.disabled FROM image i LEFT JOIN OS o ON (o.id = i.OSid) LEFT JOIN OStype ot ON (ot.name = o.type) LEFT JOIN imagerevision ir ON (ir.imageid = i.id) LEFT JOIN connectmethodmap cm ON (cm.OStypeid = ot.id) LEFT JOIN connectmethod c ON (cm.connectmethodid = c.id) WHERE cm.autoprovisioned IS NULL HAVING c.id IS NOT NULL ORDER BY i.id, cm.disabled, c.description'),(1,'2017-12-12 12:44:50','api','INSERT IGNORE INTO imageconnectmethods SELECT DISTINCT i.id, ir.id, c.id, c.description, cm.disabled FROM image i LEFT JOIN OS o ON (o.id = i.OSid) LEFT JOIN OStype ot ON (ot.name = o.type) LEFT JOIN imagerevision ir ON (ir.imageid = i.id) LEFT JOIN connectmethodmap cm ON (cm.OSid = o.id) LEFT JOIN connectmethod c ON (cm.connectmethodid = c.id) WHERE cm.autoprovisioned IS NULL HAVING c.id IS NOT NULL ORDER BY i.id, cm.disabled, c.description'),(1,'2017-12-12 12:44:50','api','INSERT IGNORE INTO imageconnectmethods SELECT DISTINCT i.id, ir.id, c.id, c.description, cm.disabled FROM image i LEFT JOIN OS o ON (o.id = i.OSid) LEFT JOIN OStype ot ON (ot.name = o.type) LEFT JOIN imagerevision ir ON (ir.imageid = i.id) LEFT JOIN connectmethodmap cm ON (cm.imagerevisionid = ir.id) LEFT JOIN connectmethod c ON (cm.connectmethodid = c.id) WHERE cm.autoprovisioned IS NULL HAVING c.id IS NOT NULL ORDER BY i.id, cm.disabled, c.description'),(1,'2017-12-12 12:45:18','api','INSERT IGNORE INTO imageconnectmethods SELECT DISTINCT i.id, ir.id, c.id, c.description, cm.disabled FROM image i LEFT JOIN OS o ON (o.id = i.OSid) LEFT JOIN OStype ot ON (ot.name = o.type) LEFT JOIN imagerevision ir ON (ir.imageid = i.id) LEFT JOIN connectmethodmap cm ON (cm.OStypeid = ot.id) LEFT JOIN connectmethod c ON (cm.connectmethodid = c.id) WHERE cm.autoprovisioned IS NULL HAVING c.id IS NOT NULL ORDER BY i.id, cm.disabled, c.description'),(1,'2017-12-12 12:45:18','api','INSERT IGNORE INTO imageconnectmethods SELECT DISTINCT i.id, ir.id, c.id, c.description, cm.disabled FROM image i LEFT JOIN OS o ON (o.id = i.OSid) LEFT JOIN OStype ot ON (ot.name = o.type) LEFT JOIN imagerevision ir ON (ir.imageid = i.id) LEFT JOIN connectmethodmap cm ON (cm.OSid = o.id) LEFT JOIN connectmethod c ON (cm.connectmethodid = c.id) WHERE cm.autoprovisioned IS NULL HAVING c.id IS NOT NULL ORDER BY i.id, cm.disabled, c.description'),(1,'2017-12-12 12:45:18','api','INSERT IGNORE INTO imageconnectmethods SELECT DISTINCT i.id, ir.id, c.id, c.description, cm.disabled FROM image i LEFT JOIN OS o ON (o.id = i.OSid) LEFT JOIN OStype ot ON (ot.name = o.type) LEFT JOIN imagerevision ir ON (ir.imageid = i.id) LEFT JOIN connectmethodmap cm ON (cm.imagerevisionid = ir.id) LEFT JOIN connectmethod c ON (cm.connectmethodid = c.id) WHERE cm.autoprovisioned IS NULL HAVING c.id IS NOT NULL ORDER BY i.id, cm.disabled, c.description'),(1,'2017-12-12 13:14:12','api','INSERT IGNORE INTO imageconnectmethods SELECT DISTINCT i.id, ir.id, c.id, c.description, cm.disabled FROM image i LEFT JOIN OS o ON (o.id = i.OSid) LEFT JOIN OStype ot ON (ot.name = o.type) LEFT JOIN imagerevision ir ON (ir.imageid = i.id) LEFT JOIN connectmethodmap cm ON (cm.OStypeid = ot.id) LEFT JOIN connectmethod c ON (cm.connectmethodid = c.id) WHERE cm.autoprovisioned IS NULL HAVING c.id IS NOT NULL ORDER BY i.id, cm.disabled, c.description'),(1,'2017-12-12 13:14:12','api','INSERT IGNORE INTO imageconnectmethods SELECT DISTINCT i.id, ir.id, c.id, c.description, cm.disabled FROM image i LEFT JOIN OS o ON (o.id = i.OSid) LEFT JOIN OStype ot ON (ot.name = o.type) LEFT JOIN imagerevision ir ON (ir.imageid = i.id) LEFT JOIN connectmethodmap cm ON (cm.OSid = o.id) LEFT JOIN connectmethod c ON (cm.connectmethodid = c.id) WHERE cm.autoprovisioned IS NULL HAVING c.id IS NOT NULL ORDER BY i.id, cm.disabled, c.description'),(1,'2017-12-12 13:14:12','api','INSERT IGNORE INTO imageconnectmethods SELECT DISTINCT i.id, ir.id, c.id, c.description, cm.disabled FROM image i LEFT JOIN OS o ON (o.id = i.OSid) LEFT JOIN OStype ot ON (ot.name = o.type) LEFT JOIN imagerevision ir ON (ir.imageid = i.id) LEFT JOIN connectmethodmap cm ON (cm.imagerevisionid = ir.id) LEFT JOIN connectmethod c ON (cm.connectmethodid = c.id) WHERE cm.autoprovisioned IS NULL HAVING c.id IS NOT NULL ORDER BY i.id, cm.disabled, c.description'),(1,'2017-12-12 13:22:50','api','INSERT INTO VMhostCheck SELECT c.RAM, SUM(i.minram), v.id FROM vmhost v LEFT JOIN computer c ON (v.computerid = c.id) LEFT JOIN computer c2 ON (v.id = c2.vmhostid) LEFT JOIN image i ON (c2.currentimageid = i.id) WHERE c.stateid = 20 GROUP BY v.id'),(1,'2017-12-12 13:24:23','api','INSERT INTO semaphore SELECT c.id, 2, 2, 1, NOW() + INTERVAL 45 SECOND, \'localhost:8000-20550-5a301c742e02a\' FROM computer c LEFT JOIN semaphore s ON (c.id = s.computerid) WHERE c.id = 4 AND (s.expires IS NULL OR s.expires < NOW()) LIMIT 1'),(1,'2017-12-12 13:26:21','api','INSERT INTO log (userid, nowfuture, start, initialend, finalend, wasavailable, ending, imageid) VALUES (1, \'now\', \'2017-12-12 13:26:21\', \'2017-12-12 13:16:00\', \'2017-12-12 13:16:00\', 1, \'none\', 2)'),(1,'2017-12-12 13:26:21','api','INSERT INTO request (stateid, userid, laststateid, logid, forimaging, start, end, daterequested, checkuser) VALUES (13, 1, 13, 9, 0, \'2017-12-12 13:00:00\', \'2017-12-12 13:16:00\', NOW(), 1)'),(1,'2017-12-12 13:26:21','api','UPDATE log SET requestid = 9 WHERE id = 9'),(1,'2017-12-12 13:26:21','api','INSERT INTO sublog (logid, imageid, imagerevisionid, computerid, managementnodeid, predictivemoduleid, hostcomputerid) VALUES (9, 2, 2, 4, 1, 31, 1)'),(1,'2017-12-12 13:26:21','api','INSERT INTO reservation (requestid, computerid, imageid, imagerevisionid, managementnodeid) SELECT 9, computerid, imageid, imagerevisionid, managementnodeid FROM semaphore WHERE expires > NOW() AND procid = \'localhost:8000-20550-5a301c742e02a\''),(1,'2017-12-12 13:26:21','api','DELETE FROM request WHERE id = 9'),(1,'2017-12-12 13:26:21','api','UPDATE log SET wasavailable = 0 WHERE id = 9'),(1,'2017-12-12 13:26:21','api','DELETE FROM sublog WHERE logid = 9'),(1,'2017-12-12 13:27:16','main','DELETE FROM semaphore WHERE procid = \'localhost-21985-5a301f8476949\''),(1,'2017-12-12 13:27:18','viewRequests','INSERT IGNORE INTO imageconnectmethods SELECT DISTINCT i.id, ir.id, c.id, c.description, cm.disabled FROM image i LEFT JOIN OS o ON (o.id = i.OSid) LEFT JOIN OStype ot ON (ot.name = o.type) LEFT JOIN imagerevision ir ON (ir.imageid = i.id) LEFT JOIN connectmethodmap cm ON (cm.OStypeid = ot.id) LEFT JOIN connectmethod c ON (cm.connectmethodid = c.id) WHERE cm.autoprovisioned IS NULL HAVING c.id IS NOT NULL ORDER BY i.id, cm.disabled, c.description'),(1,'2017-12-12 13:27:18','viewRequests','INSERT IGNORE INTO imageconnectmethods SELECT DISTINCT i.id, ir.id, c.id, c.description, cm.disabled FROM image i LEFT JOIN OS o ON (o.id = i.OSid) LEFT JOIN OStype ot ON (ot.name = o.type) LEFT JOIN imagerevision ir ON (ir.imageid = i.id) LEFT JOIN connectmethodmap cm ON (cm.OSid = o.id) LEFT JOIN connectmethod c ON (cm.connectmethodid = c.id) WHERE cm.autoprovisioned IS NULL HAVING c.id IS NOT NULL ORDER BY i.id, cm.disabled, c.description'),(1,'2017-12-12 13:27:18','viewRequests','INSERT IGNORE INTO imageconnectmethods SELECT DISTINCT i.id, ir.id, c.id, c.description, cm.disabled FROM image i LEFT JOIN OS o ON (o.id = i.OSid) LEFT JOIN OStype ot ON (ot.name = o.type) LEFT JOIN imagerevision ir ON (ir.imageid = i.id) LEFT JOIN connectmethodmap cm ON (cm.imagerevisionid = ir.id) LEFT JOIN connectmethod c ON (cm.connectmethodid = c.id) WHERE cm.autoprovisioned IS NULL HAVING c.id IS NOT NULL ORDER BY i.id, cm.disabled, c.description'),(1,'2017-12-12 13:27:18','viewRequests','DELETE FROM semaphore WHERE procid = \'localhost-21985-5a301f86812b4\''),(1,'2017-12-12 13:32:59','AJupdateWaitTime','INSERT INTO VMhostCheck SELECT c.RAM, SUM(i.minram), v.id FROM vmhost v LEFT JOIN computer c ON (v.computerid = c.id) LEFT JOIN computer c2 ON (v.id = c2.vmhostid) LEFT JOIN image i ON (c2.currentimageid = i.id) WHERE c.stateid = 20 GROUP BY v.id'),(1,'2017-12-12 13:32:59','AJupdateWaitTime','DELETE FROM semaphore WHERE procid = \'localhost-21986-5a3020dbbf7f4\''),(1,'2017-12-12 13:36:53','AJnewRequest','INSERT INTO VMhostCheck SELECT c.RAM, SUM(i.minram), v.id FROM vmhost v LEFT JOIN computer c ON (v.computerid = c.id) LEFT JOIN computer c2 ON (v.id = c2.vmhostid) LEFT JOIN image i ON (c2.currentimageid = i.id) WHERE c.stateid = 20 GROUP BY v.id'),(1,'2017-12-12 13:36:53','AJnewRequest','INSERT INTO semaphore SELECT c.id, 2, 2, 1, NOW() + INTERVAL 45 SECOND, \'localhost-2861-5a3020dfaf993\' FROM computer c LEFT JOIN semaphore s ON (c.id = s.computerid) WHERE c.id = 4 AND (s.expires IS NULL OR s.expires < NOW()) LIMIT 1'),(1,'2017-12-12 13:36:53','AJnewRequest','INSERT INTO log (userid, nowfuture, start, initialend, finalend, wasavailable, ending, imageid) VALUES (1, \'now\', \'2017-12-12 13:36:53\', \'2017-12-12 14:45:00\', \'2017-12-12 14:45:00\', 1, \'none\', 2)'),(1,'2017-12-12 13:36:53','AJnewRequest','INSERT INTO request (stateid, userid, laststateid, logid, forimaging, start, end, daterequested, checkuser) VALUES (13, 1, 13, 10, 0, \'2017-12-12 13:30:00\', \'2017-12-12 14:45:00\', NOW(), 1)'),(1,'2017-12-12 13:36:53','AJnewRequest','UPDATE log SET requestid = 10 WHERE id = 10'),(1,'2017-12-12 13:36:53','AJnewRequest','INSERT INTO sublog (logid, imageid, imagerevisionid, computerid, managementnodeid, predictivemoduleid, hostcomputerid) VALUES (10, 2, 2, 4, 1, 31, 1)'),(1,'2017-12-12 13:36:53','AJnewRequest','INSERT INTO reservation (requestid, computerid, imageid, imagerevisionid, managementnodeid) SELECT 10, computerid, imageid, imagerevisionid, managementnodeid FROM semaphore WHERE expires > NOW() AND procid = \'localhost-2861-5a3020dfaf993\''),(1,'2017-12-12 13:36:53','AJnewRequest','INSERT INTO changelog (logid, start, end, timestamp) VALUES (10, \'2017-12-12 13:36:53\', \'2017-12-12 14:45:00\', NOW())'),(1,'2017-12-12 13:36:53','AJnewRequest','DELETE FROM semaphore WHERE procid = \'localhost-2861-5a3020dfaf993\''),(1,'2017-12-12 13:36:53','AJnewRequest','DELETE FROM semaphore WHERE procid = \'localhost-2861-5a3020dfaf993\''),(1,'2017-12-12 13:37:00','viewRequests','INSERT INTO continuations (id, userid, expiretime, frommode, tomode, data, multicall, parentid, deletefromid) VALUES (\'391d75f771c0b8a25987c991f6263cc4\', 1, \'2017-12-13 13:37:00\', \'viewRequests\', \'AJconfirmRemoveRequest\', \'a:1:{s:9:\\\"requestid\\\";s:2:\\\"10\\\";}\', 1, NULL, \'391d75f771c0b8a25987c991f6263cc4\')'),(1,'2017-12-12 13:37:00','viewRequests','DELETE FROM semaphore WHERE procid = \'localhost-21985-5a3021cc275c1\''),(1,'2017-12-12 13:37:12','AJupdateWaitTime','INSERT INTO VMhostCheck SELECT c.RAM, SUM(i.minram), v.id FROM vmhost v LEFT JOIN computer c ON (v.computerid = c.id) LEFT JOIN computer c2 ON (v.id = c2.vmhostid) LEFT JOIN image i ON (c2.currentimageid = i.id) WHERE c.stateid = 20 GROUP BY v.id'),(1,'2017-12-12 13:37:12','AJupdateWaitTime','DELETE FROM semaphore WHERE procid = \'localhost-3923-5a3021d85ccdf\''),(1,'2017-12-12 13:37:30','AJupdateWaitTime','INSERT INTO VMhostCheck SELECT c.RAM, SUM(i.minram), v.id FROM vmhost v LEFT JOIN computer c ON (v.computerid = c.id) LEFT JOIN computer c2 ON (v.id = c2.vmhostid) LEFT JOIN image i ON (c2.currentimageid = i.id) WHERE c.stateid = 20 GROUP BY v.id'),(1,'2017-12-12 13:37:30','AJupdateWaitTime','DELETE FROM semaphore WHERE procid = \'localhost-3946-5a3021e9f3ac8\''),(1,'2017-12-12 13:39:04','AJnewRequest','INSERT INTO VMhostCheck SELECT c.RAM, SUM(i.minram), v.id FROM vmhost v LEFT JOIN computer c ON (v.computerid = c.id) LEFT JOIN computer c2 ON (v.id = c2.vmhostid) LEFT JOIN image i ON (c2.currentimageid = i.id) WHERE c.stateid = 20 GROUP BY v.id'),(1,'2017-12-12 13:39:04','AJnewRequest','INSERT INTO semaphore SELECT c.id, 2, 2, 1, NOW() + INTERVAL 45 SECOND, \'localhost-3948-5a3021f064524\' FROM computer c LEFT JOIN semaphore s ON (c.id = s.computerid) WHERE c.id = 6 AND (s.expires IS NULL OR s.expires < NOW()) LIMIT 1'),(1,'2017-12-12 13:39:04','AJnewRequest','INSERT INTO log (userid, nowfuture, start, initialend, finalend, wasavailable, ending, imageid) VALUES (1, \'now\', \'2017-12-12 13:39:04\', \'2017-12-31 12:30:00\', \'2017-12-31 12:30:00\', 1, \'none\', 2)'),(1,'2017-12-12 13:39:04','AJnewRequest','INSERT INTO request (stateid, userid, laststateid, logid, forimaging, start, end, daterequested, checkuser) VALUES (13, 1, 13, 11, 0, \'2017-12-12 13:30:00\', \'2017-12-31 12:30:00\', NOW(), 1)'),(1,'2017-12-12 13:39:04','AJnewRequest','UPDATE log SET requestid = 11 WHERE id = 11'),(1,'2017-12-12 13:39:04','AJnewRequest','INSERT INTO sublog (logid, imageid, imagerevisionid, computerid, managementnodeid, predictivemoduleid, hostcomputerid) VALUES (11, 2, 2, 6, 1, 31, 1)'),(1,'2017-12-12 13:39:04','AJnewRequest','INSERT INTO reservation (requestid, computerid, imageid, imagerevisionid, managementnodeid) SELECT 11, computerid, imageid, imagerevisionid, managementnodeid FROM semaphore WHERE expires > NOW() AND procid = \'localhost-3948-5a3021f064524\''),(1,'2017-12-12 13:39:04','AJnewRequest','INSERT INTO changelog (logid, start, end, timestamp) VALUES (11, \'2017-12-12 13:39:04\', \'2017-12-31 12:30:00\', NOW())'),(1,'2017-12-12 13:39:04','AJnewRequest','DELETE FROM semaphore WHERE procid = \'localhost-3948-5a3021f064524\''),(1,'2017-12-12 13:39:04','AJnewRequest','DELETE FROM semaphore WHERE procid = \'localhost-3948-5a3021f064524\''),(1,'2017-12-12 13:39:14','viewRequests','INSERT INTO continuations (id, userid, expiretime, frommode, tomode, data, multicall, parentid, deletefromid) VALUES (\'bae2db6e530e4b2ee3c5152c3103e538\', 1, \'2017-12-13 13:39:14\', \'viewRequests\', \'AJconfirmRemoveRequest\', \'a:1:{s:9:\\\"requestid\\\";s:2:\\\"11\\\";}\', 1, NULL, \'bae2db6e530e4b2ee3c5152c3103e538\')'),(1,'2017-12-12 13:39:14','viewRequests','DELETE FROM semaphore WHERE procid = \'localhost-3950-5a302252945c5\''),(1,'2017-12-12 13:40:10','api','INSERT IGNORE INTO imageconnectmethods SELECT DISTINCT i.id, ir.id, c.id, c.description, cm.disabled FROM image i LEFT JOIN OS o ON (o.id = i.OSid) LEFT JOIN OStype ot ON (ot.name = o.type) LEFT JOIN imagerevision ir ON (ir.imageid = i.id) LEFT JOIN connectmethodmap cm ON (cm.OStypeid = ot.id) LEFT JOIN connectmethod c ON (cm.connectmethodid = c.id) WHERE cm.autoprovisioned IS NULL HAVING c.id IS NOT NULL ORDER BY i.id, cm.disabled, c.description'),(1,'2017-12-12 13:40:10','api','INSERT IGNORE INTO imageconnectmethods SELECT DISTINCT i.id, ir.id, c.id, c.description, cm.disabled FROM image i LEFT JOIN OS o ON (o.id = i.OSid) LEFT JOIN OStype ot ON (ot.name = o.type) LEFT JOIN imagerevision ir ON (ir.imageid = i.id) LEFT JOIN connectmethodmap cm ON (cm.OSid = o.id) LEFT JOIN connectmethod c ON (cm.connectmethodid = c.id) WHERE cm.autoprovisioned IS NULL HAVING c.id IS NOT NULL ORDER BY i.id, cm.disabled, c.description'),(1,'2017-12-12 13:40:10','api','INSERT IGNORE INTO imageconnectmethods SELECT DISTINCT i.id, ir.id, c.id, c.description, cm.disabled FROM image i LEFT JOIN OS o ON (o.id = i.OSid) LEFT JOIN OStype ot ON (ot.name = o.type) LEFT JOIN imagerevision ir ON (ir.imageid = i.id) LEFT JOIN connectmethodmap cm ON (cm.imagerevisionid = ir.id) LEFT JOIN connectmethod c ON (cm.connectmethodid = c.id) WHERE cm.autoprovisioned IS NULL HAVING c.id IS NOT NULL ORDER BY i.id, cm.disabled, c.description'),(1,'2017-12-12 13:42:58','api','INSERT IGNORE INTO imageconnectmethods SELECT DISTINCT i.id, ir.id, c.id, c.description, cm.disabled FROM image i LEFT JOIN OS o ON (o.id = i.OSid) LEFT JOIN OStype ot ON (ot.name = o.type) LEFT JOIN imagerevision ir ON (ir.imageid = i.id) LEFT JOIN connectmethodmap cm ON (cm.OStypeid = ot.id) LEFT JOIN connectmethod c ON (cm.connectmethodid = c.id) WHERE cm.autoprovisioned IS NULL HAVING c.id IS NOT NULL ORDER BY i.id, cm.disabled, c.description'),(1,'2017-12-12 13:42:58','api','INSERT IGNORE INTO imageconnectmethods SELECT DISTINCT i.id, ir.id, c.id, c.description, cm.disabled FROM image i LEFT JOIN OS o ON (o.id = i.OSid) LEFT JOIN OStype ot ON (ot.name = o.type) LEFT JOIN imagerevision ir ON (ir.imageid = i.id) LEFT JOIN connectmethodmap cm ON (cm.OSid = o.id) LEFT JOIN connectmethod c ON (cm.connectmethodid = c.id) WHERE cm.autoprovisioned IS NULL HAVING c.id IS NOT NULL ORDER BY i.id, cm.disabled, c.description'),(1,'2017-12-12 13:42:58','api','INSERT IGNORE INTO imageconnectmethods SELECT DISTINCT i.id, ir.id, c.id, c.description, cm.disabled FROM image i LEFT JOIN OS o ON (o.id = i.OSid) LEFT JOIN OStype ot ON (ot.name = o.type) LEFT JOIN imagerevision ir ON (ir.imageid = i.id) LEFT JOIN connectmethodmap cm ON (cm.imagerevisionid = ir.id) LEFT JOIN connectmethod c ON (cm.connectmethodid = c.id) WHERE cm.autoprovisioned IS NULL HAVING c.id IS NOT NULL ORDER BY i.id, cm.disabled, c.description'),(1,'2017-12-12 13:44:46','api','INSERT IGNORE INTO imageconnectmethods SELECT DISTINCT i.id, ir.id, c.id, c.description, cm.disabled FROM image i LEFT JOIN OS o ON (o.id = i.OSid) LEFT JOIN OStype ot ON (ot.name = o.type) LEFT JOIN imagerevision ir ON (ir.imageid = i.id) LEFT JOIN connectmethodmap cm ON (cm.OStypeid = ot.id) LEFT JOIN connectmethod c ON (cm.connectmethodid = c.id) WHERE cm.autoprovisioned IS NULL HAVING c.id IS NOT NULL ORDER BY i.id, cm.disabled, c.description'),(1,'2017-12-12 13:44:46','api','INSERT IGNORE INTO imageconnectmethods SELECT DISTINCT i.id, ir.id, c.id, c.description, cm.disabled FROM image i LEFT JOIN OS o ON (o.id = i.OSid) LEFT JOIN OStype ot ON (ot.name = o.type) LEFT JOIN imagerevision ir ON (ir.imageid = i.id) LEFT JOIN connectmethodmap cm ON (cm.OSid = o.id) LEFT JOIN connectmethod c ON (cm.connectmethodid = c.id) WHERE cm.autoprovisioned IS NULL HAVING c.id IS NOT NULL ORDER BY i.id, cm.disabled, c.description'),(1,'2017-12-12 13:44:46','api','INSERT IGNORE INTO imageconnectmethods SELECT DISTINCT i.id, ir.id, c.id, c.description, cm.disabled FROM image i LEFT JOIN OS o ON (o.id = i.OSid) LEFT JOIN OStype ot ON (ot.name = o.type) LEFT JOIN imagerevision ir ON (ir.imageid = i.id) LEFT JOIN connectmethodmap cm ON (cm.imagerevisionid = ir.id) LEFT JOIN connectmethod c ON (cm.connectmethodid = c.id) WHERE cm.autoprovisioned IS NULL HAVING c.id IS NOT NULL ORDER BY i.id, cm.disabled, c.description'),(1,'2017-12-12 13:54:11','api','INSERT IGNORE INTO imageconnectmethods SELECT DISTINCT i.id, ir.id, c.id, c.description, cm.disabled FROM image i LEFT JOIN OS o ON (o.id = i.OSid) LEFT JOIN OStype ot ON (ot.name = o.type) LEFT JOIN imagerevision ir ON (ir.imageid = i.id) LEFT JOIN connectmethodmap cm ON (cm.OStypeid = ot.id) LEFT JOIN connectmethod c ON (cm.connectmethodid = c.id) WHERE cm.autoprovisioned IS NULL HAVING c.id IS NOT NULL ORDER BY i.id, cm.disabled, c.description'),(1,'2017-12-12 13:54:11','api','INSERT IGNORE INTO imageconnectmethods SELECT DISTINCT i.id, ir.id, c.id, c.description, cm.disabled FROM image i LEFT JOIN OS o ON (o.id = i.OSid) LEFT JOIN OStype ot ON (ot.name = o.type) LEFT JOIN imagerevision ir ON (ir.imageid = i.id) LEFT JOIN connectmethodmap cm ON (cm.OSid = o.id) LEFT JOIN connectmethod c ON (cm.connectmethodid = c.id) WHERE cm.autoprovisioned IS NULL HAVING c.id IS NOT NULL ORDER BY i.id, cm.disabled, c.description'),(1,'2017-12-12 13:54:11','api','INSERT IGNORE INTO imageconnectmethods SELECT DISTINCT i.id, ir.id, c.id, c.description, cm.disabled FROM image i LEFT JOIN OS o ON (o.id = i.OSid) LEFT JOIN OStype ot ON (ot.name = o.type) LEFT JOIN imagerevision ir ON (ir.imageid = i.id) LEFT JOIN connectmethodmap cm ON (cm.imagerevisionid = ir.id) LEFT JOIN connectmethod c ON (cm.connectmethodid = c.id) WHERE cm.autoprovisioned IS NULL HAVING c.id IS NOT NULL ORDER BY i.id, cm.disabled, c.description'),(1,'2017-12-12 13:54:18','api','INSERT IGNORE INTO imageconnectmethods SELECT DISTINCT i.id, ir.id, c.id, c.description, cm.disabled FROM image i LEFT JOIN OS o ON (o.id = i.OSid) LEFT JOIN OStype ot ON (ot.name = o.type) LEFT JOIN imagerevision ir ON (ir.imageid = i.id) LEFT JOIN connectmethodmap cm ON (cm.OStypeid = ot.id) LEFT JOIN connectmethod c ON (cm.connectmethodid = c.id) WHERE cm.autoprovisioned IS NULL HAVING c.id IS NOT NULL ORDER BY i.id, cm.disabled, c.description'),(1,'2017-12-12 13:54:18','api','INSERT IGNORE INTO imageconnectmethods SELECT DISTINCT i.id, ir.id, c.id, c.description, cm.disabled FROM image i LEFT JOIN OS o ON (o.id = i.OSid) LEFT JOIN OStype ot ON (ot.name = o.type) LEFT JOIN imagerevision ir ON (ir.imageid = i.id) LEFT JOIN connectmethodmap cm ON (cm.OSid = o.id) LEFT JOIN connectmethod c ON (cm.connectmethodid = c.id) WHERE cm.autoprovisioned IS NULL HAVING c.id IS NOT NULL ORDER BY i.id, cm.disabled, c.description'),(1,'2017-12-12 13:54:18','api','INSERT IGNORE INTO imageconnectmethods SELECT DISTINCT i.id, ir.id, c.id, c.description, cm.disabled FROM image i LEFT JOIN OS o ON (o.id = i.OSid) LEFT JOIN OStype ot ON (ot.name = o.type) LEFT JOIN imagerevision ir ON (ir.imageid = i.id) LEFT JOIN connectmethodmap cm ON (cm.imagerevisionid = ir.id) LEFT JOIN connectmethod c ON (cm.connectmethodid = c.id) WHERE cm.autoprovisioned IS NULL HAVING c.id IS NOT NULL ORDER BY i.id, cm.disabled, c.description'),(1,'2017-12-12 13:55:25','viewRequests','INSERT IGNORE INTO imageconnectmethods SELECT DISTINCT i.id, ir.id, c.id, c.description, cm.disabled FROM image i LEFT JOIN OS o ON (o.id = i.OSid) LEFT JOIN OStype ot ON (ot.name = o.type) LEFT JOIN imagerevision ir ON (ir.imageid = i.id) LEFT JOIN connectmethodmap cm ON (cm.OStypeid = ot.id) LEFT JOIN connectmethod c ON (cm.connectmethodid = c.id) WHERE cm.autoprovisioned IS NULL HAVING c.id IS NOT NULL ORDER BY i.id, cm.disabled, c.description'),(1,'2017-12-12 13:55:25','viewRequests','INSERT IGNORE INTO imageconnectmethods SELECT DISTINCT i.id, ir.id, c.id, c.description, cm.disabled FROM image i LEFT JOIN OS o ON (o.id = i.OSid) LEFT JOIN OStype ot ON (ot.name = o.type) LEFT JOIN imagerevision ir ON (ir.imageid = i.id) LEFT JOIN connectmethodmap cm ON (cm.OSid = o.id) LEFT JOIN connectmethod c ON (cm.connectmethodid = c.id) WHERE cm.autoprovisioned IS NULL HAVING c.id IS NOT NULL ORDER BY i.id, cm.disabled, c.description'),(1,'2017-12-12 13:55:25','viewRequests','INSERT IGNORE INTO imageconnectmethods SELECT DISTINCT i.id, ir.id, c.id, c.description, cm.disabled FROM image i LEFT JOIN OS o ON (o.id = i.OSid) LEFT JOIN OStype ot ON (ot.name = o.type) LEFT JOIN imagerevision ir ON (ir.imageid = i.id) LEFT JOIN connectmethodmap cm ON (cm.imagerevisionid = ir.id) LEFT JOIN connectmethod c ON (cm.connectmethodid = c.id) WHERE cm.autoprovisioned IS NULL HAVING c.id IS NOT NULL ORDER BY i.id, cm.disabled, c.description'),(1,'2017-12-12 13:55:26','viewRequests','DELETE FROM semaphore WHERE procid = \'localhost-4258-5a30261da3272\''),(1,'2017-12-12 13:55:51','api','INSERT IGNORE INTO imageconnectmethods SELECT DISTINCT i.id, ir.id, c.id, c.description, cm.disabled FROM image i LEFT JOIN OS o ON (o.id = i.OSid) LEFT JOIN OStype ot ON (ot.name = o.type) LEFT JOIN imagerevision ir ON (ir.imageid = i.id) LEFT JOIN connectmethodmap cm ON (cm.OStypeid = ot.id) LEFT JOIN connectmethod c ON (cm.connectmethodid = c.id) WHERE cm.autoprovisioned IS NULL HAVING c.id IS NOT NULL ORDER BY i.id, cm.disabled, c.description'),(1,'2017-12-12 13:55:51','api','INSERT IGNORE INTO imageconnectmethods SELECT DISTINCT i.id, ir.id, c.id, c.description, cm.disabled FROM image i LEFT JOIN OS o ON (o.id = i.OSid) LEFT JOIN OStype ot ON (ot.name = o.type) LEFT JOIN imagerevision ir ON (ir.imageid = i.id) LEFT JOIN connectmethodmap cm ON (cm.OSid = o.id) LEFT JOIN connectmethod c ON (cm.connectmethodid = c.id) WHERE cm.autoprovisioned IS NULL HAVING c.id IS NOT NULL ORDER BY i.id, cm.disabled, c.description'),(1,'2017-12-12 13:55:51','api','INSERT IGNORE INTO imageconnectmethods SELECT DISTINCT i.id, ir.id, c.id, c.description, cm.disabled FROM image i LEFT JOIN OS o ON (o.id = i.OSid) LEFT JOIN OStype ot ON (ot.name = o.type) LEFT JOIN imagerevision ir ON (ir.imageid = i.id) LEFT JOIN connectmethodmap cm ON (cm.imagerevisionid = ir.id) LEFT JOIN connectmethod c ON (cm.connectmethodid = c.id) WHERE cm.autoprovisioned IS NULL HAVING c.id IS NOT NULL ORDER BY i.id, cm.disabled, c.description'),(1,'2017-12-12 13:56:53','api','INSERT IGNORE INTO imageconnectmethods SELECT DISTINCT i.id, ir.id, c.id, c.description, cm.disabled FROM image i LEFT JOIN OS o ON (o.id = i.OSid) LEFT JOIN OStype ot ON (ot.name = o.type) LEFT JOIN imagerevision ir ON (ir.imageid = i.id) LEFT JOIN connectmethodmap cm ON (cm.OStypeid = ot.id) LEFT JOIN connectmethod c ON (cm.connectmethodid = c.id) WHERE cm.autoprovisioned IS NULL HAVING c.id IS NOT NULL ORDER BY i.id, cm.disabled, c.description'),(1,'2017-12-12 13:56:53','api','INSERT IGNORE INTO imageconnectmethods SELECT DISTINCT i.id, ir.id, c.id, c.description, cm.disabled FROM image i LEFT JOIN OS o ON (o.id = i.OSid) LEFT JOIN OStype ot ON (ot.name = o.type) LEFT JOIN imagerevision ir ON (ir.imageid = i.id) LEFT JOIN connectmethodmap cm ON (cm.OSid = o.id) LEFT JOIN connectmethod c ON (cm.connectmethodid = c.id) WHERE cm.autoprovisioned IS NULL HAVING c.id IS NOT NULL ORDER BY i.id, cm.disabled, c.description'),(1,'2017-12-12 13:56:53','api','INSERT IGNORE INTO imageconnectmethods SELECT DISTINCT i.id, ir.id, c.id, c.description, cm.disabled FROM image i LEFT JOIN OS o ON (o.id = i.OSid) LEFT JOIN OStype ot ON (ot.name = o.type) LEFT JOIN imagerevision ir ON (ir.imageid = i.id) LEFT JOIN connectmethodmap cm ON (cm.imagerevisionid = ir.id) LEFT JOIN connectmethod c ON (cm.connectmethodid = c.id) WHERE cm.autoprovisioned IS NULL HAVING c.id IS NOT NULL ORDER BY i.id, cm.disabled, c.description'),(1,'2017-12-12 13:58:49','viewRequests','DELETE FROM semaphore WHERE procid = \'localhost-6230-5a3026e9afd1a\''),(1,'2017-12-12 13:58:53','AJupdateWaitTime','INSERT INTO continuations (id, userid, expiretime, frommode, tomode, data, multicall, parentid, deletefromid) VALUES (\'12adf54c1dfb028435d8e6d7d8fd89c8\', 1, \'2017-12-19 13:58:53\', \'AJupdateWaitTime\', \'AJshowRequestSuggestedTimes\', \'a:5:{s:3:\\\"now\\\";i:1;s:5:\\\"start\\\";i:1513104300;s:3:\\\"end\\\";i:1513108800;s:6:\\\"server\\\";i:0;s:7:\\\"imageid\\\";s:1:\\\"2\\\";}\', 1, NULL, \'12adf54c1dfb028435d8e6d7d8fd89c8\')'),(1,'2017-12-12 13:58:53','AJupdateWaitTime','DELETE FROM semaphore WHERE procid = \'localhost-6230-5a3026ed531e2\''),(1,'2017-12-12 13:58:53','AJshowRequestSuggestedTimes','DELETE FROM semaphore WHERE procid = \'localhost-6230-5a3026ed860c5\''),(1,'2017-12-12 13:59:51','AJconfirmRemoveRequest','INSERT INTO continuations (id, userid, expiretime, frommode, tomode, data, multicall, parentid, deletefromid) VALUES (\'14acb442084a5194fa40d176d22ad9ff\', 1, \'2017-12-13 13:59:51\', \'AJconfirmRemoveRequest\', \'AJsubmitRemoveRequest\', \'a:1:{s:9:\\\"requestid\\\";s:2:\\\"10\\\";}\', 0, \'391d75f771c0b8a25987c991f6263cc4\', \'391d75f771c0b8a25987c991f6263cc4\')'),(1,'2017-12-12 13:59:51','AJconfirmRemoveRequest','DELETE FROM semaphore WHERE procid = \'localhost-6705-5a3027273a799\''),(1,'2017-12-12 13:59:52','AJviewRequests','DELETE FROM request WHERE id = 10'),(1,'2017-12-12 13:59:52','AJviewRequests','DELETE FROM reservation WHERE requestid = 10'),(1,'2017-12-12 13:59:52','AJviewRequests','INSERT INTO continuations (id, userid, expiretime, frommode, tomode, data, multicall, parentid, deletefromid) VALUES (\'afee5d53a15d872d1245b64d44c65bbd\', 1, \'2017-12-13 13:59:52\', \'AJviewRequests\', \'AJconfirmRemoveRequest\', \'a:1:{s:9:\\\"requestid\\\";s:2:\\\"11\\\";}\', 1, NULL, \'afee5d53a15d872d1245b64d44c65bbd\')'),(1,'2017-12-12 13:59:53','AJviewRequests','DELETE FROM semaphore WHERE procid = \'localhost-6705-5a302728ea80b\''),(1,'2017-12-12 13:59:54','AJconfirmRemoveRequest','INSERT INTO continuations (id, userid, expiretime, frommode, tomode, data, multicall, parentid, deletefromid) VALUES (\'6eba5895f878d232a6619c3cada97a0a\', 1, \'2017-12-13 13:59:54\', \'AJconfirmRemoveRequest\', \'AJsubmitRemoveRequest\', \'a:1:{s:9:\\\"requestid\\\";s:2:\\\"11\\\";}\', 0, \'afee5d53a15d872d1245b64d44c65bbd\', \'afee5d53a15d872d1245b64d44c65bbd\')'),(1,'2017-12-12 13:59:54','AJconfirmRemoveRequest','DELETE FROM semaphore WHERE procid = \'localhost-6705-5a30272a311c0\''),(1,'2017-12-12 13:59:55','AJviewRequests','DELETE FROM request WHERE id = 11'),(1,'2017-12-12 13:59:56','AJviewRequests','DELETE FROM reservation WHERE requestid = 11'),(1,'2017-12-12 13:59:56','AJviewRequests','DELETE FROM semaphore WHERE procid = \'localhost-6705-5a30272be8c0a\''),(1,'2017-12-12 14:01:11','viewRequests','DELETE FROM semaphore WHERE procid = \'localhost-7042-5a3027777ad46\''),(1,'2017-12-12 14:01:35','api','INSERT IGNORE INTO imageconnectmethods SELECT DISTINCT i.id, ir.id, c.id, c.description, cm.disabled FROM image i LEFT JOIN OS o ON (o.id = i.OSid) LEFT JOIN OStype ot ON (ot.name = o.type) LEFT JOIN imagerevision ir ON (ir.imageid = i.id) LEFT JOIN connectmethodmap cm ON (cm.OStypeid = ot.id) LEFT JOIN connectmethod c ON (cm.connectmethodid = c.id) WHERE cm.autoprovisioned IS NULL HAVING c.id IS NOT NULL ORDER BY i.id, cm.disabled, c.description'),(1,'2017-12-12 14:01:35','api','INSERT IGNORE INTO imageconnectmethods SELECT DISTINCT i.id, ir.id, c.id, c.description, cm.disabled FROM image i LEFT JOIN OS o ON (o.id = i.OSid) LEFT JOIN OStype ot ON (ot.name = o.type) LEFT JOIN imagerevision ir ON (ir.imageid = i.id) LEFT JOIN connectmethodmap cm ON (cm.OSid = o.id) LEFT JOIN connectmethod c ON (cm.connectmethodid = c.id) WHERE cm.autoprovisioned IS NULL HAVING c.id IS NOT NULL ORDER BY i.id, cm.disabled, c.description'),(1,'2017-12-12 14:01:35','api','INSERT IGNORE INTO imageconnectmethods SELECT DISTINCT i.id, ir.id, c.id, c.description, cm.disabled FROM image i LEFT JOIN OS o ON (o.id = i.OSid) LEFT JOIN OStype ot ON (ot.name = o.type) LEFT JOIN imagerevision ir ON (ir.imageid = i.id) LEFT JOIN connectmethodmap cm ON (cm.imagerevisionid = ir.id) LEFT JOIN connectmethod c ON (cm.connectmethodid = c.id) WHERE cm.autoprovisioned IS NULL HAVING c.id IS NOT NULL ORDER BY i.id, cm.disabled, c.description'),(1,'2017-12-12 14:01:35','api','INSERT INTO VMhostCheck SELECT c.RAM, SUM(i.minram), v.id FROM vmhost v LEFT JOIN computer c ON (v.computerid = c.id) LEFT JOIN computer c2 ON (v.id = c2.vmhostid) LEFT JOIN image i ON (c2.currentimageid = i.id) WHERE c.stateid = 20 GROUP BY v.id'),(1,'2017-12-12 14:01:35','api','INSERT INTO semaphore SELECT c.id, 2, 2, 1, NOW() + INTERVAL 45 SECOND, \'localhost:8000-20550-5a30277ec22ee\' FROM computer c LEFT JOIN semaphore s ON (c.id = s.computerid) WHERE c.id = 2 AND (s.expires IS NULL OR s.expires < NOW()) LIMIT 1'),(1,'2017-12-12 14:01:35','api','INSERT INTO log (userid, nowfuture, start, initialend, finalend, wasavailable, ending, imageid) VALUES (1, \'now\', \'2017-12-12 14:01:35\', \'2017-12-31 12:30:00\', \'2017-12-31 12:30:00\', 1, \'none\', 2)'),(1,'2017-12-12 14:01:35','api','INSERT INTO request (stateid, userid, laststateid, logid, forimaging, start, end, daterequested, checkuser) VALUES (13, 1, 13, 12, 0, \'2017-12-12 14:00:00\', \'2017-12-31 12:30:00\', NOW(), 1)'),(1,'2017-12-12 14:01:35','api','UPDATE log SET requestid = 12 WHERE id = 12'),(1,'2017-12-12 14:01:35','api','INSERT INTO sublog (logid, imageid, imagerevisionid, computerid, managementnodeid, predictivemoduleid, hostcomputerid) VALUES (12, 2, 2, 2, 1, 31, 1)'),(1,'2017-12-12 14:01:35','api','INSERT INTO reservation (requestid, computerid, imageid, imagerevisionid, managementnodeid) SELECT 12, computerid, imageid, imagerevisionid, managementnodeid FROM semaphore WHERE expires > NOW() AND procid = \'localhost:8000-20550-5a30277ec22ee\''),(1,'2017-12-12 14:01:35','api','INSERT INTO changelog (logid, start, end, timestamp) VALUES (12, \'2017-12-12 14:01:35\', \'2017-12-31 12:30:00\', NOW())'),(1,'2017-12-12 14:01:50','api','INSERT IGNORE INTO imageconnectmethods SELECT DISTINCT i.id, ir.id, c.id, c.description, cm.disabled FROM image i LEFT JOIN OS o ON (o.id = i.OSid) LEFT JOIN OStype ot ON (ot.name = o.type) LEFT JOIN imagerevision ir ON (ir.imageid = i.id) LEFT JOIN connectmethodmap cm ON (cm.OStypeid = ot.id) LEFT JOIN connectmethod c ON (cm.connectmethodid = c.id) WHERE cm.autoprovisioned IS NULL HAVING c.id IS NOT NULL ORDER BY i.id, cm.disabled, c.description'),(1,'2017-12-12 14:01:50','api','INSERT IGNORE INTO imageconnectmethods SELECT DISTINCT i.id, ir.id, c.id, c.description, cm.disabled FROM image i LEFT JOIN OS o ON (o.id = i.OSid) LEFT JOIN OStype ot ON (ot.name = o.type) LEFT JOIN imagerevision ir ON (ir.imageid = i.id) LEFT JOIN connectmethodmap cm ON (cm.OSid = o.id) LEFT JOIN connectmethod c ON (cm.connectmethodid = c.id) WHERE cm.autoprovisioned IS NULL HAVING c.id IS NOT NULL ORDER BY i.id, cm.disabled, c.description'),(1,'2017-12-12 14:01:50','api','INSERT IGNORE INTO imageconnectmethods SELECT DISTINCT i.id, ir.id, c.id, c.description, cm.disabled FROM image i LEFT JOIN OS o ON (o.id = i.OSid) LEFT JOIN OStype ot ON (ot.name = o.type) LEFT JOIN imagerevision ir ON (ir.imageid = i.id) LEFT JOIN connectmethodmap cm ON (cm.imagerevisionid = ir.id) LEFT JOIN connectmethod c ON (cm.connectmethodid = c.id) WHERE cm.autoprovisioned IS NULL HAVING c.id IS NOT NULL ORDER BY i.id, cm.disabled, c.description'),(1,'2017-12-12 14:01:50','api','INSERT INTO VMhostCheck SELECT c.RAM, SUM(i.minram), v.id FROM vmhost v LEFT JOIN computer c ON (v.computerid = c.id) LEFT JOIN computer c2 ON (v.id = c2.vmhostid) LEFT JOIN image i ON (c2.currentimageid = i.id) WHERE c.stateid = 20 GROUP BY v.id'),(1,'2017-12-12 14:01:50','api','INSERT INTO semaphore SELECT c.id, 2, 2, 1, NOW() + INTERVAL 45 SECOND, \'localhost:8000-20550-5a30279e710be\' FROM computer c LEFT JOIN semaphore s ON (c.id = s.computerid) WHERE c.id = 3 AND (s.expires IS NULL OR s.expires < NOW()) LIMIT 1'),(1,'2017-12-12 14:01:50','api','INSERT INTO log (userid, nowfuture, start, initialend, finalend, wasavailable, ending, imageid) VALUES (1, \'now\', \'2017-12-12 14:01:50\', \'2017-12-31 12:30:00\', \'2017-12-31 12:30:00\', 1, \'none\', 2)'),(1,'2017-12-12 14:01:50','api','INSERT INTO request (stateid, userid, laststateid, logid, forimaging, start, end, daterequested, checkuser) VALUES (13, 1, 13, 13, 0, \'2017-12-12 14:00:00\', \'2017-12-31 12:30:00\', NOW(), 1)'),(1,'2017-12-12 14:01:50','api','UPDATE log SET requestid = 13 WHERE id = 13'),(1,'2017-12-12 14:01:50','api','INSERT INTO sublog (logid, imageid, imagerevisionid, computerid, managementnodeid, predictivemoduleid, hostcomputerid) VALUES (13, 2, 2, 3, 1, 31, 1)'),(1,'2017-12-12 14:01:50','api','INSERT INTO reservation (requestid, computerid, imageid, imagerevisionid, managementnodeid) SELECT 13, computerid, imageid, imagerevisionid, managementnodeid FROM semaphore WHERE expires > NOW() AND procid = \'localhost:8000-20550-5a30279e710be\''),(1,'2017-12-12 14:01:50','api','INSERT INTO changelog (logid, start, end, timestamp) VALUES (13, \'2017-12-12 14:01:50\', \'2017-12-31 12:30:00\', NOW())'),(1,'2017-12-12 14:01:58','viewRequests','INSERT INTO continuations (id, userid, expiretime, frommode, tomode, data, multicall, parentid, deletefromid) VALUES (\'bef9701569163483e121e24c0f9c3e60\', 1, \'2017-12-13 14:01:58\', \'viewRequests\', \'AJconfirmRemoveRequest\', \'a:1:{s:9:\\\"requestid\\\";s:2:\\\"12\\\";}\', 1, NULL, \'bef9701569163483e121e24c0f9c3e60\')'),(1,'2017-12-12 14:01:58','viewRequests','INSERT INTO continuations (id, userid, expiretime, frommode, tomode, data, multicall, parentid, deletefromid) VALUES (\'655423bc4c3543c263efb9e3161b0536\', 1, \'2017-12-13 14:01:58\', \'viewRequests\', \'AJconfirmDeleteRequest\', \'a:2:{s:9:\\\"requestid\\\";s:2:\\\"13\\\";s:10:\\\"notbyowner\\\";i:0;}\', 1, NULL, \'655423bc4c3543c263efb9e3161b0536\')'),(1,'2017-12-12 14:01:58','viewRequests','INSERT INTO continuations (id, userid, expiretime, frommode, tomode, data, multicall, parentid, deletefromid) VALUES (\'ad1128215b9fb882f4fc01bc39c5ef20\', 1, \'2017-12-13 14:01:58\', \'viewRequests\', \'AJeditRequest\', \'a:1:{s:9:\\\"requestid\\\";s:2:\\\"13\\\";}\', 1, NULL, \'ad1128215b9fb882f4fc01bc39c5ef20\')'),(1,'2017-12-12 14:01:58','viewRequests','INSERT INTO continuations (id, userid, expiretime, frommode, tomode, data, multicall, parentid, deletefromid) VALUES (\'5968329e777f5e812f40ea407adb349c\', 1, \'2017-12-13 14:01:58\', \'viewRequests\', \'AJstartImage\', \'a:1:{s:9:\\\"requestid\\\";s:2:\\\"13\\\";}\', 1, NULL, \'5968329e777f5e812f40ea407adb349c\')'),(1,'2017-12-12 14:01:58','viewRequests','DELETE FROM semaphore WHERE procid = \'localhost-7082-5a3027a5e8c07\''),(1,'2017-12-12 14:02:10','AJviewRequests','INSERT INTO continuations (id, userid, expiretime, frommode, tomode, data, multicall, parentid, deletefromid) VALUES (\'1d19d74a406dc3ee23fedae843e2de3a\', 1, \'2017-12-13 14:02:10\', \'AJviewRequests\', \'AJconfirmRemoveRequest\', \'a:1:{s:9:\\\"requestid\\\";s:2:\\\"12\\\";}\', 1, NULL, \'1d19d74a406dc3ee23fedae843e2de3a\')'),(1,'2017-12-12 14:02:10','AJviewRequests','INSERT INTO continuations (id, userid, expiretime, frommode, tomode, data, multicall, parentid, deletefromid) VALUES (\'b28e61585f364595c947e2b2ee9f4a6d\', 1, \'2017-12-13 14:02:10\', \'AJviewRequests\', \'AJconfirmRemoveRequest\', \'a:1:{s:9:\\\"requestid\\\";s:2:\\\"13\\\";}\', 1, NULL, \'b28e61585f364595c947e2b2ee9f4a6d\')'),(1,'2017-12-12 14:02:10','AJviewRequests','DELETE FROM semaphore WHERE procid = \'localhost-7091-5a3027b269a8b\''),(1,'2017-12-12 14:02:12','AJconfirmRemoveRequest','INSERT INTO continuations (id, userid, expiretime, frommode, tomode, data, multicall, parentid, deletefromid) VALUES (\'1ce9448b3b33af5035f6036d41590a5d\', 1, \'2017-12-13 14:02:12\', \'AJconfirmRemoveRequest\', \'AJsubmitRemoveRequest\', \'a:1:{s:9:\\\"requestid\\\";s:2:\\\"12\\\";}\', 0, \'1d19d74a406dc3ee23fedae843e2de3a\', \'1d19d74a406dc3ee23fedae843e2de3a\')'),(1,'2017-12-12 14:02:12','AJconfirmRemoveRequest','DELETE FROM semaphore WHERE procid = \'localhost-7091-5a3027b41c5fe\''),(1,'2017-12-12 14:02:13','AJviewRequests','DELETE FROM request WHERE id = 12'),(1,'2017-12-12 14:02:13','AJviewRequests','DELETE FROM reservation WHERE requestid = 12'),(1,'2017-12-12 14:02:13','AJviewRequests','DELETE FROM semaphore WHERE procid = \'localhost-7091-5a3027b5b0a81\''),(1,'2017-12-12 14:02:14','AJconfirmRemoveRequest','INSERT INTO continuations (id, userid, expiretime, frommode, tomode, data, multicall, parentid, deletefromid) VALUES (\'e049e6aac8d51543b2d90572e2e35537\', 1, \'2017-12-13 14:02:14\', \'AJconfirmRemoveRequest\', \'AJsubmitRemoveRequest\', \'a:1:{s:9:\\\"requestid\\\";s:2:\\\"13\\\";}\', 0, \'b28e61585f364595c947e2b2ee9f4a6d\', \'b28e61585f364595c947e2b2ee9f4a6d\')'),(1,'2017-12-12 14:02:14','AJconfirmRemoveRequest','DELETE FROM semaphore WHERE procid = \'localhost-7091-5a3027b6dfbfd\''),(1,'2017-12-12 14:02:17','AJviewRequests','DELETE FROM request WHERE id = 13'),(1,'2017-12-12 14:02:18','AJviewRequests','DELETE FROM reservation WHERE requestid = 13'),(1,'2017-12-12 14:02:18','AJviewRequests','DELETE FROM semaphore WHERE procid = \'localhost-7091-5a3027b9ea02c\''),(1,'2017-12-13 11:09:26','api','INSERT IGNORE INTO imageconnectmethods SELECT DISTINCT i.id, ir.id, c.id, c.description, cm.disabled FROM image i LEFT JOIN OS o ON (o.id = i.OSid) LEFT JOIN OStype ot ON (ot.name = o.type) LEFT JOIN imagerevision ir ON (ir.imageid = i.id) LEFT JOIN connectmethodmap cm ON (cm.OStypeid = ot.id) LEFT JOIN connectmethod c ON (cm.connectmethodid = c.id) WHERE cm.autoprovisioned IS NULL HAVING c.id IS NOT NULL ORDER BY i.id, cm.disabled, c.description'),(1,'2017-12-13 11:09:26','api','INSERT IGNORE INTO imageconnectmethods SELECT DISTINCT i.id, ir.id, c.id, c.description, cm.disabled FROM image i LEFT JOIN OS o ON (o.id = i.OSid) LEFT JOIN OStype ot ON (ot.name = o.type) LEFT JOIN imagerevision ir ON (ir.imageid = i.id) LEFT JOIN connectmethodmap cm ON (cm.OSid = o.id) LEFT JOIN connectmethod c ON (cm.connectmethodid = c.id) WHERE cm.autoprovisioned IS NULL HAVING c.id IS NOT NULL ORDER BY i.id, cm.disabled, c.description'),(1,'2017-12-13 11:09:26','api','INSERT IGNORE INTO imageconnectmethods SELECT DISTINCT i.id, ir.id, c.id, c.description, cm.disabled FROM image i LEFT JOIN OS o ON (o.id = i.OSid) LEFT JOIN OStype ot ON (ot.name = o.type) LEFT JOIN imagerevision ir ON (ir.imageid = i.id) LEFT JOIN connectmethodmap cm ON (cm.imagerevisionid = ir.id) LEFT JOIN connectmethod c ON (cm.connectmethodid = c.id) WHERE cm.autoprovisioned IS NULL HAVING c.id IS NOT NULL ORDER BY i.id, cm.disabled, c.description'),(1,'2017-12-13 11:09:26','api','INSERT INTO VMhostCheck SELECT c.RAM, SUM(i.minram), v.id FROM vmhost v LEFT JOIN computer c ON (v.computerid = c.id) LEFT JOIN computer c2 ON (v.id = c2.vmhostid) LEFT JOIN image i ON (c2.currentimageid = i.id) WHERE c.stateid = 20 GROUP BY v.id'),(1,'2017-12-13 11:09:26','api','INSERT INTO semaphore SELECT c.id, 2, 2, 1, NOW() + INTERVAL 45 SECOND, \'localhost:8000-20550-5a3150b69bbec\' FROM computer c LEFT JOIN semaphore s ON (c.id = s.computerid) WHERE c.id = 4 AND (s.expires IS NULL OR s.expires < NOW()) LIMIT 1'),(1,'2017-12-13 11:09:26','api','INSERT INTO log (userid, nowfuture, start, initialend, finalend, wasavailable, ending, imageid) VALUES (1, \'now\', \'2017-12-13 11:09:26\', \'2017-12-31 12:30:00\', \'2017-12-31 12:30:00\', 1, \'none\', 2)'),(1,'2017-12-13 11:09:26','api','INSERT INTO request (stateid, userid, laststateid, logid, forimaging, start, end, daterequested, checkuser) VALUES (13, 1, 13, 14, 0, \'2017-12-13 11:00:00\', \'2017-12-31 12:30:00\', NOW(), 1)'),(1,'2017-12-13 11:09:26','api','UPDATE log SET requestid = 14 WHERE id = 14'),(1,'2017-12-13 11:09:26','api','INSERT INTO sublog (logid, imageid, imagerevisionid, computerid, managementnodeid, predictivemoduleid, hostcomputerid) VALUES (14, 2, 2, 4, 1, 31, 1)'),(1,'2017-12-13 11:09:26','api','INSERT INTO reservation (requestid, computerid, imageid, imagerevisionid, managementnodeid) SELECT 14, computerid, imageid, imagerevisionid, managementnodeid FROM semaphore WHERE expires > NOW() AND procid = \'localhost:8000-20550-5a3150b69bbec\''),(1,'2017-12-13 11:09:26','api','INSERT INTO changelog (logid, start, end, timestamp) VALUES (14, \'2017-12-13 11:09:26\', \'2017-12-31 12:30:00\', NOW())'),(1,'2017-12-13 11:09:37','main','DELETE FROM semaphore WHERE procid = \'localhost-8647-5a3150c1b2186\''),(1,'2017-12-13 11:09:39','viewRequests','INSERT IGNORE INTO imageconnectmethods SELECT DISTINCT i.id, ir.id, c.id, c.description, cm.disabled FROM image i LEFT JOIN OS o ON (o.id = i.OSid) LEFT JOIN OStype ot ON (ot.name = o.type) LEFT JOIN imagerevision ir ON (ir.imageid = i.id) LEFT JOIN connectmethodmap cm ON (cm.OStypeid = ot.id) LEFT JOIN connectmethod c ON (cm.connectmethodid = c.id) WHERE cm.autoprovisioned IS NULL HAVING c.id IS NOT NULL ORDER BY i.id, cm.disabled, c.description'),(1,'2017-12-13 11:09:39','viewRequests','INSERT IGNORE INTO imageconnectmethods SELECT DISTINCT i.id, ir.id, c.id, c.description, cm.disabled FROM image i LEFT JOIN OS o ON (o.id = i.OSid) LEFT JOIN OStype ot ON (ot.name = o.type) LEFT JOIN imagerevision ir ON (ir.imageid = i.id) LEFT JOIN connectmethodmap cm ON (cm.OSid = o.id) LEFT JOIN connectmethod c ON (cm.connectmethodid = c.id) WHERE cm.autoprovisioned IS NULL HAVING c.id IS NOT NULL ORDER BY i.id, cm.disabled, c.description'),(1,'2017-12-13 11:09:39','viewRequests','INSERT IGNORE INTO imageconnectmethods SELECT DISTINCT i.id, ir.id, c.id, c.description, cm.disabled FROM image i LEFT JOIN OS o ON (o.id = i.OSid) LEFT JOIN OStype ot ON (ot.name = o.type) LEFT JOIN imagerevision ir ON (ir.imageid = i.id) LEFT JOIN connectmethodmap cm ON (cm.imagerevisionid = ir.id) LEFT JOIN connectmethod c ON (cm.connectmethodid = c.id) WHERE cm.autoprovisioned IS NULL HAVING c.id IS NOT NULL ORDER BY i.id, cm.disabled, c.description'),(1,'2017-12-13 11:09:39','viewRequests','INSERT INTO continuations (id, userid, expiretime, frommode, tomode, data, multicall, parentid, deletefromid) VALUES (\'18399ebd80999c7e56fc3ef92f2866bf\', 1, \'2017-12-14 11:09:39\', \'viewRequests\', \'AJconfirmRemoveRequest\', \'a:1:{s:9:\\\"requestid\\\";s:2:\\\"14\\\";}\', 1, NULL, \'18399ebd80999c7e56fc3ef92f2866bf\')'),(1,'2017-12-13 11:09:40','viewRequests','DELETE FROM semaphore WHERE procid = \'localhost-8647-5a3150c39fec1\''),(1,'2017-12-13 11:09:45','api','INSERT IGNORE INTO imageconnectmethods SELECT DISTINCT i.id, ir.id, c.id, c.description, cm.disabled FROM image i LEFT JOIN OS o ON (o.id = i.OSid) LEFT JOIN OStype ot ON (ot.name = o.type) LEFT JOIN imagerevision ir ON (ir.imageid = i.id) LEFT JOIN connectmethodmap cm ON (cm.OStypeid = ot.id) LEFT JOIN connectmethod c ON (cm.connectmethodid = c.id) WHERE cm.autoprovisioned IS NULL HAVING c.id IS NOT NULL ORDER BY i.id, cm.disabled, c.description'),(1,'2017-12-13 11:09:45','api','INSERT IGNORE INTO imageconnectmethods SELECT DISTINCT i.id, ir.id, c.id, c.description, cm.disabled FROM image i LEFT JOIN OS o ON (o.id = i.OSid) LEFT JOIN OStype ot ON (ot.name = o.type) LEFT JOIN imagerevision ir ON (ir.imageid = i.id) LEFT JOIN connectmethodmap cm ON (cm.OSid = o.id) LEFT JOIN connectmethod c ON (cm.connectmethodid = c.id) WHERE cm.autoprovisioned IS NULL HAVING c.id IS NOT NULL ORDER BY i.id, cm.disabled, c.description'),(1,'2017-12-13 11:09:45','api','INSERT IGNORE INTO imageconnectmethods SELECT DISTINCT i.id, ir.id, c.id, c.description, cm.disabled FROM image i LEFT JOIN OS o ON (o.id = i.OSid) LEFT JOIN OStype ot ON (ot.name = o.type) LEFT JOIN imagerevision ir ON (ir.imageid = i.id) LEFT JOIN connectmethodmap cm ON (cm.imagerevisionid = ir.id) LEFT JOIN connectmethod c ON (cm.connectmethodid = c.id) WHERE cm.autoprovisioned IS NULL HAVING c.id IS NOT NULL ORDER BY i.id, cm.disabled, c.description'),(1,'2017-12-13 11:09:45','api','INSERT INTO VMhostCheck SELECT c.RAM, SUM(i.minram), v.id FROM vmhost v LEFT JOIN computer c ON (v.computerid = c.id) LEFT JOIN computer c2 ON (v.id = c2.vmhostid) LEFT JOIN image i ON (c2.currentimageid = i.id) WHERE c.stateid = 20 GROUP BY v.id'),(1,'2017-12-13 11:09:45','api','INSERT INTO semaphore SELECT c.id, 2, 2, 1, NOW() + INTERVAL 45 SECOND, \'localhost:8000-20550-5a3150c99d04e\' FROM computer c LEFT JOIN semaphore s ON (c.id = s.computerid) WHERE c.id = 5 AND (s.expires IS NULL OR s.expires < NOW()) LIMIT 1'),(1,'2017-12-13 11:09:45','api','INSERT INTO log (userid, nowfuture, start, initialend, finalend, wasavailable, ending, imageid) VALUES (1, \'now\', \'2017-12-13 11:09:45\', \'2017-12-31 12:30:00\', \'2017-12-31 12:30:00\', 1, \'none\', 2)'),(1,'2017-12-13 11:09:45','api','INSERT INTO request (stateid, userid, laststateid, logid, forimaging, start, end, daterequested, checkuser) VALUES (13, 1, 13, 15, 0, \'2017-12-13 11:00:00\', \'2017-12-31 12:30:00\', NOW(), 1)'),(1,'2017-12-13 11:09:45','api','UPDATE log SET requestid = 15 WHERE id = 15'),(1,'2017-12-13 11:09:45','api','INSERT INTO sublog (logid, imageid, imagerevisionid, computerid, managementnodeid, predictivemoduleid, hostcomputerid) VALUES (15, 2, 2, 5, 1, 31, 1)'),(1,'2017-12-13 11:09:45','api','INSERT INTO reservation (requestid, computerid, imageid, imagerevisionid, managementnodeid) SELECT 15, computerid, imageid, imagerevisionid, managementnodeid FROM semaphore WHERE expires > NOW() AND procid = \'localhost:8000-20550-5a3150c99d04e\''),(1,'2017-12-13 11:09:45','api','INSERT INTO changelog (logid, start, end, timestamp) VALUES (15, \'2017-12-13 11:09:45\', \'2017-12-31 12:30:00\', NOW())'),(1,'2017-12-13 11:09:48','viewRequests','INSERT INTO continuations (id, userid, expiretime, frommode, tomode, data, multicall, parentid, deletefromid) VALUES (\'ef0bb9d72f4ace2c8e6b070261d01c8f\', 1, \'2017-12-14 11:09:48\', \'viewRequests\', \'AJconfirmDeleteRequest\', \'a:2:{s:9:\\\"requestid\\\";s:2:\\\"15\\\";s:10:\\\"notbyowner\\\";i:0;}\', 1, NULL, \'ef0bb9d72f4ace2c8e6b070261d01c8f\')'),(1,'2017-12-13 11:09:48','viewRequests','INSERT INTO continuations (id, userid, expiretime, frommode, tomode, data, multicall, parentid, deletefromid) VALUES (\'6bfc08082bf6c241ec0d99f8745fcb29\', 1, \'2017-12-14 11:09:48\', \'viewRequests\', \'AJeditRequest\', \'a:1:{s:9:\\\"requestid\\\";s:2:\\\"15\\\";}\', 1, NULL, \'6bfc08082bf6c241ec0d99f8745fcb29\')'),(1,'2017-12-13 11:09:48','viewRequests','INSERT INTO continuations (id, userid, expiretime, frommode, tomode, data, multicall, parentid, deletefromid) VALUES (\'ad32973ef76712cde011ba7e8acd2bb1\', 1, \'2017-12-14 11:09:48\', \'viewRequests\', \'AJstartImage\', \'a:1:{s:9:\\\"requestid\\\";s:2:\\\"15\\\";}\', 1, NULL, \'ad32973ef76712cde011ba7e8acd2bb1\')'),(1,'2017-12-13 11:09:48','viewRequests','DELETE FROM semaphore WHERE procid = \'localhost-20542-5a3150cc35b83\''),(1,'2017-12-13 11:10:00','AJviewRequests','INSERT INTO continuations (id, userid, expiretime, frommode, tomode, data, multicall, parentid, deletefromid) VALUES (\'73b98b1316b74d85741518a1c496a72e\', 1, \'2017-12-14 11:10:00\', \'AJviewRequests\', \'AJconfirmRemoveRequest\', \'a:1:{s:9:\\\"requestid\\\";s:2:\\\"14\\\";}\', 1, NULL, \'73b98b1316b74d85741518a1c496a72e\')'),(1,'2017-12-13 11:10:00','AJviewRequests','INSERT INTO continuations (id, userid, expiretime, frommode, tomode, data, multicall, parentid, deletefromid) VALUES (\'fe6d5a09776f04dbfe7fb8e53ea387a7\', 1, \'2017-12-14 11:10:00\', \'AJviewRequests\', \'AJconfirmRemoveRequest\', \'a:1:{s:9:\\\"requestid\\\";s:2:\\\"15\\\";}\', 1, NULL, \'fe6d5a09776f04dbfe7fb8e53ea387a7\')'),(1,'2017-12-13 11:10:00','AJviewRequests','DELETE FROM semaphore WHERE procid = \'localhost-20548-5a3150d8c8f4e\''),(1,'2017-12-14 10:38:19','api','DELETE FROM request WHERE id = 14'),(1,'2017-12-14 10:38:20','api','DELETE FROM reservation WHERE requestid = 14'),(1,'2017-12-14 10:38:40','main','DELETE FROM semaphore WHERE procid = \'localhost-20613-5a329b004857d\''),(1,'2017-12-14 10:38:43','viewRequests','INSERT IGNORE INTO imageconnectmethods SELECT DISTINCT i.id, ir.id, c.id, c.description, cm.disabled FROM image i LEFT JOIN OS o ON (o.id = i.OSid) LEFT JOIN OStype ot ON (ot.name = o.type) LEFT JOIN imagerevision ir ON (ir.imageid = i.id) LEFT JOIN connectmethodmap cm ON (cm.OStypeid = ot.id) LEFT JOIN connectmethod c ON (cm.connectmethodid = c.id) WHERE cm.autoprovisioned IS NULL HAVING c.id IS NOT NULL ORDER BY i.id, cm.disabled, c.description'),(1,'2017-12-14 10:38:43','viewRequests','INSERT IGNORE INTO imageconnectmethods SELECT DISTINCT i.id, ir.id, c.id, c.description, cm.disabled FROM image i LEFT JOIN OS o ON (o.id = i.OSid) LEFT JOIN OStype ot ON (ot.name = o.type) LEFT JOIN imagerevision ir ON (ir.imageid = i.id) LEFT JOIN connectmethodmap cm ON (cm.OSid = o.id) LEFT JOIN connectmethod c ON (cm.connectmethodid = c.id) WHERE cm.autoprovisioned IS NULL HAVING c.id IS NOT NULL ORDER BY i.id, cm.disabled, c.description'),(1,'2017-12-14 10:38:43','viewRequests','INSERT IGNORE INTO imageconnectmethods SELECT DISTINCT i.id, ir.id, c.id, c.description, cm.disabled FROM image i LEFT JOIN OS o ON (o.id = i.OSid) LEFT JOIN OStype ot ON (ot.name = o.type) LEFT JOIN imagerevision ir ON (ir.imageid = i.id) LEFT JOIN connectmethodmap cm ON (cm.imagerevisionid = ir.id) LEFT JOIN connectmethod c ON (cm.connectmethodid = c.id) WHERE cm.autoprovisioned IS NULL HAVING c.id IS NOT NULL ORDER BY i.id, cm.disabled, c.description'),(1,'2017-12-14 10:38:43','viewRequests','INSERT INTO continuations (id, userid, expiretime, frommode, tomode, data, multicall, parentid, deletefromid) VALUES (\'a39cfb7170997565a50a23b6039e1315\', 1, \'2017-12-15 10:38:43\', \'viewRequests\', \'AJconfirmRemoveRequest\', \'a:1:{s:9:\\\"requestid\\\";s:2:\\\"15\\\";}\', 1, NULL, \'a39cfb7170997565a50a23b6039e1315\')'),(1,'2017-12-14 10:38:43','viewRequests','DELETE FROM semaphore WHERE procid = \'localhost-20613-5a329b02f0f66\'');
/*!40000 ALTER TABLE `querylog` ENABLE KEYS */;
UNLOCK TABLES;

--
-- Table structure for table `request`
--

DROP TABLE IF EXISTS `request`;
/*!40101 SET @saved_cs_client     = @@character_set_client */;
/*!40101 SET character_set_client = utf8 */;
CREATE TABLE `request` (
  `id` mediumint(8) unsigned NOT NULL AUTO_INCREMENT,
  `stateid` tinyint(3) unsigned NOT NULL DEFAULT '0',
  `userid` mediumint(8) unsigned NOT NULL DEFAULT '0',
  `laststateid` tinyint(3) unsigned NOT NULL DEFAULT '0',
  `logid` int(10) unsigned DEFAULT NULL,
  `forimaging` tinyint(1) unsigned NOT NULL DEFAULT '0',
  `test` tinyint(1) unsigned NOT NULL DEFAULT '0',
  `preload` tinyint(1) unsigned NOT NULL DEFAULT '0',
  `start` datetime NOT NULL DEFAULT '0000-00-00 00:00:00',
  `end` datetime NOT NULL DEFAULT '0000-00-00 00:00:00',
  `daterequested` datetime NOT NULL DEFAULT '0000-00-00 00:00:00',
  `datemodified` datetime DEFAULT NULL,
  `checkuser` tinyint(1) unsigned NOT NULL DEFAULT '1',
  PRIMARY KEY (`id`),
  KEY `userid` (`userid`),
  KEY `stateid` (`stateid`),
  KEY `laststateid` (`laststateid`),
  KEY `logid` (`logid`),
  KEY `start` (`start`),
  KEY `end` (`end`),
  CONSTRAINT `request_ibfk_1` FOREIGN KEY (`stateid`) REFERENCES `state` (`id`) ON UPDATE CASCADE,
  CONSTRAINT `request_ibfk_2` FOREIGN KEY (`laststateid`) REFERENCES `state` (`id`) ON UPDATE CASCADE,
  CONSTRAINT `request_ibfk_3` FOREIGN KEY (`userid`) REFERENCES `user` (`id`) ON UPDATE CASCADE,
  CONSTRAINT `request_ibfk_4` FOREIGN KEY (`logid`) REFERENCES `log` (`id`) ON UPDATE CASCADE
) ENGINE=InnoDB AUTO_INCREMENT=16 DEFAULT CHARSET=latin1;
/*!40101 SET character_set_client = @saved_cs_client */;

--
-- Dumping data for table `request`
--

LOCK TABLES `request` WRITE;
/*!40000 ALTER TABLE `request` DISABLE KEYS */;
INSERT INTO `request` VALUES (15,5,1,13,15,0,0,0,'2017-12-13 11:00:00','2017-12-31 12:30:00','2017-12-13 11:09:45',NULL,1);
/*!40000 ALTER TABLE `request` ENABLE KEYS */;
UNLOCK TABLES;

--
-- Table structure for table `reservation`
--

DROP TABLE IF EXISTS `reservation`;
/*!40101 SET @saved_cs_client     = @@character_set_client */;
/*!40101 SET character_set_client = utf8 */;
CREATE TABLE `reservation` (
  `id` mediumint(8) unsigned NOT NULL AUTO_INCREMENT,
  `requestid` mediumint(8) unsigned NOT NULL DEFAULT '0',
  `computerid` smallint(5) unsigned NOT NULL DEFAULT '0',
  `imageid` smallint(5) unsigned NOT NULL DEFAULT '0',
  `imagerevisionid` mediumint(8) unsigned NOT NULL DEFAULT '0',
  `managementnodeid` smallint(5) unsigned NOT NULL DEFAULT '1',
  `remoteIP` varchar(15) DEFAULT NULL,
  `lastcheck` datetime DEFAULT '0000-00-00 00:00:00',
  `pw` varchar(40) DEFAULT NULL,
  `connectIP` varchar(15) DEFAULT NULL,
  `connectport` smallint(5) unsigned DEFAULT NULL,
  PRIMARY KEY (`id`),
  KEY `managementnodeid` (`managementnodeid`),
  KEY `imageid` (`imageid`),
  KEY `requestid` (`requestid`),
  KEY `computerid` (`computerid`),
  KEY `imagerevisionid` (`imagerevisionid`),
  CONSTRAINT `reservation_ibfk_1` FOREIGN KEY (`requestid`) REFERENCES `request` (`id`) ON DELETE CASCADE,
  CONSTRAINT `reservation_ibfk_2` FOREIGN KEY (`managementnodeid`) REFERENCES `managementnode` (`id`),
  CONSTRAINT `reservation_ibfk_3` FOREIGN KEY (`computerid`) REFERENCES `computer` (`id`),
  CONSTRAINT `reservation_ibfk_4` FOREIGN KEY (`imagerevisionid`) REFERENCES `imagerevision` (`id`) ON UPDATE CASCADE,
  CONSTRAINT `reservation_ibfk_5` FOREIGN KEY (`imageid`) REFERENCES `image` (`id`)
) ENGINE=InnoDB AUTO_INCREMENT=15 DEFAULT CHARSET=latin1;
/*!40101 SET character_set_client = @saved_cs_client */;

--
-- Dumping data for table `reservation`
--

LOCK TABLES `reservation` WRITE;
/*!40000 ALTER TABLE `reservation` DISABLE KEYS */;
INSERT INTO `reservation` VALUES (14,15,5,2,2,1,NULL,'2017-12-13 11:09:49',NULL,NULL,NULL);
/*!40000 ALTER TABLE `reservation` ENABLE KEYS */;
UNLOCK TABLES;

--
-- Table structure for table `reservationaccounts`
--

DROP TABLE IF EXISTS `reservationaccounts`;
/*!40101 SET @saved_cs_client     = @@character_set_client */;
/*!40101 SET character_set_client = utf8 */;
CREATE TABLE `reservationaccounts` (
  `reservationid` mediumint(8) unsigned NOT NULL,
  `userid` mediumint(8) unsigned NOT NULL,
  `password` varchar(50) DEFAULT NULL,
  UNIQUE KEY `reservationid` (`reservationid`,`userid`),
  KEY `userid` (`userid`),
  CONSTRAINT `reservationaccounts_ibfk_2` FOREIGN KEY (`reservationid`) REFERENCES `reservation` (`id`) ON DELETE CASCADE,
  CONSTRAINT `reservationaccounts_ibfk_1` FOREIGN KEY (`userid`) REFERENCES `user` (`id`) ON UPDATE CASCADE
) ENGINE=InnoDB DEFAULT CHARSET=latin1;
/*!40101 SET character_set_client = @saved_cs_client */;

--
-- Dumping data for table `reservationaccounts`
--

LOCK TABLES `reservationaccounts` WRITE;
/*!40000 ALTER TABLE `reservationaccounts` DISABLE KEYS */;
/*!40000 ALTER TABLE `reservationaccounts` ENABLE KEYS */;
UNLOCK TABLES;

--
-- Table structure for table `resource`
--

DROP TABLE IF EXISTS `resource`;
/*!40101 SET @saved_cs_client     = @@character_set_client */;
/*!40101 SET character_set_client = utf8 */;
CREATE TABLE `resource` (
  `id` mediumint(8) unsigned NOT NULL AUTO_INCREMENT,
  `resourcetypeid` tinyint(5) unsigned NOT NULL DEFAULT '0',
  `subid` mediumint(8) unsigned NOT NULL DEFAULT '0',
  PRIMARY KEY (`id`),
  UNIQUE KEY `resourcetypeid` (`resourcetypeid`,`subid`),
  CONSTRAINT `resource_ibfk_1` FOREIGN KEY (`resourcetypeid`) REFERENCES `resourcetype` (`id`) ON UPDATE CASCADE
) ENGINE=InnoDB AUTO_INCREMENT=17 DEFAULT CHARSET=latin1;
/*!40101 SET character_set_client = @saved_cs_client */;

--
-- Dumping data for table `resource`
--

LOCK TABLES `resource` WRITE;
/*!40000 ALTER TABLE `resource` DISABLE KEYS */;
INSERT INTO `resource` VALUES (11,12,1),(12,12,2),(13,12,3),(14,12,4),(15,12,5),(16,12,6),(4,13,1),(10,13,2),(8,15,1),(9,16,1);
/*!40000 ALTER TABLE `resource` ENABLE KEYS */;
UNLOCK TABLES;

--
-- Table structure for table `resourcegroup`
--

DROP TABLE IF EXISTS `resourcegroup`;
/*!40101 SET @saved_cs_client     = @@character_set_client */;
/*!40101 SET character_set_client = utf8 */;
CREATE TABLE `resourcegroup` (
  `id` smallint(5) unsigned NOT NULL AUTO_INCREMENT,
  `name` varchar(50) NOT NULL DEFAULT '',
  `ownerusergroupid` smallint(5) unsigned NOT NULL DEFAULT '39',
  `resourcetypeid` tinyint(3) unsigned NOT NULL DEFAULT '0',
  PRIMARY KEY (`id`),
  UNIQUE KEY `resourcetypeid` (`resourcetypeid`,`name`),
  KEY `ownerusergroupid` (`ownerusergroupid`),
  CONSTRAINT `resourcegroup_ibfk_2` FOREIGN KEY (`resourcetypeid`) REFERENCES `resourcetype` (`id`) ON UPDATE CASCADE,
  CONSTRAINT `resourcegroup_ibfk_1` FOREIGN KEY (`ownerusergroupid`) REFERENCES `usergroup` (`id`) ON UPDATE CASCADE
) ENGINE=InnoDB AUTO_INCREMENT=13 DEFAULT CHARSET=latin1;
/*!40101 SET character_set_client = @saved_cs_client */;

--
-- Dumping data for table `resourcegroup`
--

LOCK TABLES `resourcegroup` WRITE;
/*!40000 ALTER TABLE `resourcegroup` DISABLE KEYS */;
INSERT INTO `resourcegroup` VALUES (1,'allComputers',3,12),(2,'allImages',3,13),(3,'allManagementNodes',3,16),(4,'allSchedules',3,15),(5,'All VM Computers',3,12),(8,'newimages',4,12),(9,'newvmimages',4,12),(10,'allVMimages',4,13),(11,'all profiles',3,17),(12,'All AD Domains',3,18);
/*!40000 ALTER TABLE `resourcegroup` ENABLE KEYS */;
UNLOCK TABLES;

--
-- Table structure for table `resourcegroupmembers`
--

DROP TABLE IF EXISTS `resourcegroupmembers`;
/*!40101 SET @saved_cs_client     = @@character_set_client */;
/*!40101 SET character_set_client = utf8 */;
CREATE TABLE `resourcegroupmembers` (
  `resourceid` mediumint(8) unsigned NOT NULL DEFAULT '0',
  `resourcegroupid` smallint(5) unsigned NOT NULL DEFAULT '0',
  PRIMARY KEY (`resourceid`,`resourcegroupid`),
  KEY `resourcegroupid` (`resourcegroupid`),
  CONSTRAINT `resourcegroupmembers_ibfk_2` FOREIGN KEY (`resourcegroupid`) REFERENCES `resourcegroup` (`id`) ON DELETE CASCADE ON UPDATE CASCADE,
  CONSTRAINT `resourcegroupmembers_ibfk_1` FOREIGN KEY (`resourceid`) REFERENCES `resource` (`id`) ON DELETE CASCADE ON UPDATE CASCADE
) ENGINE=InnoDB DEFAULT CHARSET=latin1;
/*!40101 SET character_set_client = @saved_cs_client */;

--
-- Dumping data for table `resourcegroupmembers`
--

LOCK TABLES `resourcegroupmembers` WRITE;
/*!40000 ALTER TABLE `resourcegroupmembers` DISABLE KEYS */;
INSERT INTO `resourcegroupmembers` VALUES (8,4),(9,3),(10,10),(12,5),(13,5),(14,5),(15,5),(16,5);
/*!40000 ALTER TABLE `resourcegroupmembers` ENABLE KEYS */;
UNLOCK TABLES;

--
-- Table structure for table `resourcemap`
--

DROP TABLE IF EXISTS `resourcemap`;
/*!40101 SET @saved_cs_client     = @@character_set_client */;
/*!40101 SET character_set_client = utf8 */;
CREATE TABLE `resourcemap` (
  `resourcegroupid1` smallint(5) unsigned NOT NULL DEFAULT '0',
  `resourcetypeid1` tinyint(3) unsigned NOT NULL DEFAULT '13',
  `resourcegroupid2` smallint(5) unsigned NOT NULL DEFAULT '0',
  `resourcetypeid2` tinyint(3) unsigned NOT NULL DEFAULT '12',
  PRIMARY KEY (`resourcegroupid1`,`resourcegroupid2`),
  KEY `resourcetypeid1` (`resourcetypeid1`),
  KEY `resourcetypeid2` (`resourcetypeid2`),
  KEY `resourcegroupid2` (`resourcegroupid2`),
  CONSTRAINT `resourcemap_ibfk_4` FOREIGN KEY (`resourcetypeid2`) REFERENCES `resourcetype` (`id`) ON UPDATE CASCADE,
  CONSTRAINT `resourcemap_ibfk_1` FOREIGN KEY (`resourcegroupid1`) REFERENCES `resourcegroup` (`id`) ON DELETE CASCADE ON UPDATE CASCADE,
  CONSTRAINT `resourcemap_ibfk_2` FOREIGN KEY (`resourcegroupid2`) REFERENCES `resourcegroup` (`id`) ON DELETE CASCADE ON UPDATE CASCADE,
  CONSTRAINT `resourcemap_ibfk_3` FOREIGN KEY (`resourcetypeid1`) REFERENCES `resourcetype` (`id`) ON UPDATE CASCADE
) ENGINE=InnoDB DEFAULT CHARSET=latin1;
/*!40101 SET character_set_client = @saved_cs_client */;

--
-- Dumping data for table `resourcemap`
--

LOCK TABLES `resourcemap` WRITE;
/*!40000 ALTER TABLE `resourcemap` DISABLE KEYS */;
INSERT INTO `resourcemap` VALUES (2,13,1,12),(3,16,1,12),(3,16,5,12),(3,16,8,12),(3,16,9,12),(10,13,5,12);
/*!40000 ALTER TABLE `resourcemap` ENABLE KEYS */;
UNLOCK TABLES;

--
-- Table structure for table `resourcepriv`
--

DROP TABLE IF EXISTS `resourcepriv`;
/*!40101 SET @saved_cs_client     = @@character_set_client */;
/*!40101 SET character_set_client = utf8 */;
CREATE TABLE `resourcepriv` (
  `id` mediumint(8) unsigned NOT NULL AUTO_INCREMENT,
  `resourcegroupid` smallint(5) unsigned NOT NULL DEFAULT '0',
  `privnodeid` mediumint(8) unsigned NOT NULL DEFAULT '0',
  `type` enum('block','cascade','available','administer','manageGroup','manageMapping') NOT NULL DEFAULT 'block',
  PRIMARY KEY (`id`),
  UNIQUE KEY `resourcegroupid` (`resourcegroupid`,`privnodeid`,`type`),
  KEY `privnodeid` (`privnodeid`),
  CONSTRAINT `resourcepriv_ibfk_2` FOREIGN KEY (`privnodeid`) REFERENCES `privnode` (`id`) ON DELETE CASCADE ON UPDATE CASCADE,
  CONSTRAINT `resourcepriv_ibfk_1` FOREIGN KEY (`resourcegroupid`) REFERENCES `resourcegroup` (`id`) ON DELETE CASCADE ON UPDATE CASCADE
) ENGINE=InnoDB AUTO_INCREMENT=35 DEFAULT CHARSET=latin1;
/*!40101 SET character_set_client = @saved_cs_client */;

--
-- Dumping data for table `resourcepriv`
--

LOCK TABLES `resourcepriv` WRITE;
/*!40000 ALTER TABLE `resourcepriv` DISABLE KEYS */;
INSERT INTO `resourcepriv` VALUES (1,1,4,'available'),(2,1,4,'administer'),(3,1,4,'manageGroup'),(17,1,4,'manageMapping'),(4,2,4,'available'),(5,2,4,'administer'),(6,2,4,'manageGroup'),(18,2,4,'manageMapping'),(8,3,4,'administer'),(9,3,4,'manageGroup'),(19,3,4,'manageMapping'),(10,4,4,'available'),(11,4,4,'administer'),(12,4,4,'manageGroup'),(20,4,4,'manageMapping'),(21,5,4,'available'),(22,5,4,'administer'),(23,5,4,'manageGroup'),(24,5,4,'manageMapping'),(15,8,5,'cascade'),(16,8,5,'available'),(25,10,4,'available'),(26,10,4,'administer'),(27,10,4,'manageGroup'),(28,10,4,'manageMapping'),(29,11,4,'available'),(30,11,4,'administer'),(31,11,4,'manageGroup'),(32,11,4,'manageMapping'),(33,12,4,'administer'),(34,12,4,'manageGroup');
/*!40000 ALTER TABLE `resourcepriv` ENABLE KEYS */;
UNLOCK TABLES;

--
-- Table structure for table `resourcetype`
--

DROP TABLE IF EXISTS `resourcetype`;
/*!40101 SET @saved_cs_client     = @@character_set_client */;
/*!40101 SET character_set_client = utf8 */;
CREATE TABLE `resourcetype` (
  `id` tinyint(5) unsigned NOT NULL AUTO_INCREMENT,
  `name` varchar(50) NOT NULL DEFAULT '',
  PRIMARY KEY (`id`),
  UNIQUE KEY `name` (`name`)
) ENGINE=InnoDB AUTO_INCREMENT=19 DEFAULT CHARSET=latin1;
/*!40101 SET character_set_client = @saved_cs_client */;

--
-- Dumping data for table `resourcetype`
--

LOCK TABLES `resourcetype` WRITE;
/*!40000 ALTER TABLE `resourcetype` DISABLE KEYS */;
INSERT INTO `resourcetype` VALUES (18,'addomain'),(12,'computer'),(13,'image'),(16,'managementnode'),(15,'schedule'),(17,'serverprofile');
/*!40000 ALTER TABLE `resourcetype` ENABLE KEYS */;
UNLOCK TABLES;

--
-- Table structure for table `schedule`
--

DROP TABLE IF EXISTS `schedule`;
/*!40101 SET @saved_cs_client     = @@character_set_client */;
/*!40101 SET character_set_client = utf8 */;
CREATE TABLE `schedule` (
  `id` tinyint(3) unsigned NOT NULL AUTO_INCREMENT,
  `name` varchar(25) NOT NULL DEFAULT '',
  `ownerid` mediumint(8) unsigned NOT NULL DEFAULT '1',
  PRIMARY KEY (`id`),
  UNIQUE KEY `name` (`name`),
  KEY `ownerid` (`ownerid`),
  CONSTRAINT `schedule_ibfk_1` FOREIGN KEY (`ownerid`) REFERENCES `user` (`id`) ON UPDATE CASCADE
) ENGINE=InnoDB AUTO_INCREMENT=2 DEFAULT CHARSET=latin1;
/*!40101 SET character_set_client = @saved_cs_client */;

--
-- Dumping data for table `schedule`
--

LOCK TABLES `schedule` WRITE;
/*!40000 ALTER TABLE `schedule` DISABLE KEYS */;
INSERT INTO `schedule` VALUES (1,'VCL 24x7',1);
/*!40000 ALTER TABLE `schedule` ENABLE KEYS */;
UNLOCK TABLES;

--
-- Table structure for table `scheduletimes`
--

DROP TABLE IF EXISTS `scheduletimes`;
/*!40101 SET @saved_cs_client     = @@character_set_client */;
/*!40101 SET character_set_client = utf8 */;
CREATE TABLE `scheduletimes` (
  `scheduleid` tinyint(3) unsigned NOT NULL DEFAULT '0',
  `start` smallint(5) unsigned NOT NULL DEFAULT '0',
  `end` smallint(5) unsigned NOT NULL DEFAULT '0',
  KEY `scheduleid` (`scheduleid`),
  CONSTRAINT `scheduletimes_ibfk_1` FOREIGN KEY (`scheduleid`) REFERENCES `schedule` (`id`) ON DELETE CASCADE ON UPDATE CASCADE
) ENGINE=InnoDB DEFAULT CHARSET=latin1;
/*!40101 SET character_set_client = @saved_cs_client */;

--
-- Dumping data for table `scheduletimes`
--

LOCK TABLES `scheduletimes` WRITE;
/*!40000 ALTER TABLE `scheduletimes` DISABLE KEYS */;
INSERT INTO `scheduletimes` VALUES (1,0,10080);
/*!40000 ALTER TABLE `scheduletimes` ENABLE KEYS */;
UNLOCK TABLES;

--
-- Table structure for table `semaphore`
--

DROP TABLE IF EXISTS `semaphore`;
/*!40101 SET @saved_cs_client     = @@character_set_client */;
/*!40101 SET character_set_client = utf8 */;
CREATE TABLE `semaphore` (
  `computerid` smallint(5) unsigned NOT NULL,
  `imageid` smallint(5) unsigned NOT NULL,
  `imagerevisionid` mediumint(8) unsigned NOT NULL,
  `managementnodeid` smallint(5) unsigned NOT NULL,
  `expires` timestamp NOT NULL DEFAULT CURRENT_TIMESTAMP ON UPDATE CURRENT_TIMESTAMP,
  `procid` varchar(255) NOT NULL,
  KEY `computerid` (`computerid`),
  KEY `imageid` (`imageid`),
  KEY `imagerevisionid` (`imagerevisionid`),
  KEY `managementnodeid` (`managementnodeid`),
  KEY `expires` (`expires`),
  KEY `procid` (`procid`),
  CONSTRAINT `semaphore_ibfk_4` FOREIGN KEY (`imagerevisionid`) REFERENCES `imagerevision` (`id`) ON UPDATE CASCADE,
  CONSTRAINT `semaphore_ibfk_1` FOREIGN KEY (`managementnodeid`) REFERENCES `managementnode` (`id`),
  CONSTRAINT `semaphore_ibfk_2` FOREIGN KEY (`computerid`) REFERENCES `computer` (`id`),
  CONSTRAINT `semaphore_ibfk_3` FOREIGN KEY (`imageid`) REFERENCES `image` (`id`)
) ENGINE=InnoDB DEFAULT CHARSET=latin1;
/*!40101 SET character_set_client = @saved_cs_client */;

--
-- Dumping data for table `semaphore`
--

LOCK TABLES `semaphore` WRITE;
/*!40000 ALTER TABLE `semaphore` DISABLE KEYS */;
INSERT INTO `semaphore` VALUES (4,2,2,1,'2017-12-12 18:25:08','localhost:8000-20550-5a301c742e02a'),(2,2,2,1,'2017-12-12 19:02:20','localhost:8000-20550-5a30277ec22ee'),(3,2,2,1,'2017-12-12 19:02:35','localhost:8000-20550-5a30279e710be'),(4,2,2,1,'2017-12-13 16:10:11','localhost:8000-20550-5a3150b69bbec'),(5,2,2,1,'2017-12-13 16:10:30','localhost:8000-20550-5a3150c99d04e');
/*!40000 ALTER TABLE `semaphore` ENABLE KEYS */;
UNLOCK TABLES;

--
-- Table structure for table `serverprofile`
--

DROP TABLE IF EXISTS `serverprofile`;
/*!40101 SET @saved_cs_client     = @@character_set_client */;
/*!40101 SET character_set_client = utf8 */;
CREATE TABLE `serverprofile` (
  `id` smallint(5) unsigned NOT NULL AUTO_INCREMENT,
  `name` varchar(255) NOT NULL,
  `description` text NOT NULL,
  `imageid` smallint(5) unsigned NOT NULL,
  `ownerid` mediumint(8) unsigned NOT NULL,
  `ending` enum('specified','indefinite') NOT NULL DEFAULT 'specified',
  `fixedIP` varchar(15) DEFAULT NULL,
  `fixedMAC` varchar(17) DEFAULT NULL,
  `admingroupid` smallint(5) unsigned DEFAULT NULL,
  `logingroupid` smallint(5) unsigned DEFAULT NULL,
  `monitored` tinyint(1) unsigned NOT NULL DEFAULT '0',
  PRIMARY KEY (`id`),
  UNIQUE KEY `name` (`name`),
  KEY `ownerid` (`ownerid`),
  KEY `admingroupid` (`admingroupid`),
  KEY `logingroupid` (`logingroupid`),
  KEY `imageid` (`imageid`),
  CONSTRAINT `serverprofile_ibfk_4` FOREIGN KEY (`imageid`) REFERENCES `image` (`id`),
  CONSTRAINT `serverprofile_ibfk_1` FOREIGN KEY (`ownerid`) REFERENCES `user` (`id`) ON UPDATE CASCADE,
  CONSTRAINT `serverprofile_ibfk_2` FOREIGN KEY (`admingroupid`) REFERENCES `usergroup` (`id`) ON UPDATE CASCADE,
  CONSTRAINT `serverprofile_ibfk_3` FOREIGN KEY (`logingroupid`) REFERENCES `usergroup` (`id`) ON UPDATE CASCADE
) ENGINE=InnoDB DEFAULT CHARSET=latin1;
/*!40101 SET character_set_client = @saved_cs_client */;

--
-- Dumping data for table `serverprofile`
--

LOCK TABLES `serverprofile` WRITE;
/*!40000 ALTER TABLE `serverprofile` DISABLE KEYS */;
/*!40000 ALTER TABLE `serverprofile` ENABLE KEYS */;
UNLOCK TABLES;

--
-- Table structure for table `serverrequest`
--

DROP TABLE IF EXISTS `serverrequest`;
/*!40101 SET @saved_cs_client     = @@character_set_client */;
/*!40101 SET character_set_client = utf8 */;
CREATE TABLE `serverrequest` (
  `id` mediumint(8) unsigned NOT NULL AUTO_INCREMENT,
  `name` varchar(255) NOT NULL,
  `serverprofileid` smallint(5) unsigned NOT NULL DEFAULT '0',
  `requestid` mediumint(8) unsigned NOT NULL,
  `fixedIP` varchar(15) DEFAULT NULL,
  `fixedMAC` varchar(17) DEFAULT NULL,
  `admingroupid` smallint(5) unsigned DEFAULT NULL,
  `logingroupid` smallint(5) unsigned DEFAULT NULL,
  `monitored` tinyint(1) unsigned NOT NULL DEFAULT '0',
  PRIMARY KEY (`id`),
  UNIQUE KEY `requestid` (`requestid`),
  KEY `admingroupid` (`admingroupid`),
  KEY `logingroupid` (`logingroupid`),
  KEY `serverprofileid` (`serverprofileid`),
  CONSTRAINT `serverrequest_ibfk_3` FOREIGN KEY (`logingroupid`) REFERENCES `usergroup` (`id`) ON UPDATE CASCADE,
  CONSTRAINT `serverrequest_ibfk_1` FOREIGN KEY (`requestid`) REFERENCES `request` (`id`) ON DELETE CASCADE,
  CONSTRAINT `serverrequest_ibfk_2` FOREIGN KEY (`admingroupid`) REFERENCES `usergroup` (`id`) ON UPDATE CASCADE
) ENGINE=InnoDB DEFAULT CHARSET=latin1;
/*!40101 SET character_set_client = @saved_cs_client */;

--
-- Dumping data for table `serverrequest`
--

LOCK TABLES `serverrequest` WRITE;
/*!40000 ALTER TABLE `serverrequest` DISABLE KEYS */;
/*!40000 ALTER TABLE `serverrequest` ENABLE KEYS */;
UNLOCK TABLES;

--
-- Table structure for table `shibauth`
--

DROP TABLE IF EXISTS `shibauth`;
/*!40101 SET @saved_cs_client     = @@character_set_client */;
/*!40101 SET character_set_client = utf8 */;
CREATE TABLE `shibauth` (
  `id` mediumint(8) unsigned NOT NULL AUTO_INCREMENT,
  `userid` mediumint(8) unsigned NOT NULL,
  `ts` datetime NOT NULL,
  `sessid` varchar(80) NOT NULL,
  `data` text NOT NULL,
  PRIMARY KEY (`id`),
  KEY `userid` (`userid`),
  CONSTRAINT `shibauth_ibfk_1` FOREIGN KEY (`userid`) REFERENCES `user` (`id`) ON UPDATE CASCADE
) ENGINE=InnoDB DEFAULT CHARSET=latin1;
/*!40101 SET character_set_client = @saved_cs_client */;

--
-- Dumping data for table `shibauth`
--

LOCK TABLES `shibauth` WRITE;
/*!40000 ALTER TABLE `shibauth` DISABLE KEYS */;
/*!40000 ALTER TABLE `shibauth` ENABLE KEYS */;
UNLOCK TABLES;

--
-- Table structure for table `sitemaintenance`
--

DROP TABLE IF EXISTS `sitemaintenance`;
/*!40101 SET @saved_cs_client     = @@character_set_client */;
/*!40101 SET character_set_client = utf8 */;
CREATE TABLE `sitemaintenance` (
  `id` smallint(5) unsigned NOT NULL AUTO_INCREMENT,
  `start` datetime NOT NULL,
  `end` datetime NOT NULL,
  `ownerid` mediumint(8) unsigned NOT NULL,
  `created` datetime NOT NULL,
  `reason` text,
  `usermessage` text NOT NULL,
  `informhoursahead` smallint(5) unsigned NOT NULL,
  `allowreservations` tinyint(1) unsigned NOT NULL,
  PRIMARY KEY (`id`),
  KEY `start` (`start`),
  KEY `end` (`end`),
  KEY `ownerid` (`ownerid`)
) ENGINE=InnoDB DEFAULT CHARSET=latin1;
/*!40101 SET character_set_client = @saved_cs_client */;

--
-- Dumping data for table `sitemaintenance`
--

LOCK TABLES `sitemaintenance` WRITE;
/*!40000 ALTER TABLE `sitemaintenance` DISABLE KEYS */;
/*!40000 ALTER TABLE `sitemaintenance` ENABLE KEYS */;
UNLOCK TABLES;

--
-- Table structure for table `state`
--

DROP TABLE IF EXISTS `state`;
/*!40101 SET @saved_cs_client     = @@character_set_client */;
/*!40101 SET character_set_client = utf8 */;
CREATE TABLE `state` (
  `id` tinyint(3) unsigned NOT NULL AUTO_INCREMENT,
  `name` varchar(20) NOT NULL DEFAULT '',
  PRIMARY KEY (`id`),
  UNIQUE KEY `name` (`name`)
) ENGINE=InnoDB AUTO_INCREMENT=30 DEFAULT CHARSET=latin1;
/*!40101 SET character_set_client = @saved_cs_client */;

--
-- Dumping data for table `state`
--

LOCK TABLES `state` WRITE;
/*!40000 ALTER TABLE `state` DISABLE KEYS */;
INSERT INTO `state` VALUES (2,'available'),(24,'checkpoint'),(4,'classreserved'),(9,'cleaning'),(12,'complete'),(1,'deleted'),(5,'failed'),(23,'hpc'),(16,'image'),(7,'imageinuse'),(15,'imageprep'),(8,'inuse'),(10,'maintenance'),(17,'makeproduction'),(13,'new'),(14,'pending'),(28,'reboothard'),(26,'rebootsoft'),(27,'reinstall'),(19,'reload'),(6,'reloading'),(3,'reserved'),(25,'serverinuse'),(29,'servermodified'),(11,'timeout'),(22,'tohpc'),(18,'tomaintenance'),(21,'tovmhostinuse'),(20,'vmhostinuse');
/*!40000 ALTER TABLE `state` ENABLE KEYS */;
UNLOCK TABLES;

--
-- Table structure for table `statgraphcache`
--

DROP TABLE IF EXISTS `statgraphcache`;
/*!40101 SET @saved_cs_client     = @@character_set_client */;
/*!40101 SET character_set_client = utf8 */;
CREATE TABLE `statgraphcache` (
  `graphtype` enum('totalres','concurres','concurblade','concurvm') NOT NULL,
  `statdate` date NOT NULL,
  `affiliationid` mediumint(8) unsigned DEFAULT NULL,
  `value` mediumint(8) unsigned NOT NULL,
  `provisioningid` smallint(5) unsigned DEFAULT NULL,
  KEY `graphtype` (`graphtype`),
  KEY `statdate` (`statdate`),
  KEY `affiliationid` (`affiliationid`),
  KEY `provisioningid` (`provisioningid`),
  CONSTRAINT `statgraphcache_ibfk_2` FOREIGN KEY (`provisioningid`) REFERENCES `provisioning` (`id`) ON DELETE CASCADE ON UPDATE CASCADE,
  CONSTRAINT `statgraphcache_ibfk_1` FOREIGN KEY (`affiliationid`) REFERENCES `affiliation` (`id`) ON UPDATE CASCADE
) ENGINE=InnoDB DEFAULT CHARSET=latin1;
/*!40101 SET character_set_client = @saved_cs_client */;

--
-- Dumping data for table `statgraphcache`
--

LOCK TABLES `statgraphcache` WRITE;
/*!40000 ALTER TABLE `statgraphcache` DISABLE KEYS */;
/*!40000 ALTER TABLE `statgraphcache` ENABLE KEYS */;
UNLOCK TABLES;

--
-- Table structure for table `subimages`
--

DROP TABLE IF EXISTS `subimages`;
/*!40101 SET @saved_cs_client     = @@character_set_client */;
/*!40101 SET character_set_client = utf8 */;
CREATE TABLE `subimages` (
  `imagemetaid` smallint(5) unsigned NOT NULL DEFAULT '0',
  `imageid` smallint(5) unsigned NOT NULL DEFAULT '0',
  KEY `imagemetaid` (`imagemetaid`),
  KEY `imageid` (`imageid`),
  CONSTRAINT `subimages_ibfk_2` FOREIGN KEY (`imageid`) REFERENCES `image` (`id`),
  CONSTRAINT `subimages_ibfk_1` FOREIGN KEY (`imagemetaid`) REFERENCES `imagemeta` (`id`) ON UPDATE CASCADE
) ENGINE=InnoDB DEFAULT CHARSET=latin1;
/*!40101 SET character_set_client = @saved_cs_client */;

--
-- Dumping data for table `subimages`
--

LOCK TABLES `subimages` WRITE;
/*!40000 ALTER TABLE `subimages` DISABLE KEYS */;
/*!40000 ALTER TABLE `subimages` ENABLE KEYS */;
UNLOCK TABLES;

--
-- Table structure for table `sublog`
--

DROP TABLE IF EXISTS `sublog`;
/*!40101 SET @saved_cs_client     = @@character_set_client */;
/*!40101 SET character_set_client = utf8 */;
CREATE TABLE `sublog` (
  `id` int(10) unsigned NOT NULL AUTO_INCREMENT,
  `logid` int(10) unsigned NOT NULL DEFAULT '0',
  `imageid` smallint(5) unsigned NOT NULL DEFAULT '0',
  `imagerevisionid` mediumint(8) unsigned NOT NULL,
  `computerid` smallint(5) unsigned NOT NULL DEFAULT '0',
  `IPaddress` varchar(15) DEFAULT NULL,
  `managementnodeid` smallint(5) unsigned NOT NULL DEFAULT '0',
  `predictivemoduleid` smallint(5) unsigned NOT NULL DEFAULT '8',
  `hostcomputerid` smallint(5) unsigned DEFAULT NULL,
  `blockRequestid` mediumint(8) unsigned DEFAULT NULL,
  `blockStart` datetime DEFAULT NULL,
  `blockEnd` datetime DEFAULT NULL,
  PRIMARY KEY (`id`),
  KEY `logid` (`logid`),
  KEY `imageid` (`imageid`),
  KEY `imagerevisionid` (`imagerevisionid`),
  KEY `computerid` (`computerid`),
  KEY `managementnodeid` (`managementnodeid`),
  KEY `predictivemoduleid` (`predictivemoduleid`),
  KEY `hostcomputerid` (`hostcomputerid`),
  KEY `blockRequestid` (`blockRequestid`),
  CONSTRAINT `sublog_ibfk_8` FOREIGN KEY (`blockRequestid`) REFERENCES `blockRequest` (`id`) ON UPDATE CASCADE,
  CONSTRAINT `sublog_ibfk_1` FOREIGN KEY (`logid`) REFERENCES `log` (`id`) ON UPDATE CASCADE,
  CONSTRAINT `sublog_ibfk_2` FOREIGN KEY (`imageid`) REFERENCES `image` (`id`),
  CONSTRAINT `sublog_ibfk_3` FOREIGN KEY (`imagerevisionid`) REFERENCES `imagerevision` (`id`) ON UPDATE CASCADE,
  CONSTRAINT `sublog_ibfk_4` FOREIGN KEY (`computerid`) REFERENCES `computer` (`id`),
  CONSTRAINT `sublog_ibfk_5` FOREIGN KEY (`managementnodeid`) REFERENCES `managementnode` (`id`),
  CONSTRAINT `sublog_ibfk_6` FOREIGN KEY (`predictivemoduleid`) REFERENCES `module` (`id`) ON UPDATE CASCADE,
  CONSTRAINT `sublog_ibfk_7` FOREIGN KEY (`hostcomputerid`) REFERENCES `computer` (`id`)
) ENGINE=InnoDB AUTO_INCREMENT=16 DEFAULT CHARSET=latin1;
/*!40101 SET character_set_client = @saved_cs_client */;

--
-- Dumping data for table `sublog`
--

LOCK TABLES `sublog` WRITE;
/*!40000 ALTER TABLE `sublog` DISABLE KEYS */;
INSERT INTO `sublog` VALUES (1,1,2,2,2,NULL,1,31,1,NULL,NULL,NULL),(2,2,2,2,3,NULL,1,31,1,NULL,NULL,NULL),(3,3,2,2,5,NULL,1,31,1,NULL,NULL,NULL),(4,4,2,2,4,NULL,1,31,1,NULL,NULL,NULL),(5,5,2,2,6,NULL,1,31,1,NULL,NULL,NULL),(6,6,2,2,3,NULL,1,31,1,NULL,NULL,NULL),(7,7,2,2,5,NULL,1,31,1,NULL,NULL,NULL),(8,8,2,2,2,NULL,1,31,1,NULL,NULL,NULL),(10,10,2,2,4,NULL,1,31,1,NULL,NULL,NULL),(11,11,2,2,6,NULL,1,31,1,NULL,NULL,NULL),(12,12,2,2,2,NULL,1,31,1,NULL,NULL,NULL),(13,13,2,2,3,NULL,1,31,1,NULL,NULL,NULL),(14,14,2,2,4,NULL,1,31,1,NULL,NULL,NULL),(15,15,2,2,5,NULL,1,31,1,NULL,NULL,NULL);
/*!40000 ALTER TABLE `sublog` ENABLE KEYS */;
UNLOCK TABLES;

--
-- Table structure for table `user`
--

DROP TABLE IF EXISTS `user`;
/*!40101 SET @saved_cs_client     = @@character_set_client */;
/*!40101 SET character_set_client = utf8 */;
CREATE TABLE `user` (
  `id` mediumint(8) unsigned NOT NULL AUTO_INCREMENT,
  `uid` int(10) unsigned DEFAULT NULL,
  `unityid` varchar(80) NOT NULL DEFAULT '',
  `affiliationid` mediumint(8) unsigned NOT NULL DEFAULT '1',
  `firstname` varchar(20) NOT NULL DEFAULT '',
  `lastname` varchar(25) NOT NULL DEFAULT '',
  `preferredname` varchar(25) DEFAULT NULL,
  `email` varchar(80) NOT NULL,
  `emailnotices` tinyint(1) unsigned NOT NULL DEFAULT '1',
  `IMtypeid` tinyint(3) unsigned DEFAULT NULL,
  `IMid` varchar(80) DEFAULT NULL,
  `adminlevelid` tinyint(3) unsigned NOT NULL DEFAULT '1',
  `width` smallint(4) unsigned NOT NULL DEFAULT '1024',
  `height` smallint(4) unsigned NOT NULL DEFAULT '768',
  `bpp` tinyint(2) unsigned NOT NULL DEFAULT '16',
  `audiomode` enum('none','local') NOT NULL DEFAULT 'local',
  `mapdrives` tinyint(1) unsigned NOT NULL DEFAULT '1',
  `mapprinters` tinyint(1) unsigned NOT NULL DEFAULT '1',
  `mapserial` tinyint(1) unsigned NOT NULL DEFAULT '0',
  `rdpport` smallint(5) unsigned DEFAULT NULL,
  `showallgroups` tinyint(1) unsigned NOT NULL DEFAULT '0',
  `lastupdated` datetime NOT NULL DEFAULT '0000-00-00 00:00:00',
  `validated` tinyint(1) unsigned NOT NULL DEFAULT '1',
  `usepublickeys` tinyint(1) unsigned NOT NULL DEFAULT '0',
  `sshpublickeys` text,
  PRIMARY KEY (`id`),
  UNIQUE KEY `unityid` (`unityid`,`affiliationid`),
  UNIQUE KEY `uid` (`uid`),
  KEY `IMtypeid` (`IMtypeid`),
  KEY `affiliationid` (`affiliationid`),
  CONSTRAINT `user_ibfk_1` FOREIGN KEY (`affiliationid`) REFERENCES `affiliation` (`id`) ON UPDATE CASCADE,
  CONSTRAINT `user_ibfk_2` FOREIGN KEY (`IMtypeid`) REFERENCES `IMtype` (`id`) ON DELETE SET NULL ON UPDATE CASCADE
) ENGINE=InnoDB AUTO_INCREMENT=4 DEFAULT CHARSET=latin1;
/*!40101 SET character_set_client = @saved_cs_client */;

--
-- Dumping data for table `user`
--

LOCK TABLES `user` WRITE;
/*!40000 ALTER TABLE `user` DISABLE KEYS */;
INSERT INTO `user` VALUES (1,101,'admin',1,'vcl','admin','','root@localhost',0,NULL,NULL,3,1024,768,16,'local',1,1,1,NULL,1,'2007-05-17 09:58:39',1,0,NULL),(2,NULL,'vclreload',1,'vcl','reload',NULL,'',0,NULL,NULL,1,1024,768,16,'local',1,1,0,NULL,0,'0000-00-00 00:00:00',1,0,NULL),(3,NULL,'vclsystem',1,'vcl','system',NULL,'',0,NULL,NULL,1,1024,768,16,'local',1,1,0,NULL,0,'0000-00-00 00:00:00',1,0,NULL);
/*!40000 ALTER TABLE `user` ENABLE KEYS */;
UNLOCK TABLES;

--
-- Table structure for table `usergroup`
--

DROP TABLE IF EXISTS `usergroup`;
/*!40101 SET @saved_cs_client     = @@character_set_client */;
/*!40101 SET character_set_client = utf8 */;
CREATE TABLE `usergroup` (
  `id` smallint(5) unsigned NOT NULL AUTO_INCREMENT,
  `name` varchar(60) NOT NULL,
  `affiliationid` mediumint(8) unsigned DEFAULT NULL,
  `ownerid` mediumint(8) unsigned DEFAULT NULL,
  `editusergroupid` smallint(5) unsigned DEFAULT NULL,
  `custom` tinyint(1) unsigned NOT NULL DEFAULT '0',
  `courseroll` tinyint(1) unsigned NOT NULL DEFAULT '0',
  `initialmaxtime` mediumint(8) unsigned NOT NULL DEFAULT '240',
  `totalmaxtime` mediumint(8) unsigned NOT NULL DEFAULT '360',
  `maxextendtime` mediumint(8) unsigned NOT NULL DEFAULT '60',
  `overlapResCount` smallint(5) unsigned NOT NULL DEFAULT '0',
  PRIMARY KEY (`id`),
  UNIQUE KEY `name` (`name`,`affiliationid`),
  KEY `ownerid` (`ownerid`),
  KEY `editusergroupid` (`editusergroupid`),
  KEY `affiliationid` (`affiliationid`),
  CONSTRAINT `usergroup_ibfk_3` FOREIGN KEY (`affiliationid`) REFERENCES `affiliation` (`id`) ON UPDATE CASCADE,
  CONSTRAINT `usergroup_ibfk_1` FOREIGN KEY (`ownerid`) REFERENCES `user` (`id`) ON UPDATE CASCADE,
  CONSTRAINT `usergroup_ibfk_2` FOREIGN KEY (`editusergroupid`) REFERENCES `usergroup` (`id`) ON DELETE SET NULL ON UPDATE CASCADE
) ENGINE=InnoDB AUTO_INCREMENT=8 DEFAULT CHARSET=latin1;
/*!40101 SET character_set_client = @saved_cs_client */;

--
-- Dumping data for table `usergroup`
--

LOCK TABLES `usergroup` WRITE;
/*!40000 ALTER TABLE `usergroup` DISABLE KEYS */;
INSERT INTO `usergroup` VALUES (1,'global',1,1,1,1,0,240,360,60,0),(3,'adminUsers',1,1,1,1,0,480,600,180,50),(4,'manageNewImages',1,1,3,1,0,240,360,60,0),(5,'Specify End Time',1,1,3,1,0,240,360,60,0),(6,'Allow No User Check',1,1,3,1,0,240,360,60,0),(7,'Default for Editable by',1,1,3,1,0,240,360,60,0);
/*!40000 ALTER TABLE `usergroup` ENABLE KEYS */;
UNLOCK TABLES;

--
-- Table structure for table `usergroupmembers`
--

DROP TABLE IF EXISTS `usergroupmembers`;
/*!40101 SET @saved_cs_client     = @@character_set_client */;
/*!40101 SET character_set_client = utf8 */;
CREATE TABLE `usergroupmembers` (
  `userid` mediumint(8) unsigned NOT NULL DEFAULT '0',
  `usergroupid` smallint(5) unsigned NOT NULL DEFAULT '0',
  PRIMARY KEY (`userid`,`usergroupid`),
  KEY `usergroupid` (`usergroupid`),
  CONSTRAINT `usergroupmembers_ibfk_2` FOREIGN KEY (`usergroupid`) REFERENCES `usergroup` (`id`) ON DELETE CASCADE ON UPDATE CASCADE,
  CONSTRAINT `usergroupmembers_ibfk_1` FOREIGN KEY (`userid`) REFERENCES `user` (`id`) ON UPDATE CASCADE
) ENGINE=InnoDB DEFAULT CHARSET=latin1;
/*!40101 SET character_set_client = @saved_cs_client */;

--
-- Dumping data for table `usergroupmembers`
--

LOCK TABLES `usergroupmembers` WRITE;
/*!40000 ALTER TABLE `usergroupmembers` DISABLE KEYS */;
INSERT INTO `usergroupmembers` VALUES (1,1),(1,3),(1,4),(1,5),(1,6),(1,7);
/*!40000 ALTER TABLE `usergroupmembers` ENABLE KEYS */;
UNLOCK TABLES;

--
-- Table structure for table `usergrouppriv`
--

DROP TABLE IF EXISTS `usergrouppriv`;
/*!40101 SET @saved_cs_client     = @@character_set_client */;
/*!40101 SET character_set_client = utf8 */;
CREATE TABLE `usergrouppriv` (
  `usergroupid` smallint(5) unsigned NOT NULL,
  `userprivtypeid` tinyint(3) unsigned NOT NULL,
  UNIQUE KEY `usergroupid` (`usergroupid`,`userprivtypeid`),
  KEY `userprivtypeid` (`userprivtypeid`),
  CONSTRAINT `usergrouppriv_ibfk_2` FOREIGN KEY (`usergroupid`) REFERENCES `usergroup` (`id`) ON DELETE CASCADE ON UPDATE CASCADE,
  CONSTRAINT `usergrouppriv_ibfk_1` FOREIGN KEY (`userprivtypeid`) REFERENCES `usergroupprivtype` (`id`) ON UPDATE CASCADE
) ENGINE=InnoDB DEFAULT CHARSET=latin1;
/*!40101 SET character_set_client = @saved_cs_client */;

--
-- Dumping data for table `usergrouppriv`
--

LOCK TABLES `usergrouppriv` WRITE;
/*!40000 ALTER TABLE `usergrouppriv` DISABLE KEYS */;
INSERT INTO `usergrouppriv` VALUES (3,1),(3,2),(3,3),(3,4),(3,5),(3,6),(3,7),(3,8),(3,9),(3,10),(3,11),(3,12),(3,14),(3,16);
/*!40000 ALTER TABLE `usergrouppriv` ENABLE KEYS */;
UNLOCK TABLES;

--
-- Table structure for table `usergroupprivtype`
--

DROP TABLE IF EXISTS `usergroupprivtype`;
/*!40101 SET @saved_cs_client     = @@character_set_client */;
/*!40101 SET character_set_client = utf8 */;
CREATE TABLE `usergroupprivtype` (
  `id` tinyint(3) unsigned NOT NULL AUTO_INCREMENT,
  `name` varchar(50) NOT NULL,
  `help` text,
  PRIMARY KEY (`id`)
) ENGINE=InnoDB AUTO_INCREMENT=18 DEFAULT CHARSET=latin1;
/*!40101 SET character_set_client = @saved_cs_client */;

--
-- Dumping data for table `usergroupprivtype`
--

LOCK TABLES `usergroupprivtype` WRITE;
/*!40000 ALTER TABLE `usergroupprivtype` DISABLE KEYS */;
INSERT INTO `usergroupprivtype` VALUES (1,'Manage Additional User Group Permissions','This gives users in the group access to this portion of the site.'),(2,'Manage Block Allocations (global)','Grants the ability to create, accept, and reject block allocations for any affiliation.'),(3,'Set Overlapping Reservation Count','Grants the ability to control how many overlapping reservations users in a given user group can make.'),(4,'View Debug Information','Allows user to see various verbose/debugging information while using the web site.'),(5,'Manage VM Profiles','Grants the ability to manage VM profiles under the Virtual Hosts section of the site.'),(6,'Search Tools','Grants the ability to see the Search Tools section of the site.'),(7,'Schedule Site Maintenance','Grants the ability to schedule and manage site maintenance for the web site.'),(8,'View Dashboard (global)','The dashboard displays real time information about the VCL system. This option grants access to view the dashboard with information displayed for users from all affiliations.'),(9,'View Dashboard (affiliation only)','The dashboard displays real time information about the VCL system. This option grants access to view the dashboard with information displayed only about users matching the affiliation of the currently logged in user.'),(10,'User Lookup (global)','The User Lookup tool allows a user to see various information about VCL users. This grants the use of the tool for all affiliations.'),(11,'User Lookup (affiliation only)','The User Lookup tool allows a user to see various information about VCL users. This grants the use of the tool for looking up users of the same affiliation as the logged in user.'),(12,'View Statistics by Affiliation','Grants the ability to see statistics for affiliations that do not match the affiliation of the logged in user.'),(13,'Manage Block Allocations (affiliation only)','Grants the ability to create, accept, and reject block allocations owned by users matching your affiliation.'),(14,'Manage Federated User Groups (global)','Grants the ability to control attributes of user groups that are created through federated systems such as LDAP and Shibboleth. Does not grant control of user group membership.'),(15,'Manage Federated User Groups (affiliation only)','Grants the ability to control attributes of user groups that are created through federated systems such as LDAP and Shibboleth. Does not grant control of user group membership.'),(16,'Site Configuration (global)','Grants the ability to view the Site Configuration part of the site to manage site settings.'),(17,'Site Configuration (affiliation only)','Grants the ability to view the Site Configuration part of the site to manage site settings specific to the user\'s own affiliation.');
/*!40000 ALTER TABLE `usergroupprivtype` ENABLE KEYS */;
UNLOCK TABLES;

--
-- Table structure for table `userpriv`
--

DROP TABLE IF EXISTS `userpriv`;
/*!40101 SET @saved_cs_client     = @@character_set_client */;
/*!40101 SET character_set_client = utf8 */;
CREATE TABLE `userpriv` (
  `id` mediumint(8) unsigned NOT NULL AUTO_INCREMENT,
  `userid` mediumint(8) unsigned DEFAULT NULL,
  `usergroupid` smallint(5) unsigned DEFAULT NULL,
  `privnodeid` mediumint(8) unsigned NOT NULL DEFAULT '0',
  `userprivtypeid` smallint(5) unsigned NOT NULL DEFAULT '0',
  PRIMARY KEY (`id`,`privnodeid`,`userprivtypeid`),
  UNIQUE KEY `userid` (`userid`,`privnodeid`,`userprivtypeid`),
  UNIQUE KEY `usergroupid` (`usergroupid`,`privnodeid`,`userprivtypeid`),
  KEY `privnodeid` (`privnodeid`),
  KEY `userprivtypeid` (`userprivtypeid`),
  CONSTRAINT `userpriv_ibfk_4` FOREIGN KEY (`userprivtypeid`) REFERENCES `userprivtype` (`id`) ON UPDATE CASCADE,
  CONSTRAINT `userpriv_ibfk_1` FOREIGN KEY (`userid`) REFERENCES `user` (`id`) ON UPDATE CASCADE,
  CONSTRAINT `userpriv_ibfk_2` FOREIGN KEY (`usergroupid`) REFERENCES `usergroup` (`id`) ON DELETE CASCADE ON UPDATE CASCADE,
  CONSTRAINT `userpriv_ibfk_3` FOREIGN KEY (`privnodeid`) REFERENCES `privnode` (`id`) ON DELETE CASCADE ON UPDATE CASCADE
) ENGINE=InnoDB AUTO_INCREMENT=27 DEFAULT CHARSET=latin1;
/*!40101 SET character_set_client = @saved_cs_client */;

--
-- Dumping data for table `userpriv`
--

LOCK TABLES `userpriv` WRITE;
/*!40000 ALTER TABLE `userpriv` DISABLE KEYS */;
INSERT INTO `userpriv` VALUES (1,1,NULL,3,2),(2,1,NULL,3,4),(3,1,NULL,3,6),(4,1,NULL,3,10),(5,1,NULL,3,12),(6,1,NULL,3,3),(7,1,NULL,3,5),(8,1,NULL,3,7),(9,1,NULL,3,11),(10,1,NULL,3,13),(11,NULL,3,3,4),(12,NULL,3,3,11),(13,NULL,3,3,5),(14,NULL,3,3,6),(15,NULL,3,3,13),(16,NULL,3,3,3),(17,NULL,3,3,10),(18,NULL,3,3,12),(19,NULL,3,3,7),(20,NULL,3,3,8),(21,NULL,3,3,9),(22,1,NULL,3,8),(23,1,NULL,3,9),(24,NULL,3,3,2),(25,NULL,3,3,14),(26,1,NULL,3,14);
/*!40000 ALTER TABLE `userpriv` ENABLE KEYS */;
UNLOCK TABLES;

--
-- Table structure for table `userprivtype`
--

DROP TABLE IF EXISTS `userprivtype`;
/*!40101 SET @saved_cs_client     = @@character_set_client */;
/*!40101 SET character_set_client = utf8 */;
CREATE TABLE `userprivtype` (
  `id` smallint(5) unsigned NOT NULL AUTO_INCREMENT,
  `name` varchar(50) NOT NULL DEFAULT '',
  PRIMARY KEY (`id`),
  UNIQUE KEY `name` (`name`)
) ENGINE=InnoDB AUTO_INCREMENT=15 DEFAULT CHARSET=latin1;
/*!40101 SET character_set_client = @saved_cs_client */;

--
-- Dumping data for table `userprivtype`
--

LOCK TABLES `userprivtype` WRITE;
/*!40000 ALTER TABLE `userprivtype` DISABLE KEYS */;
INSERT INTO `userprivtype` VALUES (14,'addomainAdmin'),(1,'block'),(2,'cascade'),(4,'computerAdmin'),(11,'groupAdmin'),(5,'imageAdmin'),(6,'imageCheckOut'),(13,'mgmtNodeAdmin'),(3,'nodeAdmin'),(10,'resourceGrant'),(12,'scheduleAdmin'),(8,'serverCheckOut'),(9,'serverProfileAdmin'),(7,'userGrant');
/*!40000 ALTER TABLE `userprivtype` ENABLE KEYS */;
UNLOCK TABLES;

--
-- Table structure for table `variable`
--

DROP TABLE IF EXISTS `variable`;
/*!40101 SET @saved_cs_client     = @@character_set_client */;
/*!40101 SET character_set_client = utf8 */;
CREATE TABLE `variable` (
  `id` smallint(5) unsigned NOT NULL AUTO_INCREMENT,
  `name` varchar(128) NOT NULL,
  `serialization` enum('none','yaml','phpserialize') NOT NULL DEFAULT 'none',
  `value` longtext NOT NULL,
  `setby` varchar(128) DEFAULT NULL,
  `timestamp` datetime NOT NULL,
  PRIMARY KEY (`id`),
  UNIQUE KEY `name` (`name`)
) ENGINE=InnoDB AUTO_INCREMENT=36 DEFAULT CHARSET=latin1;
/*!40101 SET character_set_client = @saved_cs_client */;

--
-- Dumping data for table `variable`
--

LOCK TABLES `variable` WRITE;
/*!40000 ALTER TABLE `variable` DISABLE KEYS */;
INSERT INTO `variable` VALUES (1,'schema-version','none','1',NULL,'0000-00-00 00:00:00'),(2,'timesource|global','none','time.nist.gov,time-a.nist.gov,time-b.nist.gov,time.windows.com',NULL,'0000-00-00 00:00:00'),(3,'acknowledgetimeout','none','900',NULL,'0000-00-00 00:00:00'),(4,'initialconnecttimeout','none','900',NULL,'0000-00-00 00:00:00'),(5,'reconnecttimeout','none','900',NULL,'0000-00-00 00:00:00'),(6,'general_inuse_check','none','300',NULL,'0000-00-00 00:00:00'),(7,'server_inuse_check','none','900',NULL,'0000-00-00 00:00:00'),(8,'general_end_notice_first','none','600',NULL,'0000-00-00 00:00:00'),(9,'general_end_notice_second','none','300',NULL,'0000-00-00 00:00:00'),(10,'ignore_connections_gte','none','1440',NULL,'0000-00-00 00:00:00'),(11,'xcat|timeout_error_limit','none','5',NULL,'0000-00-00 00:00:00'),(12,'xcat|rpower_error_limit','none','3',NULL,'0000-00-00 00:00:00'),(13,'ignored_remote_ip_addresses','none','',NULL,'0000-00-00 00:00:00'),(14,'natport_ranges','none','5700-6500,9696-9701,49152-65535',NULL,'0000-00-00 00:00:00'),(15,'windows_ignore_users','none','Administrator,cyg_server,root,sshd,Guest',NULL,'0000-00-00 00:00:00'),(16,'windows_disable_users','none','',NULL,'0000-00-00 00:00:00'),(17,'adminmessage|image_creation_failed','yaml','---\nmessage: |\n  VCL Image Creation Failed\n  \n  Management node: [management_node_short_name]\n  \n  Request ID: [request_id]\n  Reservation ID: [reservation_id]\n  PID: [process_pid]\n  \n  Image ID: [image_id]\n  Image revision ID: [imagerevision_id]\n  Image name: [image_name]\n  Image display name: [image_prettyname]\n  Image OS package: [image_os_module_perl_package]\n  \n  User ID: [user_id]\n  User login name: [user_login_id]\n  User name: [user_firstname] [user_lastname]\n  User affiliation: [user_affiliation_name]\n  \n  Provisioning module: [computer_provisioning_pretty_name] ([computer_provisioning_name])\n  Provisioning package: [computer_provisioning_module_perl_package]\n  \n  Computer ID: [computer_id]\n  Computer name: [computer_short_name]\n  \n  VM host ID: [vmhost_id]\n  VM host computer ID: [vmhost_computer_id]\n  VM host computer name: [vmhost_short_name]\n  \n  VM host profile ID: [vmhost_profile_id]\n  VM host profile name: [vmhost_profile_name]\nsubject: \'VCL -- NOTICE FAILED Image [image_capture_type] [image_prettyname]\'\n',NULL,'0000-00-00 00:00:00'),(18,'adminmessage|image_creation_complete','yaml','---\nmessage: |\n  VCL Image [image_capture_type] Completed\n  \n  Request ID: [request_id]\n  Reservation ID: [reservation_id]\n  PID: [process_pid]\n  \n  Image ID: [image_id]\n  Image name: [image_name]\n  Image size: [image_size]\n  \n  Revision ID: [imagerevision_id]\n  \n  Management node: [management_node_short_name]\n  \n  Username: [user_login_id]\n  User ID: [user_id]\n  \n  Computer ID: [computer_id]\n  Computer name: [computer_short_name]\n  \n  Use Sysprep: [imagemeta_sysprep]\nsubject: \'VCL IMAGE [image_capture_type] Completed: [image_name]\'\n',NULL,'0000-00-00 00:00:00'),(19,'adminmessage|image_creation_started','yaml','---\nmessage: |\n  VCL Image Creation Started\n  \n  Request ID: [request_id]\n  Reservation ID: [reservation_id]\n  PID: [process_pid]\n  \n  Image ID: [image_id]\n  Image name: [image_name]\n  Base image size: [image_size]\n  Base revision ID: [imagerevision_id]\n  \n  Management node: [management_node_short_name]\n  \n  Username: [user_login_id]\n  User ID: [user_id]\n  \n  Computer ID: [computer_id]\n  Computer name: [computer_short_name]\n  \n  Use Sysprep: [imagemeta_sysprep]\nsubject: \'VCL IMAGE Creation Started: [image_name]\'\n',NULL,'0000-00-00 00:00:00'),(20,'usermessage|endtime_reached|Global','yaml','---\nmessage: |\n  Your reservation of [image_prettyname] has ended. Thank you for using [user_affiliation_sitewwwaddress].\n  \n  Regards,\n  VCL Team\n  \n  \n  ******************************************************************\n  This is an automated notice. If you need assistance please respond \n  with detailed information on the issue and a help ticket will be \n  generated.\n  \n  To disable email notices\n  -Visit [user_affiliation_sitewwwaddress]\n  -Select User Preferences\n  -Select General Preferences\n  \n  ******************************************************************\nshort_message: ~\nsubject: \'VCL -- End of reservation\'\n',NULL,'0000-00-00 00:00:00'),(21,'usermessage|reserved|Global','yaml','---\nmessage: |\n  The resources for your VCL reservation have been successfully reserved.\n  Connection will not be allowed until you click the \'Connect\' button on the \'Current Reservations\' page.\n  You must acknowledge the reservation within the next 15 minutes or the resources will be reclaimed for other VCL users.\n  \n  -Visit [user_affiliation_sitewwwaddress]\n  -Select \"Current Reservations\"\n  -Click the \"Connect\" button\n  Upon acknowledgement, all of the remaining connection details will be displayed.\n  \n  Thank You,\n  VCL Team\n  \n  ******************************************************************\n  This is an automated notice. If you need assistance please respond \n  with detailed information on the issue and a help ticket will be \n  generated.\n  \n  To disable email notices\n  -Visit [user_affiliation_sitewwwaddress]\n  -Select User Preferences\n  -Select General Preferences\n  \n  ******************************************************************\nshort_message: ~\nsubject: \'VCL -- [image_prettyname] reservation\'\n',NULL,'0000-00-00 00:00:00'),(22,'usermessage|timeout_no_initial_connection|Global','yaml','---\nmessage: |\n  Your reservation has timed out for image [image_prettyname] because no initial connection was made.\n  \n  To make another reservation, please revisit [user_affiliation_sitewwwaddress].\n  \n  Thank You,\n  VCL Team\n  \n  \n  ******************************************************************\n  This is an automated notice. If you need assistance\n  please respond with detailed information on the issue\n  and a help ticket will be generated.\n  \n  To disable email notices\n  -Visit [user_affiliation_sitewwwaddress]\n  -Select User Preferences\n  -Select General Preferences\n  ******************************************************************\nshort_message: ~\nsubject: \'VCL -- Reservation Timeout\'\n',NULL,'0000-00-00 00:00:00'),(23,'usermessage|endtime_imminent|Global','yaml','---\nmessage: |\n  You have [notice_interval] until the end of your reservation for image [image_prettyname], please save all work and prepare to exit.\n  \n  Reservation extensions are available if the machine you are on does not have a reservation immediately following.\n  \n  Visit [user_affiliation_sitewwwaddress] and select Current Reservations to edit this reservation.\n  \n  Thank You,\n  VCL Team\n  \n  \n  ******************************************************************\n  This is an automated notice. If you need assistance please respond \n  with detailed information on the issue and a help ticket will be \n  generated.\n  \n  To disable email notices\n  -Visit [user_affiliation_sitewwwaddress]\n  -Select User Preferences\n  -Select General Preferences\n  \n  ******************************************************************\nshort_message: \'You have [notice_interval] until the end of your reservation. Please save all work and prepare to log off.\'\nsubject: \'VCL -- [notice_interval] until end of reservation\'\n',NULL,'0000-00-00 00:00:00'),(24,'usermessage|production_imagerevision|Global','yaml','---\nmessage: |\n  Revision [imagerevision_revision] of your VCL \'[image_prettyname]\' image has been made production.  Any new reservations for the image will receive this revision by default.\n  \n  If you have any questions, please contact [user_affiliation_helpaddress].\n  \n  Thank You,\n  VCL Team\nshort_message: ~\nsubject: \'VCL -- Image [image_prettyname] made production\'\n',NULL,'0000-00-00 00:00:00'),(25,'usermessage|timeout_inactivity|Global','yaml','---\nmessage: |\n  Your reservation has timed out due to inactivity for image [image_prettyname].\n  \n  To make another reservation, please revisit:\n  [user_affiliation_sitewwwaddress]\n  \n  Thank You,\n  VCL Team\n  \n  \n  ******************************************************************\n  This is an automated notice. If you need assistance please respond \n  with detailed information on the issue and a help ticket will be \n  generated.\n  \n  To disable email notices\n  -Visit [user_affiliation_sitewwwaddress]\n  -Select User Preferences\n  -Select General Preferences\n  \n  ******************************************************************\nshort_message: ~\nsubject: \'VCL -- reservation timeout\'\n',NULL,'0000-00-00 00:00:00'),(26,'usermessage|image_creation_delayed|Global','yaml','---\nmessage: |\n  We apologize for the inconvenience.\n  Your image creation of [image_prettyname] has been delayed\n  due to a system issue that prevented the automatic completion.\n  \n  The image creation request and the computing resource have\n  been placed in a safe mode. The VCL system administrators\n  have been notified for manual intervention.\n  \n  Once the issues have been resolved, you will be notified\n  by the successful completion email or contacted directly\n  by the VCL system administrators.\n  \n  If you do not receive a response within one business day, please\n  reply to this email.\n  \n  Thank You,\n  VCL Team\nshort_message: ~\nsubject: \'VCL -- NOTICE DELAY Image Creation [image_prettyname]\'\n',NULL,'0000-00-00 00:00:00'),(27,'usermessage|reinstalled|Global','yaml','---\nmessage: |\n  Your reservation was successfully reinstalled and you can proceed to reconnect. \n  Please revisit the \'Current Reservations\' page for any additional information.\n  \n  Thank You,\n  VCL Team\n  \n  ******************************************************************\n  This is an automated notice. If you need assistance please respond \n  with detailed information on the issue and a help ticket will be \n  generated.\n  \n  To disable email notices\n  -Visit [user_affiliation_sitewwwaddress]\n  -Select User Preferences\n  -Select General Preferences\n  \n  ******************************************************************\'\nshort_message: ~\nsubject: \'VCL -- [image_prettyname] reservation reinstalled\'\n',NULL,'0000-00-00 00:00:00'),(28,'usermessage|endtime_reached_imaging|Global','yaml','---\nmessage: |\n  Your imaging reservation of [image_prettyname] has reached it\'s scheduled end time.\n  \n  To avoid losing your work we have started an automatic capture of this image. Upon completion of the \n  image capture. You will be notified about the completion of the image capture.\n  \n  Thank You,\n  VCL Team\n  \n  \n  ******************************************************************\n  This is an automated notice. If you need assistance please respond \n  with detailed information on the issue and a help ticket will be \n  generated.\n  \n  To disable email notices\n  -Visit [user_affiliation_sitewwwaddress]\n  -Select User Preferences\n  -Select General Preferences\n  \n  ******************************************************************\nshort_message: ~\nsubject: \'VCL Image Reservation - Auto capture started\'\n',NULL,'0000-00-00 00:00:00'),(29,'usermessage|image_creation_success|Global','yaml','---\nmessage: |\n  Your VCL image creation request for [image_prettyname] has succeeded.\n  \n  Please visit [user_affiliation_sitewwwaddress] and you should see an image called [image_prettyname].\n  \n  Please test this image to confirm it works correctly.\n  \n  Thank You,\n  VCL Team\nshort_message: ~\nsubject: \'VCL -- [image_prettyname] Image Creation Succeeded\'\n',NULL,'0000-00-00 00:00:00'),(30,'usermessage|image_checkpoint_success|Global','yaml','---\nmessage: |\n  Your VCL image checkpoint creation request for [image_prettyname] has succeeded.\n  \n  You will need to visit the \"Current Reservations\" page and click \"Connect\" in order to be able to reconnect to the computer.\n  \n  Thank You,\n  VCL Team\nshort_message: ~\nsubject: \'VCL -- [image_prettyname] Image Checkpoint Succeeded\'\n',NULL,'0000-00-00 00:00:00'),(31,'usermessage|timeout_no_acknowledgement|Global','yaml','---\nmessage: |\n  Your reservation has timed out for image [image_prettyname] because no initial connection was made.\n  \n  To make another reservation, please revisit [user_affiliation_sitewwwaddress].\n  \n  Thank You,\n  VCL Team\n  \n  \n  ******************************************************************\n  This is an automated notice. If you need assistance\n  please respond with detailed information on the issue\n  and a help ticket will be generated.\n  \n  To disable email notices\n  -Visit [user_affiliation_sitewwwaddress]\n  -Select User Preferences\n  -Select General Preferences\n  ******************************************************************\nshort_message: ~\nsubject: \'VCL -- Reservation Timeout\'\n',NULL,'0000-00-00 00:00:00'),(32,'usermessage|future_endtime|Global','yaml','---\nmessage: |\n  You have [notice_interval] until the scheduled end time of your reservation for image [image_prettyname].\n  \n  Reservation extensions are available if the machine you are on does not have a reservation immediately following.\n  \n  To edit this reservation:\n  -Visit [user_affiliation_sitewwwaddress]\n  -Select Current Reservations\n  \n  Thank You,\n  VCL Team\n  \n  \n  ******************************************************************\n  This is an automated notice. If you need assistance please respond \n  with detailed information on the issue and a help ticket will be \n  generated.\n  \n  To disable email notices\n  -Visit [user_affiliation_sitewwwaddress]\n  -Select User Preferences\n  -Select General Preferences\n  \n  ******************************************************************\nshort_message: \"You have [notice_interval] until the scheduled end time of your reservation. VCL Team\\n\"\nsubject: \'VCL -- [notice_interval] until end of reservation for [image_prettyname]\'\n',NULL,'0000-00-00 00:00:00'),(33,'usermessage|endtime_imminent_imaging|Global','yaml','---\nmessage: |\n  You have [notice_interval] until the end of your reservation for image [image_prettyname]. \n  \n  At the scheduled end time your imaging reservation will be automatically captured. \n  \n  To prevent this auto capture, visit the VCL site [user_affiliation_sitewwwaddress] manually start the image creation process.\n  \n  Please note this auto capture feature is intended to prevent destorying any work you have done to the image.\n  \n  Thank You,\n  VCL Team\n  \n  \n  ******************************************************************\n  This is an automated notice. If you need assistance please respond \n  with detailed information on the issue and a help ticket will be \n  generated.\n  \n  To disable email notices\n  -Visit [user_affiliation_sitewwwaddress]\n  -Select User Preferences\n  -Select General Preferences\n  \n  ******************************************************************\nshort_message: \'You have [notice_interval] until the auto capture process is started.\'\nsubject: \'VCL Imaging Reservation -- [notice_interval] until starting auto capture\'\n',NULL,'0000-00-00 00:00:00'),(34,'user_password_length','none','8',NULL,'0000-00-00 00:00:00'),(35,'user_password_spchar','none','0',NULL,'0000-00-00 00:00:00');
/*!40000 ALTER TABLE `variable` ENABLE KEYS */;
UNLOCK TABLES;

--
-- Table structure for table `vcldsemaphore`
--

DROP TABLE IF EXISTS `vcldsemaphore`;
/*!40101 SET @saved_cs_client     = @@character_set_client */;
/*!40101 SET character_set_client = utf8 */;
CREATE TABLE `vcldsemaphore` (
  `identifier` varchar(256) NOT NULL,
  `reservationid` mediumint(9) unsigned NOT NULL,
  `pid` smallint(5) unsigned NOT NULL,
  `expires` datetime NOT NULL,
  PRIMARY KEY (`identifier`),
  KEY `reservationid` (`reservationid`),
  CONSTRAINT `vcldsemaphore_ibfk_1` FOREIGN KEY (`reservationid`) REFERENCES `reservation` (`id`) ON DELETE CASCADE ON UPDATE CASCADE
) ENGINE=InnoDB DEFAULT CHARSET=latin1;
/*!40101 SET character_set_client = @saved_cs_client */;

--
-- Dumping data for table `vcldsemaphore`
--

LOCK TABLES `vcldsemaphore` WRITE;
/*!40000 ALTER TABLE `vcldsemaphore` DISABLE KEYS */;
/*!40000 ALTER TABLE `vcldsemaphore` ENABLE KEYS */;
UNLOCK TABLES;

--
-- Table structure for table `vmhost`
--

DROP TABLE IF EXISTS `vmhost`;
/*!40101 SET @saved_cs_client     = @@character_set_client */;
/*!40101 SET character_set_client = utf8 */;
CREATE TABLE `vmhost` (
  `id` smallint(5) unsigned NOT NULL AUTO_INCREMENT,
  `computerid` smallint(5) unsigned NOT NULL,
  `vmprofileid` smallint(5) unsigned NOT NULL,
  PRIMARY KEY (`id`),
  UNIQUE KEY `computerid_vmprofileid` (`computerid`,`vmprofileid`),
  KEY `vmprofileid` (`vmprofileid`),
  CONSTRAINT `vmhost_ibfk_1` FOREIGN KEY (`vmprofileid`) REFERENCES `vmprofile` (`id`) ON UPDATE CASCADE,
  CONSTRAINT `vmhost_ibfk_2` FOREIGN KEY (`computerid`) REFERENCES `computer` (`id`)
) ENGINE=InnoDB AUTO_INCREMENT=2 DEFAULT CHARSET=latin1;
/*!40101 SET character_set_client = @saved_cs_client */;

--
-- Dumping data for table `vmhost`
--

LOCK TABLES `vmhost` WRITE;
/*!40000 ALTER TABLE `vmhost` DISABLE KEYS */;
INSERT INTO `vmhost` VALUES (1,1,1);
/*!40000 ALTER TABLE `vmhost` ENABLE KEYS */;
UNLOCK TABLES;

--
-- Table structure for table `vmprofile`
--

DROP TABLE IF EXISTS `vmprofile`;
/*!40101 SET @saved_cs_client     = @@character_set_client */;
/*!40101 SET character_set_client = utf8 */;
CREATE TABLE `vmprofile` (
  `id` smallint(5) unsigned NOT NULL AUTO_INCREMENT,
  `profilename` varchar(56) NOT NULL,
  `imageid` smallint(5) unsigned NOT NULL,
  `resourcepath` varchar(256) DEFAULT NULL,
  `folderpath` varchar(256) DEFAULT NULL,
  `repositorypath` varchar(128) DEFAULT NULL,
  `repositoryimagetypeid` smallint(5) unsigned NOT NULL DEFAULT '1',
  `datastorepath` varchar(128) NOT NULL,
  `datastoreimagetypeid` smallint(5) unsigned NOT NULL DEFAULT '1',
  `vmpath` varchar(128) DEFAULT NULL,
  `virtualswitch0` varchar(80) NOT NULL DEFAULT 'VMnet0',
  `virtualswitch1` varchar(80) NOT NULL DEFAULT 'VMnet2',
  `virtualswitch2` varchar(80) DEFAULT NULL,
  `virtualswitch3` varchar(80) DEFAULT NULL,
  `vmdisk` enum('dedicated','shared') NOT NULL DEFAULT 'dedicated',
  `username` varchar(80) DEFAULT NULL,
  `password` varchar(256) DEFAULT NULL,
  `secretid` smallint(5) unsigned DEFAULT NULL,
  `eth0generated` tinyint(1) unsigned NOT NULL DEFAULT '0',
  `eth1generated` tinyint(1) unsigned NOT NULL DEFAULT '0',
  `rsapub` text,
  `rsakey` varchar(256) DEFAULT NULL,
  `encryptedpasswd` text,
  PRIMARY KEY (`id`),
  UNIQUE KEY `profilename` (`profilename`),
  KEY `imageid` (`imageid`),
  KEY `repositoryimagetypeid` (`repositoryimagetypeid`),
  KEY `datastoreimagetypeid` (`datastoreimagetypeid`),
  KEY `secretid` (`secretid`),
  CONSTRAINT `vmprofile_ibfk_1` FOREIGN KEY (`imageid`) REFERENCES `image` (`id`),
  CONSTRAINT `vmprofile_ibfk_2` FOREIGN KEY (`repositoryimagetypeid`) REFERENCES `imagetype` (`id`) ON UPDATE CASCADE,
  CONSTRAINT `vmprofile_ibfk_3` FOREIGN KEY (`datastoreimagetypeid`) REFERENCES `imagetype` (`id`) ON UPDATE CASCADE
) ENGINE=InnoDB AUTO_INCREMENT=6 DEFAULT CHARSET=latin1;
/*!40101 SET character_set_client = @saved_cs_client */;

--
-- Dumping data for table `vmprofile`
--

LOCK TABLES `vmprofile` WRITE;
/*!40000 ALTER TABLE `vmprofile` DISABLE KEYS */;
INSERT INTO `vmprofile` VALUES (1,'VMware ESXi - local storage',1,NULL,NULL,NULL,1,'datastore1',6,'datastore1','Private','Public',NULL,NULL,'dedicated',NULL,NULL,NULL,0,0,NULL,NULL,NULL),(2,'VMware ESXi - network storage',1,NULL,NULL,NULL,1,'nfs-datastore',6,'nfs-datastore','Private','Public',NULL,NULL,'shared',NULL,NULL,NULL,0,0,NULL,NULL,NULL),(3,'VMware ESXi - local & network storage',1,NULL,NULL,NULL,1,'nfs-datastore',6,'datastore1','Private','Public',NULL,NULL,'shared',NULL,NULL,NULL,0,0,NULL,NULL,NULL),(4,'VMware vCenter',1,'/DatacenterName/ClusterName/ResourcePoolName',NULL,'repo-datastore',6,'nfs-datastore',6,'datastore1','Private','Public',NULL,NULL,'shared','vcenter-admin','vcenter-password',NULL,0,0,NULL,NULL,NULL),(5,'KVM - local storage',1,NULL,NULL,NULL,7,'/var/lib/libvirt/images',7,'/var/lib/libvirt/images','br0','br1',NULL,NULL,'dedicated',NULL,NULL,NULL,0,0,NULL,NULL,NULL);
/*!40000 ALTER TABLE `vmprofile` ENABLE KEYS */;
UNLOCK TABLES;

--
-- Table structure for table `vmtype`
--

DROP TABLE IF EXISTS `vmtype`;
/*!40101 SET @saved_cs_client     = @@character_set_client */;
/*!40101 SET character_set_client = utf8 */;
CREATE TABLE `vmtype` (
  `id` tinyint(3) unsigned NOT NULL AUTO_INCREMENT,
  `name` varchar(30) NOT NULL,
  PRIMARY KEY (`id`),
  UNIQUE KEY `name` (`name`)
) ENGINE=InnoDB AUTO_INCREMENT=7 DEFAULT CHARSET=latin1;
/*!40101 SET character_set_client = @saved_cs_client */;

--
-- Dumping data for table `vmtype`
--

LOCK TABLES `vmtype` WRITE;
/*!40000 ALTER TABLE `vmtype` DISABLE KEYS */;
INSERT INTO `vmtype` VALUES (1,'vmware'),(5,'vmwareESX3'),(6,'vmwareESXi'),(4,'vmwarefreeserver'),(3,'vmwareGSX'),(2,'xen');
/*!40000 ALTER TABLE `vmtype` ENABLE KEYS */;
UNLOCK TABLES;

--
-- Table structure for table `winKMS`
--

DROP TABLE IF EXISTS `winKMS`;
/*!40101 SET @saved_cs_client     = @@character_set_client */;
/*!40101 SET character_set_client = utf8 */;
CREATE TABLE `winKMS` (
  `affiliationid` mediumint(8) unsigned NOT NULL,
  `address` varchar(50) NOT NULL,
  `port` smallint(5) unsigned NOT NULL DEFAULT '1688',
  UNIQUE KEY `affiliationid_address` (`affiliationid`,`address`),
  CONSTRAINT `winKMS_ibfk_1` FOREIGN KEY (`affiliationid`) REFERENCES `affiliation` (`id`) ON UPDATE CASCADE
) ENGINE=InnoDB DEFAULT CHARSET=latin1;
/*!40101 SET character_set_client = @saved_cs_client */;

--
-- Dumping data for table `winKMS`
--

LOCK TABLES `winKMS` WRITE;
/*!40000 ALTER TABLE `winKMS` DISABLE KEYS */;
/*!40000 ALTER TABLE `winKMS` ENABLE KEYS */;
UNLOCK TABLES;

--
-- Table structure for table `winProductKey`
--

DROP TABLE IF EXISTS `winProductKey`;
/*!40101 SET @saved_cs_client     = @@character_set_client */;
/*!40101 SET character_set_client = utf8 */;
CREATE TABLE `winProductKey` (
  `affiliationid` mediumint(8) unsigned NOT NULL,
  `productname` varchar(100) NOT NULL,
  `productkey` varchar(100) NOT NULL,
  UNIQUE KEY `affiliationid_productname` (`affiliationid`,`productname`),
  CONSTRAINT `winProductKey_ibfk_1` FOREIGN KEY (`affiliationid`) REFERENCES `affiliation` (`id`) ON UPDATE CASCADE
) ENGINE=InnoDB DEFAULT CHARSET=latin1;
/*!40101 SET character_set_client = @saved_cs_client */;

--
-- Dumping data for table `winProductKey`
--

LOCK TABLES `winProductKey` WRITE;
/*!40000 ALTER TABLE `winProductKey` DISABLE KEYS */;
/*!40000 ALTER TABLE `winProductKey` ENABLE KEYS */;
UNLOCK TABLES;

--
-- Table structure for table `xmlrpcLog`
--

DROP TABLE IF EXISTS `xmlrpcLog`;
/*!40101 SET @saved_cs_client     = @@character_set_client */;
/*!40101 SET character_set_client = utf8 */;
CREATE TABLE `xmlrpcLog` (
  `xmlrpcKeyid` mediumint(8) unsigned NOT NULL DEFAULT '0' COMMENT 'this is the userid if apiversion greater than 1',
  `timestamp` datetime NOT NULL DEFAULT '0000-00-00 00:00:00',
  `IPaddress` varchar(15) DEFAULT NULL,
  `method` varchar(60) DEFAULT NULL,
  `apiversion` tinyint(3) unsigned NOT NULL DEFAULT '1',
  `comments` text,
  KEY `xmlrpcKeyid` (`xmlrpcKeyid`),
  KEY `timestamp` (`timestamp`)
) ENGINE=InnoDB DEFAULT CHARSET=latin1;
/*!40101 SET character_set_client = @saved_cs_client */;

--
-- Dumping data for table `xmlrpcLog`
--

LOCK TABLES `xmlrpcLog` WRITE;
/*!40000 ALTER TABLE `xmlrpcLog` DISABLE KEYS */;
/*!40000 ALTER TABLE `xmlrpcLog` ENABLE KEYS */;
UNLOCK TABLES;
/*!40103 SET TIME_ZONE=@OLD_TIME_ZONE */;

/*!40101 SET SQL_MODE=@OLD_SQL_MODE */;
/*!40014 SET FOREIGN_KEY_CHECKS=@OLD_FOREIGN_KEY_CHECKS */;
/*!40014 SET UNIQUE_CHECKS=@OLD_UNIQUE_CHECKS */;
/*!40101 SET CHARACTER_SET_CLIENT=@OLD_CHARACTER_SET_CLIENT */;
/*!40101 SET CHARACTER_SET_RESULTS=@OLD_CHARACTER_SET_RESULTS */;
/*!40101 SET COLLATION_CONNECTION=@OLD_COLLATION_CONNECTION */;
/*!40111 SET SQL_NOTES=@OLD_SQL_NOTES */;

-- Dump completed on 2017-12-14 13:18:19
